item_id,stime,price,name,c0_name,c1_name,c2_name,brand_name,item_condition_id,item_condition_name,shipper_name,observed_price_at_buy_comp,source_shard,moveon_category,moveon_item_type,classification_source,classification_evidence,human_verified,price_risk_flags,training_eligibility,exclusion_reason
223796010,2023-05-01 00:56:34+00:00,13.0,Santa serving set,Home,Seasonal decor,Christmas,Holiday Time,2,Like new,Buyer,13.0,20230501/000000000019.parquet,Kitchen & Dining,Servingware,title_rule,serveware,NO,,INCLUDE,
108325655,2023-05-01 04:05:58+00:00,16.0,boston red sox 5 x 7 picture frame please read profile,Home,Home decor,Picture Frames,,1,New,Buyer,16.0,20230501/000000000074.parquet,Home Decor,Wall Art & Frames,category_mapping_v1_1,Source fine-grained subtype reasonably matches target; spot-check mislabeled listings.,NO,,INCLUDE,
57991283,2023-05-01 05:41:35+00:00,20.0,Gingko Light Baton Smart Motion Censored,Home,Home decor,Home Decor Lighting,,1,New,Buyer,20.0,20230501/000000000019.parquet,Home Decor,Lamp & Lighting,category_mapping_v1_1,Source fine-grained subtype reasonably matches target; spot-check mislabeled listings.,NO,,INCLUDE,
103212416,2023-05-01 13:21:29+00:00,21.0,Peanuts Snoopy Pumpkin Mug,Home,Seasonal decor,Halloween,Peanuts,1,New,Buyer,21.0,20230501/000000000109.parquet,Kitchen & Dining,Mugs & Cups,title_rule,mugs,NO,,INCLUDE,
48000103,2023-05-01 13:39:52+00:00,75.0,McCarty Pottery,Home,Home decor,Home decor accents,,2,Like new,Buyer,75.0,20230501/000000000003.parquet,Home Decor,Decorative Accessories,title_rule,decorative_accessory,NO,,INCLUDE,
5675250,2023-05-01 16:16:23+00:00,61.0,Tumbler,Home,Kitchen Drinkware,Tumblers,Stanley,1,New,Buyer,61.0,20230501/000000000306.parquet,Kitchen & Dining,Bottles & Tumblers,category_mapping_v1_1,Drinkware group; brands/collectibles may strongly affect price.,NO,,INCLUDE,
60761930,2023-05-01 16:19:51+00:00,20.0,Waverly rod pocket panels Williamsburg Garden Images,Home,Home decor,Window treatments,Waverly,1,New,Buyer,20.0,20230501/000000000109.parquet,Home Decor,Curtains & Window Treatments,category_mapping_v1_1,Source fine-grained subtype reasonably matches target; spot-check mislabeled listings.,NO,,INCLUDE,
110508115,2023-05-01 18:01:30+00:00,9.0,Bento box,Home,Kitchen Storage,Food Storage Containers,,2,Like new,Buyer,9.0,20230501/000000000019.parquet,Kitchen & Dining,Food Storage,category_mapping_v1_1,Storage containers/canisters; confirm reusable physical goods.,NO,,INCLUDE,
38320615,2023-05-01 19:08:30+00:00,43.0,Stanley Adventure Quencher,Home,Kitchen Drinkware,Travel Mugs,Stanley,1,New,Buyer,43.0,20230501/000000000109.parquet,Kitchen & Dining,Bottles & Tumblers,category_mapping_v1_1,Drinkware group; brands/collectibles may strongly affect price.,NO,,INCLUDE,
75190363,2023-05-01 20:09:10+00:00,21.0,NWT Rae Dunn Halloween Mug and Topper,Home,Kitchen Drinkware,Coffee Mugs,Rae Dunn,1,New,Buyer,21.0,20230501/000000000003.parquet,Kitchen & Dining,Mugs & Cups,category_mapping_v1_1,Drinkware group; include title for price distinctions.,NO,,INCLUDE,
164958195,2023-05-01 20:21:18+00:00,39.0,Christopher Radko “Crescent Moon Christmas” Glass Ornament,Home,Seasonal decor,Christmas,Christopher Radko,1,New,Buyer,39.0,20230501/000000000306.parquet,Home Decor,Seasonal Decorations,title_rule,seasonal_object,NO,,INCLUDE,
169241055,2023-05-01 20:23:16+00:00,25.0,6 Pack Dusty Blue Cheesecloth Table Runner Gauze Table Runner 10FT Long Semi-She,Home,Home decor,Home decor accents,,1,New,Seller,25.0,20230501/000000000019.parquet,Kitchen & Dining,Kitchen & Table Linens,title_rule,table_linens,NO,,INCLUDE,
18239647,2023-05-01 20:42:22+00:00,55.0,Opalhouse Blush Velvet Curtain Panel with Orange Tassels 54x84 2 panels !!!,Home,Home decor,Window treatments,Opalhouse,1,New,Buyer,55.0,20230501/000000000074.parquet,Home Decor,Curtains & Window Treatments,category_mapping_v1_1,Source fine-grained subtype reasonably matches target; spot-check mislabeled listings.,NO,,INCLUDE,
131883888,2023-05-01 20:47:07+00:00,14.0,Lenox ornaments- Bear and Penguin.,Home,Seasonal decor,Christmas,Lenox,1,New,Buyer,14.0,20230501/000000000301.parquet,Home Decor,Seasonal Decorations,title_rule,seasonal_object,NO,,INCLUDE,
167395545,2023-05-02 00:06:41+00:00,13.0,Reversible comforter,Home,Bedding,Comforter Sets,Opalhouse,3,Good,Buyer,13.0,20230501/000000000019.parquet,Bedding & Bath,Blankets & Comforters,category_mapping_v1_1,Bedding textile group.,NO,,INCLUDE,
206775249,2023-05-02 01:21:55+00:00,24.0,Opalhouse Designed with Jungalow Scalloped Edge Terracotta Euro Pillow Sham,Home,Bedding,Shams,Opalhouse,1,New,Buyer,24.0,20230501/000000000074.parquet,Bedding & Bath,Sheets & Pillowcases,category_mapping_v1_1,Textiles; confirm exact set composition.,NO,,INCLUDE,
35828414,2023-05-02 02:22:16+00:00,30.0,Rae Dunn Marshmallow and Cocoa Set,Home,Kitchen Drinkware,Coffee Mugs,Rae Dunn,1,New,Buyer,30.0,20230501/000000000109.parquet,Kitchen & Dining,Mugs & Cups,category_mapping_v1_1,Drinkware group; include title for price distinctions.,NO,,INCLUDE,
115735355,2023-05-02 02:33:13+00:00,15.0,Water bottle,Home,Kitchen Drinkware,Water Bottles,,1,New,Seller,15.0,20230501/000000000068.parquet,Kitchen & Dining,Bottles & Tumblers,category_mapping_v1_1,Drinkware group; brands/collectibles may strongly affect price.,NO,,INCLUDE,
179544345,2023-05-02 02:44:20+00:00,35.0,Billie Eilish Blosh Hot Topic Blanket,Home,Bedding,Blankets,Hot Topic,1,New,Buyer,35.0,20230501/000000000068.parquet,Bedding & Bath,Blankets & Comforters,category_mapping_v1_1,Bedding textile group.,NO,,INCLUDE,
150535671,2023-05-02 02:46:31+00:00,80.0,Royal  luxe goose  and down comforter,Home,Bedding,Comforters,,1,New,Buyer,80.0,20230501/000000000068.parquet,Bedding & Bath,Blankets & Comforters,category_mapping_v1_1,Bedding textile group.,NO,,INCLUDE,
177153587,2023-05-02 15:31:58+00:00,5.0,Rae Dunn Mermaid mug,Home,Kitchen Coffee & Espresso Makers,,Rae Dunn,1,New,Buyer,5.0,20230501/000000000074.parquet,Kitchen & Dining,Mugs & Cups,title_rule,mugs,NO,,INCLUDE,
150400903,2023-05-02 15:51:49+00:00,15.0,Better Home & Gardens Birchwood Bonfire Wax Melt Cubes 4 Pack,Home,Home decor,Wax Melts,Better Homes & Gardens,1,New,Buyer,15.0,20230501/000000000003.parquet,Home Decor,Home Fragrance,title_rule,home_fragrance,NO,,INCLUDE,
226209715,2023-05-02 17:49:09+00:00,58.0,Stanley Adventure Quencher 40 oz Rose Quartz Glow 2.0,Home,Kitchen Drinkware,Tumblers,Stanley,1,New,Buyer,58.0,20230501/000000000109.parquet,Kitchen & Dining,Bottles & Tumblers,category_mapping_v1_1,Drinkware group; brands/collectibles may strongly affect price.,NO,,INCLUDE,
48551402,2023-05-02 17:58:41+00:00,7.0,Rae Dunn Pray mug,Home,Kitchen Drinkware,Coffee Mugs,Rae Dunn,1,New,Buyer,7.0,20230501/000000000301.parquet,Kitchen & Dining,Mugs & Cups,category_mapping_v1_1,Drinkware group; include title for price distinctions.,NO,,INCLUDE,
97384837,2023-05-02 21:04:23+00:00,30.0,KitchenAid Hand Blender - Silver,Home,Home appliances,Kitchen appliances,KitchenAid,3,Good,Seller,30.0,20230501/000000000084.parquet,Appliances,Kitchen Appliance,title_rule,kitchen_appliance,NO,,INCLUDE,
68609238,2023-05-02 21:18:53+00:00,14.0,Goose creek poison cupcake candle,Home,Home decor,Home Candles,Goose Creek,1,New,Buyer,14.0,20230501/000000000306.parquet,Home Decor,Candles,title_rule,candle,NO,,INCLUDE,
80092273,2023-05-02 23:14:51+00:00,49.0,Farberware Open Hearth Broiler Rotisserie Mod 455N Electric Indoor Grill Tested,Home,Kitchen Small Appliances,Other Small Appliances,Farberware,3,Good,Buyer,49.0,20230501/000000000019.parquet,Appliances,Kitchen Appliance,title_rule,kitchen_appliance,NO,,INCLUDE,
1117803,2023-05-02 23:28:15+00:00,34.0,BUNN,Home,Kitchen Coffee & Espresso Makers,Filter Coffee Machines,BUNN,3,Good,Buyer,34.0,20230501/000000000019.parquet,Appliances,Coffee & Espresso Machine,category_mapping_v1_1,Coffee machine/grinder; inspect non-electric items and parts.,NO,,INCLUDE,
197723960,2023-05-03 14:43:41+00:00,4.0,Lady head vase,Home,Home decor,Vases,,1,New,Buyer,4.0,20230501/000000000074.parquet,Home Decor,Decorative Accessories,category_mapping_v1_1,Source fine-grained subtype reasonably matches target; spot-check mislabeled listings.,NO,,INCLUDE,
26611169,2023-05-03 17:35:27+00:00,8.0,Scentsy perk me up wax bar,Home,Home decor,Home fragrance,Scentsy,1,New,Buyer,8.0,20230501/000000000109.parquet,Home Decor,Home Fragrance,title_rule,home_fragrance,NO,,INCLUDE,
149420657,2023-05-03 19:42:06+00:00,15.0,"The Pioneer Woman Cassie Glass Canister 3 Pc Set, Rose",Home,Kitchen Storage,Kitchen Canisters,Pioneer Woman,1,New,Buyer,15.0,20230501/000000000003.parquet,Kitchen & Dining,Food Storage,category_mapping_v1_1,Storage containers/canisters; confirm reusable physical goods.,NO,,INCLUDE,
174232876,2023-05-03 20:14:19+00:00,11.0,Blanket,Home,Bedding,Quilts,,3,Good,Buyer,11.0,20230501/000000000068.parquet,Bedding & Bath,Blankets & Comforters,category_mapping_v1_1,Bedding textile group.,NO,,INCLUDE,
216771477,2023-05-03 23:56:08+00:00,24.0,"Christmas Tree & Wreath Glasses Christmas By Carlton, Double Old Fashion Glasses",Home,Kitchen Barware,Bar Glasses,Carlton,3,Good,Buyer,24.0,20230501/000000000131.parquet,Kitchen & Dining,Mugs & Cups,category_mapping_v1_1,Drinkware subtype; inspect collectibles/sets.,NO,,INCLUDE,
77735156,2023-05-04 00:20:05+00:00,55.0,Starbucks recycled glass mug,Home,Kitchen Drinkware,Tumblers,Starbucks,1,New,Buyer,55.0,20230501/000000000074.parquet,Kitchen & Dining,Bottles & Tumblers,category_mapping_v1_1,Drinkware group; brands/collectibles may strongly affect price.,NO,,INCLUDE,
157388971,2023-05-04 00:47:03+00:00,152.0,LAST ONE Metal Lighthouse Floor Lamp Nautical,Home,Home decor,Home decor accents,,1,New,Buyer,152.0,20230501/000000000306.parquet,Home Decor,Lamp & Lighting,title_rule,lamp,NO,,INCLUDE,
13031068,2023-05-04 00:51:55+00:00,57.0,Hello Kitty Rug,Home,Home decor,Area Rugs,,2,Like new,Buyer,57.0,20230501/000000000301.parquet,Home Decor,Rug & Mat,category_mapping_v1_1,Source fine-grained subtype reasonably matches target; spot-check mislabeled listings.,NO,,INCLUDE,
167695443,2023-05-04 01:23:11+00:00,80.0,New Stanley orchid soft touch h2 .0 FlowState Tumbler 30oz,Home,Kitchen Drinkware,Tumblers,Stanley,1,New,Buyer,80.0,20230501/000000000306.parquet,Kitchen & Dining,Bottles & Tumblers,category_mapping_v1_1,Drinkware group; brands/collectibles may strongly affect price.,NO,,INCLUDE,
240248031,2023-05-04 02:42:08+00:00,8.0,Sloth Cup,Home,Kitchen Drinkware,Tumblers,,2,Like new,Buyer,8.0,20230501/000000000074.parquet,Kitchen & Dining,Bottles & Tumblers,category_mapping_v1_1,Drinkware group; brands/collectibles may strongly affect price.,NO,,INCLUDE,
196674422,2023-05-04 03:48:51+00:00,10.0,DIsney Mickey Mouse LED Mood Light,Home,Kids' home store,Kids' room décor,Disney,1,New,Buyer,10.0,20230501/000000000003.parquet,Home Decor,Lamp & Lighting,title_rule,lamp,NO,,INCLUDE,
77658978,2023-05-04 15:10:55+00:00,24.0,"4 -layer kitchen cart, white",Home,Storage & organization,Storage Drawers,,1,New,Seller,24.0,20230501/000000000019.parquet,Storage & Organization,Storage Shelves & Racks,category_mapping_v1_1,"Check titles: several storage subtypes include empty gift boxes, bags, or hardware components.",NO,,INCLUDE,
199178795,2023-05-04 18:14:34+00:00,46.0,Hamilton Beach Sure-Crisp Air Fryer Toaster Oven,Home,Home appliances,Kitchen appliances,Hamilton Beach,1,New,Seller,46.0,20230501/000000000003.parquet,Appliances,Kitchen Appliance,title_rule,kitchen_appliance,NO,,INCLUDE,
224656012,2023-05-05 01:01:28+00:00,7.0,Mini Potted Fake Plants Eucalyptus,Home,Home decor,Home decor accents,,1,New,Buyer,7.0,20230501/000000000068.parquet,Home Decor,Decorative Accessories,title_rule,decorative_accessory,NO,,INCLUDE,
238859897,2023-05-05 01:01:59+00:00,45.0,Milk Mocha reading Poster,Home,Artwork,Art Prints,,1,New,Buyer,45.0,20230501/000000000300.parquet,Home Decor,Wall Art & Frames,category_mapping_v1_1,Wall art/prints; collectibles may be price outliers.,NO,,INCLUDE,
65251142,2023-05-05 01:33:43+00:00,19.0,Tupperware Cake Taker,Home,Kitchen Dinnerware,,Tupperware,3,Good,Buyer,19.0,20230501/000000000306.parquet,Kitchen & Dining,Food Storage,title_rule,food_storage,NO,,INCLUDE,
83482979,2023-05-05 02:35:14+00:00,20.0,Path Squidward water bottle,Home,Kitchen Drinkware,Water Bottles,SpongeBob Squarepants,1,New,Buyer,20.0,20230501/000000000074.parquet,Kitchen & Dining,Bottles & Tumblers,category_mapping_v1_1,Drinkware group; brands/collectibles may strongly affect price.,NO,,INCLUDE,
100877769,2023-05-05 11:47:46+00:00,8.0,Wine charms,Home,Kitchen Barware,Wine Glasses,Rainbow Collection,1,New,Buyer,8.0,20230501/000000000306.parquet,Kitchen & Dining,Mugs & Cups,category_mapping_v1_1,Drinkware subtype; inspect collectibles/sets.,NO,,INCLUDE,
127663982,2023-05-05 12:26:37+00:00,10.0,Scorpio Mug,Home,Kitchen Coffee & Espresso Makers,,,2,Like new,Buyer,10.0,20230501/000000000306.parquet,Kitchen & Dining,Mugs & Cups,reviewer_qc,Reviewed sample decision,YES,,INCLUDE,
14438752,2023-05-05 12:36:28+00:00,8.0,Scentsy Scent Circles Set of 2,Home,Home decor,Home fragrance,Scentsy,1,New,Buyer,8.0,20230501/000000000074.parquet,Home Decor,Home Fragrance,title_rule,home_fragrance,NO,,INCLUDE,
211491069,2023-05-05 12:38:11+00:00,12.0,"Scentsy  Churro, Churro! Room Spray",Home,Home decor,Home fragrance,Scentsy,1,New,Buyer,12.0,20230501/000000000074.parquet,Home Decor,Home Fragrance,title_rule,home_fragrance,NO,,INCLUDE,
62765520,2023-05-05 12:38:58+00:00,16.0,Rae Dunn Hello Summer Mug,Home,Kitchen Drinkware,Coffee Mugs,Rae Dunn,1,New,Buyer,16.0,20230501/000000000068.parquet,Kitchen & Dining,Mugs & Cups,category_mapping_v1_1,Drinkware group; include title for price distinctions.,NO,,INCLUDE,
115268530,2023-05-05 12:39:20+00:00,6.0,Rae Dunn “Sun Seeker” Yellow Mug,Home,Kitchen Drinkware,Coffee Mugs,Rae Dunn,1,New,Buyer,6.0,20230501/000000000068.parquet,Kitchen & Dining,Mugs & Cups,category_mapping_v1_1,Drinkware group; include title for price distinctions.,NO,,INCLUDE,
243594643,2023-05-05 13:22:08+00:00,33.0,Disney Parks 25th Anniversary Birthday,Home,Kitchen Drinkware,Coffee Mugs,Disney,1,New,Buyer,33.0,20230501/000000000074.parquet,Kitchen & Dining,Mugs & Cups,category_mapping_v1_1,Drinkware group; include title for price distinctions.,NO,,INCLUDE,
236915699,2023-05-05 15:56:44+00:00,28.0,Kenmore hose bu40xx,Home,Home appliances,Vacuums,Kenmore,1,New,Buyer,28.0,20230501/000000000068.parquet,Appliances,Vacuum,category_mapping_v1_1,Some listings are accessories/parts; flag during title QC.,NO,,INCLUDE,
5910833,2023-05-05 19:43:19+00:00,47.0,Starbucks 2023 Recycled Mint Triangle Glass Cold Cup,Home,Kitchen Drinkware,Tumblers,Starbucks,1,New,Buyer,47.0,20230501/000000000074.parquet,Kitchen & Dining,Bottles & Tumblers,category_mapping_v1_1,Drinkware group; brands/collectibles may strongly affect price.,NO,,INCLUDE,
115471951,2023-05-05 23:28:26+00:00,10.0,Conair Clothes Steamer,Home,Home appliances,Garment steamers,Conair,2,Like new,Buyer,10.0,20230501/000000000003.parquet,Appliances,Iron & Steamer,category_mapping_v1_1,Recognizable appliance subtype.,NO,,INCLUDE,
23319784,2023-05-06 06:01:00+00:00,12.0,Fire King mug set,Home,Kitchen Drinkware,Coffee Mugs,Fire King,3,Good,Buyer,12.0,20230501/000000000131.parquet,Kitchen & Dining,Mugs & Cups,category_mapping_v1_1,Drinkware group; include title for price distinctions.,NO,,INCLUDE,
207655922,2023-05-06 07:04:52+00:00,125.0,Midnight-Black wolf,Home,Artwork,Paintings,,1,New,Buyer,125.0,20230501/000000000109.parquet,Home Decor,Wall Art & Frames,category_mapping_v1_1,Wall art/prints; collectibles may be price outliers.,NO,,INCLUDE,
67810762,2023-05-06 14:21:45+00:00,11.0,BATH& BODY WORKS WINTER CANDLE APPLE SET,Home,Home decor,Home Candles,Bath & Body Works,1,New,Seller,11.0,20230501/000000000084.parquet,Home Decor,Candles,title_rule,candle,NO,,INCLUDE,
219955937,2023-05-06 14:42:29+00:00,20.0,Pfaltzgraff WINDSONG Rim Cereal Bowl (s) set of 7Pink Blue Flowers Stoneware,Home,Kitchen Dinnerware,,Pfaltzgraff,3,Good,Buyer,20.0,20230501/000000000003.parquet,Kitchen & Dining,Dinnerware,title_rule,dinnerware,NO,,INCLUDE,
57612957,2023-05-06 17:23:06+00:00,24.0,40x24 inch bath rug Wamsutta Purple color,Home,Bath,Bath rugs,,1,New,Buyer,24.0,20230501/000000000084.parquet,Home Decor,Rug & Mat,category_mapping_v1_1,Bath mat/rug.,NO,,INCLUDE,
159474772,2023-05-06 18:16:01+00:00,20.0,panic at the disco poster,Home,Artwork,Posters,,4,Fair,Buyer,20.0,20230501/000000000301.parquet,Home Decor,Wall Art & Frames,category_mapping_v1_1,Wall art/prints; collectibles may be price outliers.,NO,,INCLUDE,
167128862,2023-05-06 19:01:58+00:00,16.0,Fantastic Angel of Death Statue by Transpac perfect for your Halloween display 1,Home,Seasonal decor,Valentine,,3,Good,Buyer,16.0,20230501/000000000003.parquet,Home Decor,Decorative Accessories,title_rule,decorative_accessory,NO,,INCLUDE,
181949159,2023-05-06 20:26:18+00:00,130.0,B2 Tapestry Doujin Goods Anime Girl Amairo Chocolate Misono Ichika,Home,Artwork,Posters,Customized & Personalized,2,Like new,Buyer,130.0,20230501/000000000019.parquet,Home Decor,Wall Art & Frames,category_mapping_v1_1,Wall art/prints; collectibles may be price outliers.,NO,,INCLUDE,
60229140,2023-05-06 21:31:27+00:00,13.0,Salt n pepa shakers,Home,Kitchen Gadgets & Tools,Salt & Pepper Shakers,Handmade,1,New,Buyer,13.0,20230501/000000000084.parquet,Kitchen & Dining,Kitchen Utensils & Tools,category_mapping_v1_1,Reusable kitchen utensil/tool subtype; spot-check individual listings.,NO,,INCLUDE,
43889527,2023-05-06 22:35:21+00:00,25.0,Large Resin Finch Figures Set of 2 in Different Poses Spring Summer Easter Decor,Home,Seasonal decor,Easter,,1,New,Buyer,25.0,20230501/000000000019.parquet,Home Decor,Seasonal Decorations,title_rule,seasonal_object,NO,,INCLUDE,
24122322,2023-05-07 04:50:54+00:00,50.0,Super mario christmas ornaments,Home,Seasonal decor,Christmas,Nintendo,1,New,Buyer,50.0,20230501/000000000300.parquet,Home Decor,Seasonal Decorations,title_rule,seasonal_object,NO,,INCLUDE,
41054950,2023-05-07 15:44:23+00:00,11.0,Set Of 4 Cloth Fabric Placemats Golden Yellow Rectangle,Home,Kitchen & Table Linens,Kitchen Table Placemats,,3,Good,Buyer,11.0,20230501/000000000068.parquet,Kitchen & Dining,Kitchen & Table Linens,category_mapping_v1_1,Kitchen linens; title may be seasonal-themed but item is reusable.,NO,,INCLUDE,
209109253,2023-05-07 16:39:05+00:00,30.0,PINK Decrotive Pillow,Home,Home decor,Decorative pillows,PINK,2,Like new,Seller,30.0,20230501/000000000068.parquet,Home Decor,Decorative Pillow,category_mapping_v1_1,Source fine-grained subtype reasonably matches target; spot-check mislabeled listings.,NO,,INCLUDE,
157063826,2023-05-07 16:43:20+00:00,18.0,GX Gatorade Christian Pulisic Bottle NWT,Home,Kitchen Drinkware,Water Bottles,Gatorade,1,New,Buyer,18.0,20230501/000000000019.parquet,Kitchen & Dining,Bottles & Tumblers,category_mapping_v1_1,Drinkware group; brands/collectibles may strongly affect price.,NO,,INCLUDE,
192483937,2023-05-07 23:27:34+00:00,39.0,California King Oversized Quilt Set - Purple,Home,Bedding,Quilts,South Shore,1,New,Seller,39.0,20230501/000000000068.parquet,Bedding & Bath,Blankets & Comforters,category_mapping_v1_1,Bedding textile group.,NO,,INCLUDE,
180008653,2023-05-07 23:28:34+00:00,33.0,Laura Ashley king quilt set,Home,Home decor,Window treatments,Laura Ashley,3,Good,Buyer,33.0,20230501/000000000068.parquet,Home Decor,Curtains & Window Treatments,category_mapping_v1_1,Source fine-grained subtype reasonably matches target; spot-check mislabeled listings.,NO,,INCLUDE,
152830879,2023-05-08 03:11:10+00:00,15.0,Plug in Chandelier Night Light,Home,Home decor,Home Decor Lighting,,3,Good,Buyer,15.0,20230501/000000000109.parquet,Home Decor,Lamp & Lighting,category_mapping_v1_1,Source fine-grained subtype reasonably matches target; spot-check mislabeled listings.,NO,,INCLUDE,
65862228,2023-05-08 15:34:47+00:00,10.0,Rae Dunn mugs,Home,Kitchen Coffee & Espresso Makers,,Rae Dunn,2,Like new,Buyer,10.0,20230501/000000000084.parquet,Kitchen & Dining,Mugs & Cups,title_rule,mugs,NO,,INCLUDE,
189158619,2023-05-08 19:41:18+00:00,40.0,Set of 6 Rodolfo Padilla mugs with stand,Home,Kitchen Dinnerware,,,2,Like new,Buyer,40.0,20230501/000000000074.parquet,Kitchen & Dining,Mugs & Cups,title_rule,mugs,NO,,INCLUDE,
112558955,2023-05-09 00:24:15+00:00,15.0,Beautiful gold frame mirror,Home,Home decor,Home decor accents,,2,Like new,Buyer,15.0,20230501/000000000306.parquet,Home Decor,Mirror,title_rule,mirror,NO,,INCLUDE,
191481683,2023-05-09 21:42:04+00:00,17.0,Fashion Interiors summer beach theme cotton tablecloth 60x84 shells birds floral,Home,Home decor,Other,Unique Vintage,2,Like new,Buyer,17.0,20230501/000000000074.parquet,Kitchen & Dining,Kitchen & Table Linens,title_rule,table_linens,NO,,INCLUDE,
56491150,2023-05-10 21:09:12+00:00,28.0,Tupperware Modular Mates Super Cereal St,Home,Storage & organization,Kitchen storage & organization,Tupperware,1,New,Buyer,28.0,20230501/000000000084.parquet,Kitchen & Dining,Food Storage,title_rule,food_storage,NO,,INCLUDE,
75218655,2023-05-11 01:31:43+00:00,18.0,"Fortessa Still 18/10 Stainless Steel Flatware Solid Handle Table Knife, 12",Home,Kitchen Flatware,Flatware Sets,Fortessa,1,New,Buyer,18.0,20230501/000000000003.parquet,Kitchen & Dining,Kitchen Utensils & Tools,category_mapping_v1_1,Reusable kitchen utensil/tool subtype; spot-check individual listings.,NO,,INCLUDE,
30037540,2023-05-11 01:48:51+00:00,16.0,Pfaltzgraff pearl pattern handle 4 soup spoons,Home,Kitchen Flatware,Table Spoons,Pfaltzgraff,3,Good,Buyer,16.0,20230501/000000000003.parquet,Kitchen & Dining,Kitchen Utensils & Tools,category_mapping_v1_1,Reusable kitchen utensil/tool subtype; spot-check individual listings.,NO,,INCLUDE,
189199918,2023-05-11 05:21:14+00:00,150.0,New In Box Seiko Melodies In Motion Wall Clock Swarovsk 12 Songs-6 Xmas,Home,Home decor,Clocks,Seiko,1,New,Buyer,150.0,20230501/000000000306.parquet,Home Decor,Clock,category_mapping_v1_1,Source fine-grained subtype reasonably matches target; spot-check mislabeled listings.,NO,,INCLUDE,
137183752,2023-05-11 08:24:14+00:00,16.0,Bath and Body Works Candle,Home,Home decor,Home Candles,Bath & Body Works,1,New,Buyer,16.0,20230501/000000000068.parquet,Home Decor,Candles,title_rule,candle,NO,,INCLUDE,
39902660,2023-05-11 11:14:14+00:00,100.0,Winsome Wood Claire Accent Table-Walnut,Home,Living Room Furniture,Coffee Tables,Winsome Wood,2,Like new,Seller,100.0,20230501/000000000074.parquet,Furniture,Table,category_mapping_v1_1,Tables; verify individual listings.,NO,,INCLUDE,
12643894,2023-05-11 17:56:57+00:00,5.0,Bear Metal Frame,Home,Home decor,Picture Frames,,3,Good,Buyer,5.0,20230501/000000000074.parquet,Home Decor,Wall Art & Frames,category_mapping_v1_1,Source fine-grained subtype reasonably matches target; spot-check mislabeled listings.,NO,,INCLUDE,
132437486,2023-05-11 19:15:26+00:00,9.0,serving platter,Home,Kitchen Serveware,Serving Bowls,Boutique,1,New,Buyer,9.0,20230501/000000000131.parquet,Kitchen & Dining,Servingware,category_mapping_v1_1,Recognizable reusable servingware subtype; individual listings can still be misclassified.,NO,,INCLUDE,
201673583,2023-05-11 21:04:44+00:00,12.0,Rae Dunn Espresso Mugs,Home,Kitchen Drinkware,Coffee Mugs,Rae Dunn,1,New,Buyer,12.0,20230501/000000000074.parquet,Kitchen & Dining,Mugs & Cups,category_mapping_v1_1,Drinkware group; include title for price distinctions.,NO,,INCLUDE,
96108739,2023-05-12 12:59:55+00:00,68.0,BRAND NEW Stanley Tumbler H2.0 Flowstate 40oz Quencher Tumbler - Peach Tie Dye,Home,Kitchen Drinkware,Tumblers,Stanley,1,New,Buyer,68.0,20230501/000000000068.parquet,Kitchen & Dining,Bottles & Tumblers,category_mapping_v1_1,Drinkware group; brands/collectibles may strongly affect price.,NO,,INCLUDE,
63909956,2023-05-12 16:15:16+00:00,24.0,Starbucks NEW Pearl Mermaid Tumbler,Home,Kitchen Drinkware,Tumblers,Starbucks,1,New,Buyer,24.0,20230501/000000000019.parquet,Kitchen & Dining,Bottles & Tumblers,category_mapping_v1_1,Drinkware group; brands/collectibles may strongly affect price.,NO,,INCLUDE,
42941429,2023-05-12 19:53:43+00:00,13.0,table lamps,Home,Home decor,Home Decor Lamps,,3,Good,Buyer,13.0,20230501/000000000300.parquet,Home Decor,Lamp & Lighting,category_mapping_v1_1,Source fine-grained subtype reasonably matches target; spot-check mislabeled listings.,NO,,INCLUDE,
125459882,2023-05-12 20:33:35+00:00,28.0,Handmade II Nodo Ceramiche Italian Vegetable Nesting Bowls Set 2,Home,Kitchen Dinnerware,,,3,Good,Buyer,28.0,20230501/000000000074.parquet,Kitchen & Dining,Dinnerware,title_rule,dinnerware,NO,,INCLUDE,
16288851,2023-05-12 22:25:20+00:00,6.0,RAPUNZEL cookie cutter 4475,Home,Kitchen Bakeware,,,1,New,Buyer,6.0,20230501/000000000019.parquet,Kitchen & Dining,Bakeware,reviewer_qc,Reviewed sample decision,YES,,INCLUDE,
145650402,2023-05-12 22:25:43+00:00,15.0,Disney tangled cookie cutter set 1255,Home,Kitchen Baking & Cake Accessories,Cookie Cutters,,1,New,Buyer,15.0,20230501/000000000019.parquet,Kitchen & Dining,Bakeware,category_mapping_v1_1,Reusable baking accessory.,NO,,INCLUDE,
31576195,2023-05-13 08:41:29+00:00,17.0,Lunchbox,Home,Kitchen Storage,Food Storage Containers,,2,Like new,Buyer,17.0,20230501/000000000068.parquet,Kitchen & Dining,Food Storage,category_mapping_v1_1,Storage containers/canisters; confirm reusable physical goods.,NO,,INCLUDE,
241026006,2023-05-13 17:52:31+00:00,34.0,Pioneer woman Beaded Wall Clock brand new!,Home,Home decor,,Pioneer Woman,1,New,Buyer,34.0,20230501/000000000109.parquet,Home Decor,Clock,title_rule,clock,NO,,INCLUDE,
83140843,2023-05-13 17:54:04+00:00,100.0,2007 Jim Shore “Fly With Me For A Spell” Halloween Witch Resin Figurine,Home,Seasonal decor,Halloween,Jim Shore,2,Like new,Buyer,100.0,20230501/000000000300.parquet,Home Decor,Decorative Accessories,title_rule,decorative_accessory,NO,,INCLUDE,
226460799,2023-05-13 21:10:58+00:00,70.0,NWT Stanley 40oz Flowstate Quencher H2.0 Tumbler in Rose Quartz Swirl,Home,Kitchen Drinkware,Tumblers,Stanley,1,New,Buyer,70.0,20230501/000000000003.parquet,Kitchen & Dining,Bottles & Tumblers,category_mapping_v1_1,Drinkware group; brands/collectibles may strongly affect price.,NO,,INCLUDE,
223968103,2023-05-13 21:16:30+00:00,25.0,2 Boxes Rattan String Lights,Home,Home decor,Home Decor Lighting,Better Homes & Gardens,1,New,Buyer,25.0,20230501/000000000306.parquet,Home Decor,Lamp & Lighting,category_mapping_v1_1,Source fine-grained subtype reasonably matches target; spot-check mislabeled listings.,NO,,INCLUDE,
35783668,2023-05-13 21:21:25+00:00,7.0,Rae Dunn DAVID Mug,Home,Kitchen Drinkware,Coffee Mugs,Rae Dunn,3,Good,Buyer,7.0,20230501/000000000084.parquet,Kitchen & Dining,Mugs & Cups,category_mapping_v1_1,Drinkware group; include title for price distinctions.,NO,,INCLUDE,
36641158,2023-05-13 21:24:57+00:00,12.0,Rae Dunn Emily Mug,Home,Kitchen Coffee & Espresso Makers,,Rae Dunn,1,New,Buyer,12.0,20230501/000000000084.parquet,Kitchen & Dining,Mugs & Cups,title_rule,mugs,NO,,INCLUDE,
160082650,2023-05-14 00:55:09+00:00,10.0,Grey Gardens Poster,Home,Artwork,Posters,,1,New,Seller,10.0,20230501/000000000301.parquet,Home Decor,Wall Art & Frames,category_mapping_v1_1,Wall art/prints; collectibles may be price outliers.,NO,,INCLUDE,
53781360,2023-05-14 02:57:39+00:00,42.0,Starbucks ★ mint triangle 100% recycled glass tumbler ♪♪,Home,Kitchen Drinkware,Tumblers,Starbucks,1,New,Buyer,42.0,20230501/000000000084.parquet,Kitchen & Dining,Bottles & Tumblers,category_mapping_v1_1,Drinkware group; brands/collectibles may strongly affect price.,NO,,INCLUDE,
224837777,2023-05-14 10:05:02+00:00,17.0,Utilitech Electric Space Heater,Home,Home appliances,Space heaters,,2,Like new,Buyer,17.0,20230501/000000000068.parquet,Appliances,Air Care & Climate,title_rule,air_care,NO,,INCLUDE,
219484691,2023-05-14 14:58:52+00:00,12.0,"4 Embroidered Pillowcases, white",Home,Bedding,Bed Sheets,,1,New,Seller,12.0,20230501/000000000306.parquet,Bedding & Bath,Sheets & Pillowcases,category_mapping_v1_1,Textiles; confirm exact set composition.,NO,,INCLUDE,
73083783,2023-05-14 15:43:18+00:00,9.0,Justice Unisex Colorful Emoji Hooded Blanket Robe,Home,Kids' home store,Kids' bedding,Justice,3,Good,Buyer,9.0,20230501/000000000109.parquet,Bedding & Bath,Blankets & Comforters,title_rule,blankets,NO,,INCLUDE,
68838664,2023-05-14 16:00:15+00:00,6.0,Sandalwood & Sea Candle,Home,Home decor,Home Candles,Foundry,1,New,Buyer,6.0,20230501/000000000306.parquet,Home Decor,Candles,title_rule,candle,NO,,INCLUDE,
3509814,2023-05-14 18:34:35+00:00,18.0,NEW TUPPERWARE IDEAL LITTLE BOWL SET,Home,Kitchen Storage,Food Storage Containers,Tupperware,1,New,Buyer,18.0,20230501/000000000068.parquet,Kitchen & Dining,Food Storage,category_mapping_v1_1,Storage containers/canisters; confirm reusable physical goods.,NO,,INCLUDE,
166907917,2023-05-14 22:16:01+00:00,12.0,Tapestry arts & architecture,Home,Home decor,Tapestries,,1,New,Buyer,12.0,20230501/000000000003.parquet,Home Decor,Wall Art & Frames,category_mapping_v1_1,Source fine-grained subtype reasonably matches target; spot-check mislabeled listings.,NO,,INCLUDE,
181769882,2023-05-14 22:48:32+00:00,30.0,NEW VTG 1993 Thermos Coffee Carafe Gift Set Pitcher Mugs Hot and Cold Beverage,Home,Kitchen Drinkware,Coffee Mugs,Thermos,1,New,Buyer,30.0,20230501/000000000068.parquet,Kitchen & Dining,Mugs & Cups,category_mapping_v1_1,Drinkware group; include title for price distinctions.,NO,,INCLUDE,
189687341,2023-05-15 15:17:12+00:00,40.0,Christopher Radko “60 Years Of The Stones” Glass Ornament,Home,Seasonal decor,Christmas,Christopher Radko,1,New,Buyer,40.0,20230501/000000000306.parquet,Home Decor,Seasonal Decorations,title_rule,seasonal_object,NO,,INCLUDE,
8285735,2023-05-15 15:20:29+00:00,36.0,Christopher Radko “A Little Bird Told Me” Glass Ornament,Home,Seasonal decor,Christmas,Christopher Radko,1,New,Buyer,36.0,20230501/000000000306.parquet,Home Decor,Seasonal Decorations,title_rule,seasonal_object,NO,,INCLUDE,
145388777,2023-05-15 16:45:17+00:00,10.0,Slush monster,Home,Kitchen Drinkware,Water Bottles,,5,Poor,Seller,10.0,20230501/000000000074.parquet,Kitchen & Dining,Bottles & Tumblers,category_mapping_v1_1,Drinkware group; brands/collectibles may strongly affect price.,NO,,INCLUDE,
152407387,2023-05-15 18:51:15+00:00,16.0,Rae Dunn Hocus Pocus canister,Home,Kitchen Storage,Kitchen Canisters,Rae Dunn,2,Like new,Buyer,16.0,20230501/000000000300.parquet,Kitchen & Dining,Food Storage,category_mapping_v1_1,Storage containers/canisters; confirm reusable physical goods.,NO,,INCLUDE,
51580371,2023-05-15 19:04:42+00:00,24.0,"Peanuts Gang Snoopy 20""×32"" Christmas Accent Rug Non-Skid Back Christmas Carols",Home,Home decor,Area Rugs,Peanuts,1,New,Buyer,24.0,20230501/000000000074.parquet,Home Decor,Rug & Mat,category_mapping_v1_1,Source fine-grained subtype reasonably matches target; spot-check mislabeled listings.,NO,,INCLUDE,
238773207,2023-05-16 17:37:44+00:00,70.0,SM Simple Modern Trek 40oz Raspberry Vibes,Home,Kitchen Drinkware,Tumblers,,1,New,Buyer,70.0,20230501/000000000019.parquet,Kitchen & Dining,Bottles & Tumblers,category_mapping_v1_1,Drinkware group; brands/collectibles may strongly affect price.,NO,,INCLUDE,
147296036,2023-05-16 20:33:58+00:00,25.0,Vtg Lakes Silverware Flatware Zippered Faux Leather MCM Storage Box Caddy,Home,Kitchen Flatware,Flatware Sets,,3,Good,Buyer,25.0,20230501/000000000003.parquet,Kitchen & Dining,Kitchen Utensils & Tools,category_mapping_v1_1,Reusable kitchen utensil/tool subtype; spot-check individual listings.,NO,,INCLUDE,
204148864,2023-05-16 22:12:36+00:00,94.0,Stanley Orchid Soft Touch 40 oz Quencher Tumbler The Flowstate FREE SHIPPING,Home,Kitchen Drinkware,Tumblers,Stanley,1,New,Seller,94.0,20230501/000000000300.parquet,Kitchen & Dining,Bottles & Tumblers,category_mapping_v1_1,Drinkware group; brands/collectibles may strongly affect price.,NO,,INCLUDE,
103525437,2023-05-16 23:11:12+00:00,40.0,Christopher Radko “Crescent Moon Christmas” Glass Ornament,Home,Seasonal decor,Christmas,Christopher Radko,1,New,Buyer,40.0,20230501/000000000306.parquet,Home Decor,Seasonal Decorations,title_rule,seasonal_object,NO,,INCLUDE,
10994416,2023-05-17 01:33:37+00:00,114.0,Brand New Bundle of Culinary Classics Kitchen Towels 8 pack ( 5 grey and 1 tan),Home,Kitchen & dining,Other,,1,New,Buyer,114.0,20230501/000000000306.parquet,Kitchen & Dining,Kitchen & Table Linens,title_rule,table_linens,NO,,INCLUDE,
127730277,2023-05-17 11:30:48+00:00,35.0,Original Blackberry Style 9670 CDMA2000 1xEV-DO 5MP CAMERA GPS 3G Cellphone,Home,Kitchen Drinkware,Water Bottles,Blackberry,3,Good,Buyer,35.0,20230501/000000000074.parquet,Kitchen & Dining,Bottles & Tumblers,category_mapping_v1_1,Drinkware group; brands/collectibles may strongly affect price.,NO,,INCLUDE,
44007209,2023-05-17 12:58:09+00:00,10.0,Cuisinart heat resistant oven mits,Home,Kitchen & Table Linens,Kitchen Oven Mitts,Cuisinart,1,New,Buyer,10.0,20230501/000000000003.parquet,Kitchen & Dining,Kitchen Utensils & Tools,category_mapping_v1_1,Reusable kitchen tools and accessories.,NO,,INCLUDE,
227371398,2023-05-17 15:25:55+00:00,31.0,Uncommon Beauty Triple Effect Eye Cream,Home,Bedding,Bed Sheets,Uncommon,1,New,Buyer,31.0,20230501/000000000301.parquet,Bedding & Bath,Sheets & Pillowcases,category_mapping_v1_1,Textiles; confirm exact set composition.,NO,,INCLUDE,
182388368,2023-05-17 16:48:10+00:00,38.0,Flamingo Dance Quilt Set Full/Queen,Home,Bedding,Comforter Sets,,3,Good,Buyer,38.0,20230501/000000000003.parquet,Bedding & Bath,Blankets & Comforters,category_mapping_v1_1,Bedding textile group.,NO,,INCLUDE,
227164271,2023-05-17 17:27:49+00:00,50.0,Nestwell™ Cotton Percale 400-Thread-Count California King Fitted Sheet in Illusi,Home,Bedding,Bed Sheets,,1,New,Buyer,50.0,20230501/000000000300.parquet,Bedding & Bath,Sheets & Pillowcases,category_mapping_v1_1,Textiles; confirm exact set composition.,NO,,INCLUDE,
13662710,2023-05-17 17:59:44+00:00,23.0,Table Lamp,Home,Home decor,Home Decor Lamps,Target,2,Like new,Seller,23.0,20230501/000000000019.parquet,Home Decor,Lamp & Lighting,category_mapping_v1_1,Source fine-grained subtype reasonably matches target; spot-check mislabeled listings.,NO,,INCLUDE,
100341605,2023-05-17 18:16:53+00:00,45.0,Christopher Radko “Three Cheers For Santa” Glass Ornament,Home,Seasonal decor,Christmas,Christopher Radko,1,New,Buyer,45.0,20230501/000000000306.parquet,Home Decor,Seasonal Decorations,title_rule,seasonal_object,NO,,INCLUDE,
127350134,2023-05-17 18:19:00+00:00,50.0,Christopher Radko “Festive Folk Santa” Glass Ornament,Home,Seasonal decor,Christmas,Christopher Radko,1,New,Buyer,50.0,20230501/000000000306.parquet,Home Decor,Seasonal Decorations,title_rule,seasonal_object,NO,,INCLUDE,
231965234,2023-05-17 18:29:35+00:00,65.0,Stanley x Target Exclusive Peach Tie Dye 40oz Tumbler,Home,Kitchen Drinkware,Tumblers,Stanley,1,New,Buyer,65.0,20230501/000000000300.parquet,Kitchen & Dining,Bottles & Tumblers,category_mapping_v1_1,Drinkware group; brands/collectibles may strongly affect price.,NO,,INCLUDE,
162093700,2023-05-17 18:30:26+00:00,71.0,Stanley Tie Dye Wisteria Tumblers Target Exclusive,Home,Kitchen Drinkware,Tumblers,Stanley,1,New,Buyer,71.0,20230501/000000000300.parquet,Kitchen & Dining,Bottles & Tumblers,category_mapping_v1_1,Drinkware group; brands/collectibles may strongly affect price.,NO,,INCLUDE,
117848148,2023-05-17 19:05:14+00:00,5.0,Lava lamp light,Home,Home decor,Home Decor Lamps,,3,Good,Buyer,5.0,20230501/000000000084.parquet,Home Decor,Lamp & Lighting,category_mapping_v1_1,Source fine-grained subtype reasonably matches target; spot-check mislabeled listings.,NO,,INCLUDE,
105374644,2023-05-17 20:16:35+00:00,8.0,DASH my pint cream maker,Home,Kitchen Small Appliances,Ice Cream Makers,Dash,2,Like new,Buyer,8.0,20230501/000000000074.parquet,Appliances,Kitchen Appliance,category_mapping_v1_1,Recognizable appliance subtype; title QC for parts/accessories and miscategorizations.,NO,,INCLUDE,
93216605,2023-05-17 20:33:54+00:00,39.0,"COSORI Blender -for Shakes and Smoothies, 9-Piece 800W High-Speed Mixer -for Ice",Home,Home appliances,Kitchen appliances,,1,New,Buyer,39.0,20230501/000000000003.parquet,Appliances,Kitchen Appliance,title_rule,kitchen_appliance,NO,,INCLUDE,
198185507,2023-05-17 21:39:49+00:00,20.0,Honey Bee Pitcher,Home,Kitchen Dinnerware,,T.J.Maxx,1,New,Buyer,20.0,20230501/000000000068.parquet,Kitchen & Dining,Servingware,title_rule,serveware,NO,,INCLUDE,
190935670,2023-05-17 21:40:08+00:00,20.0,Terramoto Ceramic Bee Pitcher,Home,Kitchen Dinnerware,,T.J.Maxx,1,New,Buyer,20.0,20230501/000000000068.parquet,Kitchen & Dining,Servingware,title_rule,serveware,NO,,INCLUDE,
74507351,2023-05-17 21:40:25+00:00,35.0,Terramoto Ceramic Bee Pitcher,Home,Kitchen Dinnerware,,T.J.Maxx,1,New,Buyer,35.0,20230501/000000000068.parquet,Kitchen & Dining,Servingware,title_rule,serveware,NO,,INCLUDE,
38272885,2023-05-17 22:18:41+00:00,23.0,Target Fishbowl Cup with Fish Straw topper.,Home,Kitchen Drinkware,Tumblers,Target,1,New,Buyer,23.0,20230501/000000000068.parquet,Kitchen & Dining,Bottles & Tumblers,category_mapping_v1_1,Drinkware group; brands/collectibles may strongly affect price.,NO,,INCLUDE,
163328482,2023-05-17 23:15:34+00:00,26.0,Rae Dunn BEST TEACHER EVER Photo Frame,Home,Home decor,Picture Frames,Rae Dunn,1,New,Buyer,26.0,20230501/000000000109.parquet,Home Decor,Wall Art & Frames,category_mapping_v1_1,Source fine-grained subtype reasonably matches target; spot-check mislabeled listings.,NO,,INCLUDE,
203974138,2023-05-18 03:04:56+00:00,232.0,Bissell Crosswave Cordless Max 2554A,Home,Home appliances,Vacuums,Bissell,1,New,Buyer,232.0,20230501/000000000003.parquet,Appliances,Vacuum,category_mapping_v1_1,Some listings are accessories/parts; flag during title QC.,NO,,INCLUDE,
144033735,2023-05-18 04:50:22+00:00,20.0,Brand New Igloo Vacuum Insulated Stainless Steel 64oz Thermos Jug w/ Twist Lid,Home,Home appliances,Beverage Coolers,Igloo,1,New,Buyer,20.0,20230501/000000000131.parquet,Kitchen & Dining,Bottles & Tumblers,title_rule,bottles,NO,,INCLUDE,
87047274,2023-05-18 05:20:21+00:00,300.0,Stanley Adventure Quencher,Home,Kitchen Drinkware,Tumblers,Stanley,3,Good,Buyer,300.0,20230501/000000000306.parquet,Kitchen & Dining,Bottles & Tumblers,category_mapping_v1_1,Drinkware group; brands/collectibles may strongly affect price.,NO,,INCLUDE,
218400985,2023-05-18 05:33:27+00:00,96.0,COCA COLA WOODEN CRATE TURNTABLE CD PLAYER/RADIO CLOCK,Home,Home decor,Clocks,Coca-Cola,2,Like new,Buyer,96.0,20230501/000000000300.parquet,Home Decor,Clock,category_mapping_v1_1,Source fine-grained subtype reasonably matches target; spot-check mislabeled listings.,NO,,INCLUDE,
211275074,2023-05-18 05:41:15+00:00,90.0,"Portable Retro Extra Large 9-Can Capacity Mini Refrigerator, Pink",Home,Home appliances,Refrigerators,,1,New,Seller,90.0,20230501/000000000131.parquet,Appliances,Refrigerator,title_rule,refrigerator,NO,,INCLUDE,
129670009,2023-05-18 06:26:45+00:00,52.0,NEW Simple Modern 40oz Trek Tumbler in TWIRLED IN TULLE ( soft matte nude pink ),Home,Kitchen Drinkware,Tumblers,,1,New,Buyer,52.0,20230501/000000000084.parquet,Kitchen & Dining,Bottles & Tumblers,category_mapping_v1_1,Drinkware group; brands/collectibles may strongly affect price.,NO,,INCLUDE,
78005811,2023-05-18 15:36:28+00:00,122.0,Stanley 40 oz Tumbler,Home,Kitchen Drinkware,Tumblers,Stanley,1,New,Buyer,122.0,20230501/000000000084.parquet,Kitchen & Dining,Bottles & Tumblers,category_mapping_v1_1,Drinkware group; brands/collectibles may strongly affect price.,NO,,INCLUDE,
103524767,2023-05-18 18:54:14+00:00,60.0,stanley 40 oz tumbler,Home,Kitchen Drinkware,Tumblers,Stanley,1,New,Buyer,60.0,20230501/000000000084.parquet,Kitchen & Dining,Bottles & Tumblers,category_mapping_v1_1,Drinkware group; brands/collectibles may strongly affect price.,NO,,INCLUDE,
189589439,2023-05-18 20:33:44+00:00,60.0,"Johnson Bros Brothers Set of 6 Summer Chintz 10.5"" Dinner Plates Used Condition",Home,Kitchen Dinnerware,,Johnson Bros.,3,Good,Seller,60.0,20230501/000000000306.parquet,Kitchen & Dining,Dinnerware,title_rule,dinnerware,NO,,INCLUDE,
171958482,2023-05-18 21:18:00+00:00,24.0,BBW Limoncello Concentrated Room Spray X 5  NEW,Home,Home decor,Home fragrance,Bath & Body Works,1,New,Buyer,24.0,20230501/000000000074.parquet,Home Decor,Home Fragrance,title_rule,home_fragrance,NO,,INCLUDE,
203059679,2023-05-19 01:54:24+00:00,39.0,Charisma Queen 6 Piece Sheet Set,Home,Bedding,Bed Sheets,Charisma,1,New,Seller,39.0,20230501/000000000301.parquet,Bedding & Bath,Sheets & Pillowcases,category_mapping_v1_1,Textiles; confirm exact set composition.,NO,,INCLUDE,
73412105,2023-05-19 13:01:34+00:00,15.0,2006 STARBUCKS “INSPIRING “ TULIP COFFEE/TEA Mug CUP,Home,Kitchen Drinkware,Coffee Mugs,Starbucks,3,Good,Buyer,15.0,20230501/000000000084.parquet,Kitchen & Dining,Mugs & Cups,category_mapping_v1_1,Drinkware group; include title for price distinctions.,NO,,INCLUDE,
185453905,2023-05-19 15:39:14+00:00,23.0,"Clemson University Starbucks ""been there series"" mug, campus collection",Home,Kitchen Drinkware,Coffee Mugs,Starbucks,1,New,Buyer,23.0,20230501/000000000300.parquet,Kitchen & Dining,Mugs & Cups,category_mapping_v1_1,Drinkware group; include title for price distinctions.,NO,,INCLUDE,
132371641,2023-05-19 19:17:34+00:00,25.0,VeebundleStarbucks Tiffany Pink Ombre Flip,Home,Kitchen Drinkware,Tumblers,Starbucks,1,New,Buyer,25.0,20230501/000000000131.parquet,Kitchen & Dining,Bottles & Tumblers,category_mapping_v1_1,Drinkware group; brands/collectibles may strongly affect price.,NO,,INCLUDE,
65424505,2023-05-19 20:47:39+00:00,45.0,New and Unopened Gamersupps Waifu Cup Delivery Girl,Home,Kitchen Drinkware,Tumblers,,1,New,Buyer,45.0,20230501/000000000074.parquet,Kitchen & Dining,Bottles & Tumblers,category_mapping_v1_1,Drinkware group; brands/collectibles may strongly affect price.,NO,,INCLUDE,
88688762,2023-05-19 21:03:52+00:00,18.0,Starbucks holiday 2021 siren rose gold,Home,Kitchen Drinkware,Tumblers,Starbucks,2,Like new,Buyer,18.0,20230501/000000000019.parquet,Kitchen & Dining,Bottles & Tumblers,category_mapping_v1_1,Drinkware group; brands/collectibles may strongly affect price.,NO,,INCLUDE,
169383504,2023-05-19 22:43:11+00:00,44.0,Rae Dunn Disney Up set of 4 mugs,Home,Kitchen Drinkware,Coffee Mugs,Rae Dunn,1,New,Buyer,44.0,20230501/000000000068.parquet,Kitchen & Dining,Mugs & Cups,category_mapping_v1_1,Drinkware group; include title for price distinctions.,NO,,INCLUDE,
36183267,2023-05-20 05:04:34+00:00,22.0,Purple cirkul lid ans chill sleeve,Home,Kitchen Dinnerware,Other Dinnerware,,1,New,Seller,22.0,20230501/000000000019.parquet,Kitchen & Dining,Dinnerware,category_mapping_v1_1,"Direct dinnerware subtype, but spot-check mixed sets.",NO,,INCLUDE,
100136060,2023-05-20 10:34:46+00:00,14.0,Opalhouse dont get your tinsel in a tangle 16oz,Home,Kitchen Drinkware,Coffee Mugs,Opalhouse,1,New,Buyer,14.0,20230501/000000000109.parquet,Kitchen & Dining,Mugs & Cups,category_mapping_v1_1,Drinkware group; include title for price distinctions.,NO,,INCLUDE,
177121969,2023-05-20 13:53:17+00:00,20.0,Rae Dunn melamine bowls,Home,Kitchen Dinnerware,,Rae Dunn,1,New,Buyer,20.0,20230501/000000000300.parquet,Kitchen & Dining,Dinnerware,title_rule,dinnerware,NO,,INCLUDE,
127021609,2023-05-20 17:19:06+00:00,60.0,Stanley 40 oz Flowstate Quencher H2.0 Tumbler Rose Quartz,Home,Kitchen Drinkware,Tumblers,Stanley,1,New,Buyer,60.0,20230501/000000000084.parquet,Kitchen & Dining,Bottles & Tumblers,category_mapping_v1_1,Drinkware group; brands/collectibles may strongly affect price.,NO,,INCLUDE,
122771797,2023-05-20 17:25:10+00:00,23.0,"5-in-1 Immersion Hand Blender,",Home,Kitchen Small Appliances,Stand Mixers,,1,New,Buyer,23.0,20230501/000000000301.parquet,Appliances,Kitchen Appliance,category_mapping_v1_1,Recognizable appliance subtype; title QC for parts/accessories and miscategorizations.,NO,,INCLUDE,
216747917,2023-05-20 17:31:34+00:00,79.0,2 lb. Multifunctional Bread Maker,Home,Kitchen Small Appliances,,Cuckoo,1,New,Seller,79.0,20230501/000000000084.parquet,Appliances,Kitchen Appliance,title_rule,kitchen_appliance,NO,,INCLUDE,
97364661,2023-05-20 17:55:02+00:00,38.0,"Nostalgia Classic Retro 3-in-1 Breakfast Station, 2-Wide Slot Toaster",Home,Kitchen Small Appliances,Toasters,Nostalgia,1,New,Seller,38.0,20230501/000000000109.parquet,Appliances,Kitchen Appliance,category_mapping_v1_1,Recognizable appliance subtype; title QC for parts/accessories and miscategorizations.,NO,,INCLUDE,
246655725,2023-05-20 18:28:31+00:00,17.0,Starbucks Ceramic Coffee Chalkboard Travel Mug,Home,Kitchen Drinkware,Coffee Mugs,Starbucks,2,Like new,Seller,17.0,20230501/000000000074.parquet,Kitchen & Dining,Mugs & Cups,category_mapping_v1_1,Drinkware group; include title for price distinctions.,NO,,INCLUDE,
88510277,2023-05-21 03:55:05+00:00,10.0,Hand carved wooden clock jungle cats,Home,Home decor,Home decor accents,,3,Good,Buyer,10.0,20230501/000000000068.parquet,Home Decor,Clock,title_rule,clock,NO,,INCLUDE,
143995731,2023-05-21 06:27:52+00:00,4.0,Scentsy Bring Back My Bar Crisp Orchard Air Wax Melts,Home,Home decor,Home fragrance,Scentsy,1,New,Buyer,4.0,20230501/000000000084.parquet,Home Decor,Home Fragrance,title_rule,home_fragrance,NO,,INCLUDE,
143671349,2023-05-21 11:47:01+00:00,59.0,Sunday Citizen (off white) pillow sham set - king sized,Home,Bedding,Bed pillows,,2,Like new,Buyer,59.0,20230501/000000000131.parquet,Bedding & Bath,Pillow & Bedding Accessories,category_mapping_v1_1,Bedding accessories; inspect unusual items/brands.,NO,,INCLUDE,
86728966,2023-05-21 12:00:00+00:00,59.0,Sunday Citizen (2-cloud grey) pillow cover sham sets - king size,Home,Bedding,Shams,,2,Like new,Buyer,59.0,20230501/000000000131.parquet,Bedding & Bath,Sheets & Pillowcases,category_mapping_v1_1,Textiles; confirm exact set composition.,NO,,INCLUDE,
119933302,2023-05-21 13:11:20+00:00,125.0,Nestwell 100% duck down comforter full/queen NEW,Home,Bedding,Bed Sheets,Bed Bath & Beyond,1,New,Buyer,125.0,20230501/000000000109.parquet,Bedding & Bath,Sheets & Pillowcases,category_mapping_v1_1,Textiles; confirm exact set composition.,NO,,INCLUDE,
18464682,2023-05-21 15:27:17+00:00,85.0,Hearth & Hand Magnolia Drum Shade Metal Task Lamp Brass w/LED Light Bulb,Home,Home decor,Home Decor Lighting,Hearth & Hand with Magnolia,1,New,Buyer,85.0,20230501/000000000003.parquet,Home Decor,Lamp & Lighting,category_mapping_v1_1,Source fine-grained subtype reasonably matches target; spot-check mislabeled listings.,NO,,INCLUDE,
95338022,2023-05-21 15:56:52+00:00,38.0,Pampered Chef 5 Black Nylon Heat Resistant Utensil Pasta Spoon Spatula Fork 425,Home,Kitchen Utensils,,Pampered Chef,3,Good,Buyer,38.0,20230501/000000000084.parquet,Kitchen & Dining,Kitchen Utensils & Tools,title_rule,kitchen_tools,NO,,INCLUDE,
90260938,2023-05-21 20:53:02+00:00,76.0,"Serta Luxury Firm Fiber Fill Cooling Fitted Mattress Pad Cover, Queen, White",Home,Bedding,Mattress pads,Serta,1,New,Buyer,76.0,20230501/000000000019.parquet,Bedding & Bath,Pillow & Bedding Accessories,category_mapping_v1_1,Bedding accessories; inspect unusual items/brands.,NO,,INCLUDE,
194249451,2023-05-21 22:26:20+00:00,110.0,Jonathan Adler biba glasses,Home,Kitchen Drinkware,Drinking Glasses,Jonathan Adler,1,New,Buyer,110.0,20230501/000000000306.parquet,Kitchen & Dining,Mugs & Cups,category_mapping_v1_1,Drinkware group; include title for price distinctions.,NO,,INCLUDE,
14193086,2023-05-21 23:44:58+00:00,50.0,Simple Modern Trek - Plummed Mauve,Home,Kitchen Drinkware,Tumblers,,1,New,Buyer,50.0,20230501/000000000084.parquet,Kitchen & Dining,Bottles & Tumblers,category_mapping_v1_1,Drinkware group; brands/collectibles may strongly affect price.,NO,,INCLUDE,
204431429,2023-05-22 01:10:48+00:00,15.0,Kohler Layne Elongated Toilet Seat GC2,Home,Bath,Bathroom accessories,Kohler,2,Like new,Buyer,15.0,20230501/000000000300.parquet,Bedding & Bath,Bathroom Accessories,title_rule,bath_accessories,NO,,INCLUDE,
197029346,2023-05-22 01:46:28+00:00,33.0,Star Trek The Motion Picture Hallmark Ornament Ilia Probe 2009,Home,Seasonal decor,Christmas,Hallmark,1,New,Buyer,33.0,20230501/000000000131.parquet,Home Decor,Seasonal Decorations,title_rule,seasonal_object,NO,,INCLUDE,
83463502,2023-05-22 01:47:02+00:00,35.0,Hallmark 2012 Star Trek An Extraordinary Meeting Spock Talking Ornament CBS,Home,Seasonal decor,Other,Hallmark,3,Good,Buyer,35.0,20230501/000000000131.parquet,Home Decor,Seasonal Decorations,title_rule,seasonal_object,NO,,INCLUDE,
13515653,2023-05-22 02:12:02+00:00,18.0,Israel Stylebender Adesanya vs Alex Poatan Pereira 2 KO Poster,Home,Artwork,Posters,Handmade,1,New,Buyer,18.0,20230501/000000000003.parquet,Home Decor,Wall Art & Frames,category_mapping_v1_1,Wall art/prints; collectibles may be price outliers.,NO,,INCLUDE,
117286361,2023-05-22 02:23:06+00:00,30.0,Turkish Delights Set of 4 Glass Soup Bowls and Saucers Glitter Gold & Silver,Home,Kitchen Dinnerware,,,3,Good,Buyer,30.0,20230501/000000000068.parquet,Kitchen & Dining,Dinnerware,title_rule,dinnerware,NO,,INCLUDE,
155312282,2023-05-22 03:16:05+00:00,5.0,Kitchen Towels,Home,Kitchen & Table Linens,Kitchen Towels,,1,New,Buyer,5.0,20230501/000000000301.parquet,Kitchen & Dining,Kitchen & Table Linens,category_mapping_v1_1,Kitchen linens; title may be seasonal-themed but item is reusable.,NO,,INCLUDE,
24286835,2023-05-22 03:51:51+00:00,55.0,West Bend Bread Maker New in box,Home,Home appliances,Kitchen appliances,West Bend,1,New,Buyer,55.0,20230501/000000000306.parquet,Appliances,Kitchen Appliance,title_rule,kitchen_appliance,NO,,INCLUDE,
169946980,2023-05-22 15:28:06+00:00,52.0,☀️NEW 2023☀️TERRAMOTO COLOR☀️FIVE DIFFERENT SIZE BOWLS!☀️AWESOME COLOR☀️,Home,Kitchen Serveware,Serving Bowls,Terramoto,1,New,Buyer,52.0,20230501/000000000131.parquet,Kitchen & Dining,Servingware,category_mapping_v1_1,Recognizable reusable servingware subtype; individual listings can still be misclassified.,NO,,INCLUDE,
194218410,2023-05-22 17:42:40+00:00,40.0,Cuisinart Classic 12 Cup Stainless Coffee Percolator Model PRC-12 *WORKS GREAT!*,Home,Kitchen Coffee & Espresso Makers,,Cuisinart,3,Good,Buyer,40.0,20230501/000000000074.parquet,Appliances,Coffee & Espresso Machine,title_rule,coffee_machine,NO,,INCLUDE,
204977808,2023-05-22 17:51:45+00:00,13.0,Slip stone,Home,Kitchen Cookware,Fry Pans,As Seen on TV,1,New,Buyer,13.0,20230501/000000000300.parquet,Kitchen & Dining,Cookware,category_mapping_v1_1,Recognizable cookware.,NO,,INCLUDE,
97651339,2023-05-22 18:49:12+00:00,29.0,Starbucks tumblers,Home,Kitchen Drinkware,Tumblers,Starbucks,1,New,Buyer,29.0,20230501/000000000068.parquet,Kitchen & Dining,Bottles & Tumblers,category_mapping_v1_1,Drinkware group; brands/collectibles may strongly affect price.,NO,,INCLUDE,
63032688,2023-05-22 19:13:22+00:00,16.0,Pusheen Bobba Tea Tumbler,Home,Kitchen Drinkware,Tumblers,Pusheen,1,New,Buyer,16.0,20230501/000000000003.parquet,Kitchen & Dining,Bottles & Tumblers,category_mapping_v1_1,Drinkware group; brands/collectibles may strongly affect price.,NO,,INCLUDE,
241790877,2023-05-22 20:50:33+00:00,45.0,Starbucks X Tim Singleton Pride 2023,Home,Kitchen Drinkware,Tumblers,Starbucks,1,New,Buyer,45.0,20230501/000000000068.parquet,Kitchen & Dining,Bottles & Tumblers,category_mapping_v1_1,Drinkware group; brands/collectibles may strongly affect price.,NO,,INCLUDE,
67940901,2023-05-22 23:23:12+00:00,26.0,Christopher Radko Nutcracker Blown Glass Ornament,Home,Seasonal decor,Christmas,Christopher Radko,1,New,Buyer,26.0,20230501/000000000306.parquet,Home Decor,Seasonal Decorations,title_rule,seasonal_object,NO,,INCLUDE,
115798599,2023-05-23 01:25:22+00:00,85.0,"Esteperra 3-Light 21"" Pendant",Home,Home decor,Home Decor Lighting,Access Lighting,1,New,Buyer,85.0,20230501/000000000084.parquet,Home Decor,Lamp & Lighting,category_mapping_v1_1,Source fine-grained subtype reasonably matches target; spot-check mislabeled listings.,NO,,INCLUDE,
137046440,2023-05-23 02:11:25+00:00,44.0,Mushroom Sheet Set FULL,Home,Bedding,Bed Sheets,,1,New,Seller,44.0,20230501/000000000074.parquet,Bedding & Bath,Sheets & Pillowcases,category_mapping_v1_1,Textiles; confirm exact set composition.,NO,,INCLUDE,
182484909,2023-05-23 03:16:06+00:00,73.0,"Cutco 1721 Trimmer Classic handle, - NEW sealed in plastic",Home,Kitchen Cutlery,Kitchen Utility Knives,Cutco,1,New,Buyer,73.0,20230501/000000000074.parquet,Kitchen & Dining,Kitchen Utensils & Tools,category_mapping_v1_1,Reusable kitchen utensil/tool subtype; spot-check individual listings.,NO,,INCLUDE,
46476990,2023-05-23 03:38:43+00:00,24.0,Lavender Daisy Camper Style Mug,Home,Kitchen Drinkware,Coffee Mugs,,1,New,Buyer,24.0,20230501/000000000003.parquet,Kitchen & Dining,Mugs & Cups,category_mapping_v1_1,Drinkware group; include title for price distinctions.,NO,,INCLUDE,
221199540,2023-05-23 03:40:19+00:00,5.0,"Milk Frother, Paris Rhône 4-in-1 Electric Coffee Frother, Non-Slip Stylish Desig",Home,Kitchen Drinkware,Coffee Mugs,,2,Like new,Buyer,5.0,20230501/000000000068.parquet,Kitchen & Dining,Mugs & Cups,category_mapping_v1_1,Drinkware group; include title for price distinctions.,NO,,INCLUDE,
225513846,2023-05-23 04:45:18+00:00,55.0,Official NFL Licensed LOS ANGELES CHARGERS Scatter Sheet Set,Home,Bedding,Bed Sheets,NFL,1,New,Buyer,55.0,20230501/000000000068.parquet,Bedding & Bath,Sheets & Pillowcases,category_mapping_v1_1,Textiles; confirm exact set composition.,NO,,INCLUDE,
129670140,2023-05-23 04:58:00+00:00,13.0,New Debco Cherry Ceramic Pitcher,Home,Kitchen Serveware,Pitchers,,3,Good,Buyer,13.0,20230501/000000000068.parquet,Kitchen & Dining,Servingware,category_mapping_v1_1,Recognizable reusable servingware subtype; individual listings can still be misclassified.,NO,,INCLUDE,
63010998,2023-05-23 14:56:03+00:00,46.0,Starbucks blue floral soft touch & blue soft touch cold tumblers,Home,Kitchen Drinkware,Tumblers,Starbucks,1,New,Buyer,46.0,20230501/000000000068.parquet,Kitchen & Dining,Bottles & Tumblers,category_mapping_v1_1,Drinkware group; brands/collectibles may strongly affect price.,NO,,INCLUDE,
100408220,2023-05-23 15:37:18+00:00,48.0,Printed Terracotta Threshold Target King Comfroter set BRAND NEW cotton flannel,Home,Bedding,Comforter Sets,Threshold,1,New,Buyer,48.0,20230501/000000000068.parquet,Bedding & Bath,Blankets & Comforters,category_mapping_v1_1,Bedding textile group.,NO,,INCLUDE,
217424094,2023-05-23 17:17:07+00:00,39.0,Euro Steam Iron Platinum Compact 1000W,Home,Home appliances,Irons,Euro-Pro,3,Good,Buyer,39.0,20230501/000000000306.parquet,Appliances,Iron & Steamer,category_mapping_v1_1,Recognizable appliance subtype.,NO,,INCLUDE,
214105367,2023-05-23 20:02:51+00:00,20.0,Target Bullseye Fish Bowl Cup with Straw,Home,Kitchen Drinkware,Tumblers,Target,1,New,Buyer,20.0,20230501/000000000074.parquet,Kitchen & Dining,Bottles & Tumblers,category_mapping_v1_1,Drinkware group; brands/collectibles may strongly affect price.,NO,,INCLUDE,
167061767,2023-05-23 20:34:09+00:00,25.0,12 piece set of melamine dinnerware set,Home,Kitchen Dinnerware,Dinnerware Sets,,2,Like new,Buyer,25.0,20230501/000000000306.parquet,Kitchen & Dining,Dinnerware,category_mapping_v1_1,"Direct dinnerware subtype, but spot-check mixed sets.",NO,,INCLUDE,
167086622,2023-05-23 20:34:55+00:00,37.0,12 Piece Melamine Dinnerware Set,Home,Kitchen Dinnerware,Dinnerware Sets,Costco,1,New,Buyer,37.0,20230501/000000000306.parquet,Kitchen & Dining,Dinnerware,category_mapping_v1_1,"Direct dinnerware subtype, but spot-check mixed sets.",NO,,INCLUDE,
70517085,2023-05-23 20:56:12+00:00,10.0,tsum tsum beach towel,Home,Bath,Towels,Tsum Tsum,1,New,Buyer,10.0,20230501/000000000084.parquet,Bedding & Bath,Bath Towels,category_mapping_v1_1,Home bath linens.,NO,,INCLUDE,
20933519,2023-05-23 21:30:21+00:00,28.0,Rae Dunn Happiness Is Home Snoopy topper mug,Home,Kitchen Drinkware,Coffee Mugs,Rae Dunn,1,New,Buyer,28.0,20230501/000000000300.parquet,Kitchen & Dining,Mugs & Cups,category_mapping_v1_1,Drinkware group; include title for price distinctions.,NO,,INCLUDE,
206652649,2023-05-23 22:30:59+00:00,23.0,"Transformers Rise Of the Beast Movie Poster 11"" x 17"" Wall Art Home Decor",Home,Artwork,Posters,,1,New,Seller,23.0,20230501/000000000074.parquet,Home Decor,Wall Art & Frames,category_mapping_v1_1,Wall art/prints; collectibles may be price outliers.,NO,,INCLUDE,
219030524,2023-05-23 23:52:36+00:00,7.0,Bath and Body Works Salted butterscotch Candle,Home,Home decor,Home Candles,Bath & Body Works,3,Good,Buyer,7.0,20230501/000000000068.parquet,Home Decor,Candles,title_rule,candle,NO,,INCLUDE,
12789881,2023-05-24 00:17:48+00:00,35.0,Kenmore 116 Whispertone Power Mate Canister Vacuum Electric Wand Extension TubeA,Home,Home appliances,Vacuums,Kenmore,3,Good,Seller,35.0,20230501/000000000109.parquet,Appliances,Vacuum,category_mapping_v1_1,Some listings are accessories/parts; flag during title QC.,NO,,INCLUDE,
192297796,2023-05-24 02:31:02+00:00,85.0,Target Exclusive Stanley 40 oz H2.0 FlowState Quencher Tumbler - Ocean Tie Dye,Home,Kitchen Drinkware,Tumblers,Stanley,1,New,Buyer,85.0,20230501/000000000301.parquet,Kitchen & Dining,Bottles & Tumblers,category_mapping_v1_1,Drinkware group; brands/collectibles may strongly affect price.,NO,,INCLUDE,
191777493,2023-05-24 04:57:42+00:00,65.0,BNWT Stanley Pink tumbler 40oz,Home,Kitchen Drinkware,Tumblers,Stanley,1,New,Buyer,65.0,20230501/000000000109.parquet,Kitchen & Dining,Bottles & Tumblers,category_mapping_v1_1,Drinkware group; brands/collectibles may strongly affect price.,NO,,INCLUDE,
52901013,2023-05-24 13:42:01+00:00,104.0,Owala Good Egg Color Drop,Home,Kitchen Drinkware,Water Bottles,,1,New,Buyer,104.0,20230501/000000000300.parquet,Kitchen & Dining,Bottles & Tumblers,category_mapping_v1_1,Drinkware group; brands/collectibles may strongly affect price.,NO,,INCLUDE,
169186803,2023-05-24 14:50:31+00:00,150.0,Owala skys the limit,Home,Kitchen Drinkware,Water Bottles,,1,New,Buyer,150.0,20230501/000000000300.parquet,Kitchen & Dining,Bottles & Tumblers,category_mapping_v1_1,Drinkware group; brands/collectibles may strongly affect price.,NO,,INCLUDE,
73839958,2023-05-24 15:39:20+00:00,38.0,Disney Parks 2023 Flower & Garden Festival Orange Bird Ornament,Home,Seasonal decor,Other,Disney,1,New,Buyer,38.0,20230501/000000000068.parquet,Home Decor,Seasonal Decorations,title_rule,seasonal_object,NO,,INCLUDE,
80369828,2023-05-24 18:16:37+00:00,28.0,Christopher Radko Ornament,Home,Seasonal decor,Christmas,Christopher Radko,2,Like new,Buyer,28.0,20230501/000000000306.parquet,Home Decor,Seasonal Decorations,title_rule,seasonal_object,NO,,INCLUDE,
37272201,2023-05-24 21:42:18+00:00,17.0,Curtain,Home,Home decor,Window treatments,Target,1,New,Buyer,17.0,20230501/000000000300.parquet,Home Decor,Curtains & Window Treatments,category_mapping_v1_1,Source fine-grained subtype reasonably matches target; spot-check mislabeled listings.,NO,,INCLUDE,
228956687,2023-05-24 21:50:36+00:00,10.0,"Throw Pillow Covers,Pack of 2 (26x26)",Home,Bedding,Pillow Covers,,1,New,Buyer,10.0,20230501/000000000074.parquet,Bedding & Bath,Sheets & Pillowcases,category_mapping_v1_1,Textiles; confirm exact set composition.,NO,,INCLUDE,
43171405,2023-05-25 16:23:29+00:00,8.0,Rae Dunn Gone Fishin’ mug,Home,Kitchen Drinkware,Coffee Mugs,Rae Dunn,1,New,Buyer,8.0,20230501/000000000306.parquet,Kitchen & Dining,Mugs & Cups,category_mapping_v1_1,Drinkware group; include title for price distinctions.,NO,,INCLUDE,
94985107,2023-05-25 18:39:06+00:00,10.0,Lot New 5 Ft Beach Towel Sun Squad Watermelon Shark Sloth,Home,Bedding,Throws,,1,New,Buyer,10.0,20230501/000000000109.parquet,Bedding & Bath,Blankets & Comforters,category_mapping_v1_1,Bedding textile group.,NO,,INCLUDE,
211683751,2023-05-25 23:29:10+00:00,13.0,Rockinz Pillows Set of 2 Bundle NWT,Home,Home decor,Decorative pillows,Rockins,1,New,Buyer,13.0,20230501/000000000109.parquet,Home Decor,Decorative Pillow,category_mapping_v1_1,Source fine-grained subtype reasonably matches target; spot-check mislabeled listings.,NO,,INCLUDE,
33227449,2023-05-26 01:47:18+00:00,12.0,Disney bluey tumblers,Home,Kitchen Drinkware,Coffee Mugs,Disney,1,New,Buyer,12.0,20230501/000000000300.parquet,Kitchen & Dining,Mugs & Cups,category_mapping_v1_1,Drinkware group; include title for price distinctions.,NO,,INCLUDE,
231194406,2023-05-26 16:14:48+00:00,28.0,Starbucks 2023 White Iridescent Stainless Steel Mint Green Lid 16oz Tumbler NWT,Home,Kitchen Drinkware,Tumblers,Starbucks,1,New,Buyer,28.0,20230501/000000000074.parquet,Kitchen & Dining,Bottles & Tumblers,category_mapping_v1_1,Drinkware group; brands/collectibles may strongly affect price.,NO,,INCLUDE,
46354884,2023-05-26 17:43:28+00:00,40.0,stanley 40 oz tumbler,Home,Kitchen Drinkware,Travel Mugs,Stanley,3,Good,Buyer,40.0,20230501/000000000084.parquet,Kitchen & Dining,Bottles & Tumblers,category_mapping_v1_1,Drinkware group; brands/collectibles may strongly affect price.,NO,,INCLUDE,
82775197,2023-05-26 18:18:09+00:00,67.0,2 Pack - Owala 40 oz. FreeSip Stainless Steel Water Bottle,Home,Kitchen Drinkware,Tumblers,,1,New,Seller,67.0,20230501/000000000019.parquet,Kitchen & Dining,Bottles & Tumblers,category_mapping_v1_1,Drinkware group; brands/collectibles may strongly affect price.,NO,,INCLUDE,
85672925,2023-05-26 19:21:37+00:00,18.0,wooden hangers (26 Count),Home,Storage & organization,Clothing & closet storage,,2,Like new,Buyer,18.0,20230501/000000000003.parquet,Storage & Organization,Closet Organizers,title_rule,closet,NO,,INCLUDE,
182857890,2023-05-26 21:27:37+00:00,17.0,Johnson Brothers England Summer Chintz Square Cereal Bowls Soup 6 1/8” Lot of 2,Home,Kitchen Dinnerware,,Johnson Bros.,3,Good,Buyer,17.0,20230501/000000000306.parquet,Kitchen & Dining,Dinnerware,title_rule,dinnerware,NO,,INCLUDE,
111332838,2023-05-26 21:35:30+00:00,31.0,Johnson Brothers SUMMER CHINTZ  England Earthenware Round Cereal Bowls Set of 4,Home,Kitchen Dinnerware,Bowls,,3,Good,Buyer,31.0,20230501/000000000306.parquet,Kitchen & Dining,Dinnerware,category_mapping_v1_1,"Direct dinnerware subtype, but spot-check mixed sets.",NO,,INCLUDE,
124867312,2023-05-26 21:39:00+00:00,23.0,"JOHNSON BROS SUMMER CHINTZ - 8 BREAD PLATES- 6.5"" DIAM - UNUSED -ENGLAND",Home,Kitchen Dinnerware,,Noritake,2,Like new,Buyer,23.0,20230501/000000000306.parquet,Kitchen & Dining,Dinnerware,title_rule,dinnerware,NO,,INCLUDE,
92482962,2023-05-26 22:00:30+00:00,21.0,"Johnson Brothers Summer Chintz 7 1/2"" Dessert Plate (4)",Home,Kitchen Dinnerware,,Johnson Bros.,2,Like new,Seller,21.0,20230501/000000000306.parquet,Kitchen & Dining,Dinnerware,title_rule,dinnerware,NO,,INCLUDE,
197630023,2023-05-27 00:21:54+00:00,6.0,Threshold Stoneware Genesis Stripe Food Storage Canister,Home,Kitchen Storage,Kitchen Canisters,Threshold,2,Like new,Buyer,6.0,20230501/000000000301.parquet,Kitchen & Dining,Food Storage,category_mapping_v1_1,Storage containers/canisters; confirm reusable physical goods.,NO,,INCLUDE,
78779856,2023-05-27 01:36:45+00:00,14.0,Disney fragrance oils,Home,Home decor,Home fragrance,,1,New,Buyer,14.0,20230501/000000000003.parquet,Home Decor,Home Fragrance,title_rule,home_fragrance,NO,,INCLUDE,
127683508,2023-05-27 02:10:34+00:00,41.0,"BISSELL Little Green Multi-Purpose Portable Carpet and Upholstery Cleaner, 1400B",Home,Home appliances,Vacuums,Bissell,3,Good,Seller,41.0,20230501/000000000019.parquet,Appliances,Vacuum,category_mapping_v1_1,Some listings are accessories/parts; flag during title QC.,NO,,INCLUDE,
130282298,2023-05-27 03:32:10+00:00,20.0,Bath & Body Works BLACK TIE 3-Wick Scented Candle Jar 14.5oz BBW Gold Accent NEW,Home,Home decor,Home Candles,Bath & Body Works,1,New,Seller,20.0,20230501/000000000301.parquet,Home Decor,Candles,title_rule,candle,NO,,INCLUDE,
212054961,2023-05-27 04:04:52+00:00,70.0,Fifth and Main Lighting Oxygen 3-light Brushed Nickel Pendant Clear Glass,Home,Home decor,Home Decor Lighting,,1,New,Buyer,70.0,20230501/000000000109.parquet,Home Decor,Lamp & Lighting,category_mapping_v1_1,Source fine-grained subtype reasonably matches target; spot-check mislabeled listings.,NO,,INCLUDE,
124261474,2023-05-27 18:51:05+00:00,11.0,Iron Skillet Pans,Home,Kitchen Cookware,,Disney,1,New,Buyer,11.0,20230501/000000000084.parquet,Kitchen & Dining,Cookware,title_rule,cookware,NO,,INCLUDE,
38244630,2023-05-27 19:06:28+00:00,25.0,Rae Dunn Lemon Cookie Jar,Home,Home decor,Home decor accents,Rae Dunn,1,New,Buyer,25.0,20230501/000000000306.parquet,Kitchen & Dining,Food Storage,title_rule,food_storage,NO,,INCLUDE,
90621252,2023-05-27 20:26:14+00:00,10.0,dangers of pot tapestry,Home,Home decor,Tapestries,Zumiez,1,New,Buyer,10.0,20230501/000000000074.parquet,Home Decor,Wall Art & Frames,category_mapping_v1_1,Source fine-grained subtype reasonably matches target; spot-check mislabeled listings.,NO,,INCLUDE,
45737640,2023-05-27 23:16:56+00:00,39.0,"Epic Gothic Wall Candle Sconce, Gothic Wall Decor1960’s",Home,Home decor,Candle Holders,,3,Good,Buyer,39.0,20230501/000000000074.parquet,Home Decor,Decorative Accessories,category_mapping_v1_1,Source fine-grained subtype reasonably matches target; spot-check mislabeled listings.,NO,,INCLUDE,
93532697,2023-05-28 06:15:04+00:00,10.0,WaterPik Model SM-3UC(S) Shower Massage Powerspray Shower Head w/ Pulsating Mass,Home,Bath,Bathroom accessories,Waterpik,1,New,Buyer,10.0,20230501/000000000019.parquet,Bedding & Bath,Bathroom Accessories,title_rule,bath_accessories,NO,,INCLUDE,
12814684,2023-05-28 12:26:19+00:00,31.0,Ornament,Home,Seasonal decor,Halloween,Christopher Radko,2,Like new,Buyer,31.0,20230501/000000000300.parquet,Home Decor,Seasonal Decorations,title_rule,seasonal_object,NO,,INCLUDE,
3624063,2023-05-28 15:00:21+00:00,52.0,Stanley 40 oz Tumbler Cup -- Jade -- Quencher Flowstate,Home,Kitchen Drinkware,Tumblers,Stanley,1,New,Buyer,52.0,20230501/000000000306.parquet,Kitchen & Dining,Bottles & Tumblers,category_mapping_v1_1,Drinkware group; brands/collectibles may strongly affect price.,NO,,INCLUDE,
63617053,2023-05-28 19:00:12+00:00,36.0,"DR. SEUSS GRINCH GREEN MELAMINE SET OF SIX 8"" PLATES",Home,Kitchen Dinnerware,Dinner Plates,The Grinch,3,Good,Buyer,36.0,20230501/000000000003.parquet,Kitchen & Dining,Dinnerware,category_mapping_v1_1,"Direct dinnerware subtype, but spot-check mixed sets.",NO,,INCLUDE,
95362770,2023-05-28 19:18:00+00:00,8.0,Carlton Cards Christmas ornament Ice Pals ninth in a series 2000,Home,Seasonal decor,Christmas,Carlton,2,Like new,Buyer,8.0,20230501/000000000301.parquet,Home Decor,Seasonal Decorations,title_rule,seasonal_object,NO,,INCLUDE,
26002322,2023-05-28 21:52:06+00:00,35.0,9-Cube Storage Garage Organizer Toy Shelves Cubes DIY Cabinet Book Shelf Black,Home,Storage & organization,Storage Bins,,1,New,Seller,35.0,20230501/000000000068.parquet,Storage & Organization,Storage Bins & Baskets,category_mapping_v1_1,"Check titles: several storage subtypes include empty gift boxes, bags, or hardware components.",NO,,INCLUDE,
58062527,2023-05-28 23:16:56+00:00,100.0,bedroom furniture,Home,Bedroom Furniture,Dressers,,3,Good,Seller,100.0,20230501/000000000109.parquet,Furniture,Dresser,category_mapping_v1_1,Furniture subtype; accessories/steps must be identified from title.,NO,,INCLUDE,
206790196,2023-05-28 23:21:17+00:00,104.0,"55"" Office Desk Gaming Desk",Home,Home Office Furniture,Desks,,1,New,Seller,104.0,20230501/000000000109.parquet,Furniture,Desk,category_mapping_v1_1,Desk subtype; desk converters/accessories may need exclusion.,NO,,INCLUDE,
223979718,2023-05-29 02:04:55+00:00,75.0,NEW Simple Modern 40oz Trek Tumbler in 80s Mix ( pink retro ),Home,Kitchen Drinkware,Tumblers,,1,New,Buyer,75.0,20230501/000000000084.parquet,Kitchen & Dining,Bottles & Tumblers,category_mapping_v1_1,Drinkware group; brands/collectibles may strongly affect price.,NO,,INCLUDE,
65423866,2023-05-29 02:43:29+00:00,25.0,STANLEY 20 OZ ICEFLOW TUMBLER GRAPEFRUIT,Home,Kitchen Drinkware,Tumblers,Stanley,3,Good,Buyer,25.0,20230501/000000000306.parquet,Kitchen & Dining,Bottles & Tumblers,category_mapping_v1_1,Drinkware group; brands/collectibles may strongly affect price.,NO,,INCLUDE,
40738402,2023-05-29 02:45:00+00:00,40.0,Stanley Tidepool 20 ounce Tumbler,Home,Kitchen Drinkware,Tumblers,Stanley,3,Good,Buyer,40.0,20230501/000000000306.parquet,Kitchen & Dining,Bottles & Tumblers,category_mapping_v1_1,Drinkware group; brands/collectibles may strongly affect price.,NO,,INCLUDE,
28229426,2023-05-29 04:28:05+00:00,76.0,New simple modern 40oz trek Twirled in tullle color,Home,Kitchen Drinkware,Tumblers,,1,New,Buyer,76.0,20230501/000000000084.parquet,Kitchen & Dining,Bottles & Tumblers,category_mapping_v1_1,Drinkware group; brands/collectibles may strongly affect price.,NO,,INCLUDE,
10635704,2023-05-29 17:17:04+00:00,19.0,Simply Essential™ Robinson 63-Inch Grommet Blackout Curtain Panels in Grey (Set,Home,Home decor,Window treatments,,2,Like new,Buyer,19.0,20230501/000000000109.parquet,Home Decor,Curtains & Window Treatments,category_mapping_v1_1,Source fine-grained subtype reasonably matches target; spot-check mislabeled listings.,NO,,INCLUDE,
13625580,2023-05-29 17:56:55+00:00,38.0,Shu itsuki decorative towel,Home,Bath,Towels,Ensky,1,New,Buyer,38.0,20230501/000000000019.parquet,Bedding & Bath,Bath Towels,category_mapping_v1_1,Home bath linens.,NO,,INCLUDE,
128152661,2023-05-29 18:12:32+00:00,17.0,Camping lake get lost and find yourself wood picture painting,Home,Home decor,Home decor accents,Hobby Lobby,1,New,Buyer,17.0,20230501/000000000306.parquet,Home Decor,Wall Art & Frames,title_rule,wall_art,NO,,INCLUDE,
152304953,2023-05-29 18:58:21+00:00,44.0,Corningware Percolator cornflower blue,Home,Kitchen Coffee & Espresso Makers,,CorningWare,3,Good,Buyer,44.0,20230501/000000000084.parquet,Appliances,Coffee & Espresso Machine,title_rule,coffee_machine,NO,,INCLUDE,
81103130,2023-05-30 02:52:01+00:00,22.0,BTS Suga & j-hope Solo Documentary Posters,Home,Artwork,Posters,BTS,1,New,Buyer,22.0,20230501/000000000084.parquet,Home Decor,Wall Art & Frames,category_mapping_v1_1,Wall art/prints; collectibles may be price outliers.,NO,,INCLUDE,
68641576,2023-05-30 07:25:22+00:00,50.0,NINJA Professional Blender Parts & Accessories Some New,Home,Kitchen Small Appliances,Blenders,Ninja,1,New,Buyer,50.0,20230501/000000000074.parquet,Appliances,Kitchen Appliance,category_mapping_v1_1,Recognizable appliance subtype; title QC for parts/accessories and miscategorizations.,NO,,INCLUDE,
1239758,2023-05-30 16:26:07+00:00,7.0,Grape Granite Scentsy Wax Bar,Home,Home decor,Home fragrance,Scentsy,1,New,Buyer,7.0,20230501/000000000301.parquet,Home Decor,Home Fragrance,title_rule,home_fragrance,NO,,INCLUDE,
125656001,2023-05-30 20:47:00+00:00,20.0,Delta Portwood 24 in. Towel Bar in SpotShield Brushed Nickel PWD24-BN,Home,Bath,Bathroom accessories,Delta,1,New,Seller,20.0,20230501/000000000003.parquet,Bedding & Bath,Bathroom Accessories,title_rule,bath_accessories,NO,,INCLUDE,
244975075,2023-05-30 21:11:20+00:00,13.0,Table Runner - 14x72,Home,Kitchen & Table Linens,Kitchen Table Runners,,1,New,Buyer,13.0,20230501/000000000074.parquet,Kitchen & Dining,Kitchen & Table Linens,category_mapping_v1_1,Kitchen linens; title may be seasonal-themed but item is reusable.,NO,,INCLUDE,
186860011,2023-06-01 02:33:24+00:00,9.0,bead curtain,Home,Home decor,Window treatments,,1,New,Buyer,9.0,20230601/000000000206.parquet,Home Decor,Curtains & Window Treatments,category_mapping_v1_1,Source fine-grained subtype reasonably matches target; spot-check mislabeled listings.,NO,,INCLUDE,
76187725,2023-06-01 04:26:04+00:00,4.0,Zak Black Insulated Tumbler 30 Oz,Home,Kitchen Drinkware,Tumblers,Zak Designs,1,New,Buyer,4.0,20230601/000000000310.parquet,Kitchen & Dining,Bottles & Tumblers,category_mapping_v1_1,Drinkware group; brands/collectibles may strongly affect price.,NO,,INCLUDE,
236726675,2023-06-01 09:54:05+00:00,15.0,Heather Goodwin Ceramic Dog Salt and Pepper Shakers,Home,Kitchen Gadgets & Tools,Salt & Pepper Shakers,Studio McGee,3,Good,Buyer,15.0,20230601/000000000310.parquet,Kitchen & Dining,Kitchen Utensils & Tools,category_mapping_v1_1,Reusable kitchen utensil/tool subtype; spot-check individual listings.,NO,,INCLUDE,
160583995,2023-06-01 12:51:10+00:00,40.0,Yankee Candle French countryside and fresh cut roses,Home,Home decor,Home Candles,Yankee Candle,1,New,Buyer,40.0,20230601/000000000141.parquet,Home Decor,Candles,title_rule,candle,NO,,INCLUDE,
79485359,2023-06-01 14:30:25+00:00,18.0,Bath and Body Works 3 Wick Candle COZY CASHMERE,Home,Home decor,Home Candles,Bath & Body Works,1,New,Buyer,18.0,20230601/000000000148.parquet,Home Decor,Candles,title_rule,candle,NO,,INCLUDE,
130037012,2023-06-01 19:26:04+00:00,17.0,whale lamp,Home,Home decor,Home Decor Lamps,,3,Good,Buyer,17.0,20230601/000000000077.parquet,Home Decor,Lamp & Lighting,category_mapping_v1_1,Source fine-grained subtype reasonably matches target; spot-check mislabeled listings.,NO,,INCLUDE,
46547095,2023-06-01 22:43:43+00:00,16.0,Kitchen Selectives,Home,Kitchen Small Appliances,Contact Grills,,1,New,Seller,16.0,20230601/000000000148.parquet,Appliances,Kitchen Appliance,category_mapping_v1_1,Recognizable appliance subtype; title QC for parts/accessories and miscategorizations.,NO,,INCLUDE,
179802421,2023-06-01 22:59:04+00:00,15.0,"Evaporative Portable Air Conditioner, 3 speeds, 7color LED light 70% Rotation",Home,Home appliances,Air conditioners,,2,Like new,Buyer,15.0,20230601/000000000141.parquet,Appliances,Air Care & Climate,title_rule,air_care,NO,,INCLUDE,
56000685,2023-06-01 23:04:59+00:00,18.0,Toy story toddler bed set,Home,Kids' home store,Kids' bedding,Disney,1,New,Buyer,18.0,20230601/000000000206.parquet,Bedding & Bath,Blankets & Comforters,title_rule,blankets,NO,,INCLUDE,
190046315,2023-06-02 00:35:12+00:00,85.0,Pottery Barn Teen NBA 2020 Eastern Conference Sheet Set Twin XL Basketball Logo,Home,Bedding,Bed Sheets,Pottery Barn,1,New,Buyer,85.0,20230601/000000000234.parquet,Bedding & Bath,Sheets & Pillowcases,category_mapping_v1_1,Textiles; confirm exact set composition.,NO,,INCLUDE,
26543123,2023-06-02 07:21:14+00:00,160.0,Keurig K-Duo Special Edition SE (New & Sealed),Home,Kitchen Coffee & Espresso Makers,,Keurig,1,New,Seller,160.0,20230601/000000000241.parquet,Appliances,Coffee & Espresso Machine,title_rule,coffee_machine,NO,,INCLUDE,
73854723,2023-06-02 09:33:07+00:00,20.0,Two Standard 100%Cotton Belo Pillow Shams from Crate & Barrel,Home,Bedding,Shams,Crate & Barrel,1,New,Seller,20.0,20230601/000000000148.parquet,Bedding & Bath,Sheets & Pillowcases,category_mapping_v1_1,Textiles; confirm exact set composition.,NO,,INCLUDE,
70046439,2023-06-02 13:50:35+00:00,65.0,Vtg NIP Sears 2 Fitted Sheets 4 Pillowcases Flower Power Fabric Red Purple,Home,Bedding,Bed Sheets,Sears,1,New,Buyer,65.0,20230601/000000000206.parquet,Bedding & Bath,Sheets & Pillowcases,category_mapping_v1_1,Textiles; confirm exact set composition.,NO,,INCLUDE,
152778670,2023-06-02 14:17:18+00:00,33.0,AMC Exclusive Across the Spider-Verse Poster,Home,Artwork,Posters,Amc,1,New,Buyer,33.0,20230601/000000000241.parquet,Home Decor,Wall Art & Frames,category_mapping_v1_1,Wall art/prints; collectibles may be price outliers.,NO,,INCLUDE,
209149272,2023-06-02 19:18:50+00:00,25.0,Le Creuset Grey Ombré pasta/salad bowls,Home,Kitchen Dinnerware,Salad Plates,Le Creuset,2,Like new,Buyer,25.0,20230601/000000000077.parquet,Kitchen & Dining,Dinnerware,category_mapping_v1_1,"Direct dinnerware subtype, but spot-check mixed sets.",NO,,INCLUDE,
1171161,2023-06-02 19:22:31+00:00,93.0,BNWT Petal stanley 40oz OG cup,Home,Kitchen Drinkware,Tumblers,Stanley,1,New,Buyer,93.0,20230601/000000000310.parquet,Kitchen & Dining,Bottles & Tumblers,category_mapping_v1_1,Drinkware group; brands/collectibles may strongly affect price.,NO,,INCLUDE,
137324247,2023-06-02 23:42:30+00:00,90.0,UGG COCO Throw,Home,Bedding,Throws,UGG Australia,1,New,Seller,90.0,20230601/000000000141.parquet,Bedding & Bath,Blankets & Comforters,category_mapping_v1_1,Bedding textile group.,NO,,INCLUDE,
213276795,2023-06-02 23:47:14+00:00,17.0,Tfal stock pot/ cookware,Home,Kitchen Cookware,Cookware Sets,T-fal,3,Good,Buyer,17.0,20230601/000000000148.parquet,Kitchen & Dining,Cookware,category_mapping_v1_1,Recognizable cookware.,NO,,INCLUDE,
51294371,2023-06-03 03:41:35+00:00,30.0,Ninja Professional Blender 1000,Home,Home appliances,Kitchen appliances,Ninja,3,Good,Buyer,30.0,20230601/000000000222.parquet,Appliances,Kitchen Appliance,title_rule,kitchen_appliance,NO,,INCLUDE,
197656121,2023-06-03 13:59:27+00:00,64.0,NEW UGG Flannel Queen Sheets Set,Home,Bedding,Bed Sheets,UGG Australia,1,New,Buyer,64.0,20230601/000000000234.parquet,Bedding & Bath,Sheets & Pillowcases,category_mapping_v1_1,Textiles; confirm exact set composition.,NO,,INCLUDE,
215030782,2023-06-03 16:36:39+00:00,13.0,stray kids bang chan 5 star limited version poster,Home,Artwork,Posters,BTS,2,Like new,Buyer,13.0,20230601/000000000206.parquet,Home Decor,Wall Art & Frames,category_mapping_v1_1,Wall art/prints; collectibles may be price outliers.,NO,,INCLUDE,
114990410,2023-06-03 21:41:04+00:00,61.0,Stanley Quencher Rose Quartz swirl marble,Home,Kitchen Drinkware,Tumblers,Stanley,1,New,Buyer,61.0,20230601/000000000241.parquet,Kitchen & Dining,Bottles & Tumblers,category_mapping_v1_1,Drinkware group; brands/collectibles may strongly affect price.,NO,,INCLUDE,
104595197,2023-06-04 01:30:20+00:00,8.0,UNIVERSITY OF ALABAMA A CRIMSON TIDE ROLL TIDE COOKIE CUTTER USA 705,Home,Kitchen Baking & Cake Accessories,Cookie Cutters,,1,New,Seller,8.0,20230601/000000000310.parquet,Kitchen & Dining,Bakeware,category_mapping_v1_1,Reusable baking accessory.,NO,,INCLUDE,
160258491,2023-06-04 02:02:11+00:00,24.0,Playground Fishbowl Cup,Home,Kitchen Drinkware,Tumblers,Target,1,New,Buyer,24.0,20230601/000000000237.parquet,Kitchen & Dining,Bottles & Tumblers,category_mapping_v1_1,Drinkware group; brands/collectibles may strongly affect price.,NO,,INCLUDE,
38369948,2023-06-04 02:23:55+00:00,60.0,Pottery Barn: Rhodes Spice Tower,Home,Home decor,Home decor accents,Pottery Barn,2,Like new,Buyer,60.0,20230601/000000000213.parquet,Home Decor,Decorative Accessories,title_rule,decorative_accessory,NO,,INCLUDE,
211671589,2023-06-04 12:10:12+00:00,34.0,Vtg Sears Flat Sheet Full Country Patch Country Mixables Pink Blue Green Fabric,Home,Bedding,Bed Sheets,Sears,1,New,Buyer,34.0,20230601/000000000241.parquet,Bedding & Bath,Sheets & Pillowcases,category_mapping_v1_1,Textiles; confirm exact set composition.,NO,,INCLUDE,
26037721,2023-06-04 12:49:04+00:00,65.0,Threshold Seersucker Micro Stripe Quilt King,Home,Bedding,Quilts,Threshold,1,New,Seller,65.0,20230601/000000000234.parquet,Bedding & Bath,Blankets & Comforters,category_mapping_v1_1,Bedding textile group.,NO,,INCLUDE,
41369431,2023-06-04 16:18:40+00:00,85.0,Ninja Air Fryer,Home,Kitchen Small Appliances,Air Fryers,Ninja,3,Good,Buyer,85.0,20230601/000000000310.parquet,Appliances,Kitchen Appliance,category_mapping_v1_1,Recognizable appliance subtype; title QC for parts/accessories and miscategorizations.,NO,,INCLUDE,
243164182,2023-06-04 18:32:35+00:00,10.0,Decorative pillow,Home,Home decor,Decorative pillows,Target,2,Like new,Buyer,10.0,20230601/000000000234.parquet,Home Decor,Decorative Pillow,category_mapping_v1_1,Source fine-grained subtype reasonably matches target; spot-check mislabeled listings.,NO,,INCLUDE,
39696661,2023-06-04 18:45:10+00:00,600.0,Whisker litter robot 4,Home,Home appliances,Vacuums,,1,New,Seller,600.0,20230601/000000000237.parquet,Appliances,Vacuum,category_mapping_v1_1,Some listings are accessories/parts; flag during title QC.,NO,,INCLUDE,
177511936,2023-06-04 19:15:37+00:00,109.0,Starbucks Tim Singleton pride tumblers,Home,Kitchen Drinkware,Tumblers,Starbucks,1,New,Buyer,109.0,20230601/000000000148.parquet,Kitchen & Dining,Bottles & Tumblers,category_mapping_v1_1,Drinkware group; brands/collectibles may strongly affect price.,NO,,INCLUDE,
214108680,2023-06-04 19:59:57+00:00,14.0,Moscow Mule Copper Mugs,Home,Kitchen Drinkware,Glassware Collections,,3,Good,Buyer,14.0,20230601/000000000222.parquet,Kitchen & Dining,Mugs & Cups,title_rule,mugs,NO,,INCLUDE,
179062715,2023-06-04 21:05:31+00:00,49.0,"Villeroy Boch Manoir Luxembourg Vitro Porcelain Salad Plates (8) 8.25"" FIRM",Home,Kitchen Dinnerware,Salad Plates,Villeroy & Boch,2,Like new,Seller,49.0,20230601/000000000141.parquet,Kitchen & Dining,Dinnerware,category_mapping_v1_1,"Direct dinnerware subtype, but spot-check mixed sets.",NO,,INCLUDE,
65888553,2023-06-04 22:39:38+00:00,90.0,Taylor Swift Alomama Fans Blanket,Home,Bedding,Blankets,,1,New,Buyer,90.0,20230601/000000000206.parquet,Bedding & Bath,Blankets & Comforters,category_mapping_v1_1,Bedding textile group.,NO,,INCLUDE,
26852390,2023-06-04 23:23:18+00:00,28.0,mario brothers reversible comforter blanket,Home,Bedding,Blankets,Nintendo,3,Good,Buyer,28.0,20230601/000000000310.parquet,Bedding & Bath,Blankets & Comforters,category_mapping_v1_1,Bedding textile group.,NO,,INCLUDE,
182332031,2023-06-05 01:34:47+00:00,45.0,2 x - Euro Slub Texture Stripe with Tassels Decorative Throw Pillow - Threshold,Home,Home decor,Decorative pillows,Threshold,1,New,Buyer,45.0,20230601/000000000141.parquet,Home Decor,Decorative Pillow,category_mapping_v1_1,Source fine-grained subtype reasonably matches target; spot-check mislabeled listings.,NO,,INCLUDE,
10989186,2023-06-05 11:01:03+00:00,29.0,Dunkin Donuts Green Rainbow Tumbler 2023,Home,Kitchen Drinkware,Tumblers,Dunkin',1,New,Seller,29.0,20230601/000000000206.parquet,Kitchen & Dining,Bottles & Tumblers,category_mapping_v1_1,Drinkware group; brands/collectibles may strongly affect price.,NO,,INCLUDE,
172015956,2023-06-05 13:31:00+00:00,19.0,Kitty Mug and Gel Pens,Home,Kitchen Small Appliances,Food Processors,,3,Good,Seller,19.0,20230601/000000000077.parquet,Appliances,Kitchen Appliance,category_mapping_v1_1,Recognizable appliance subtype; title QC for parts/accessories and miscategorizations.,NO,,INCLUDE,
102231884,2023-06-05 23:08:08+00:00,5.0,Bobs burgers Kuchi kopi 16oz mug with lid,Home,Kitchen Drinkware,Coffee Mugs,,1,New,Buyer,5.0,20230601/000000000222.parquet,Kitchen & Dining,Mugs & Cups,category_mapping_v1_1,Drinkware group; include title for price distinctions.,NO,,INCLUDE,
93374661,2023-06-05 23:22:36+00:00,12.0,Handmade Tropical Garden Patchwork Hand Stitched Queen Size Cotton QUILT 86x86”,Home,Bedding,Quilts,Handmade,2,Like new,Buyer,12.0,20230601/000000000222.parquet,Bedding & Bath,Blankets & Comforters,category_mapping_v1_1,Bedding textile group.,NO,,INCLUDE,
23494561,2023-06-06 18:58:08+00:00,11.0,AEO Apt Floral Mandala Tapestry,Home,Home decor,Tapestries,American Eagle,3,Good,Buyer,11.0,20230601/000000000310.parquet,Home Decor,Wall Art & Frames,category_mapping_v1_1,Source fine-grained subtype reasonably matches target; spot-check mislabeled listings.,NO,,INCLUDE,
179966695,2023-06-06 19:55:44+00:00,200.0,KitchenAid Artisan Design Series Tilt-Head Stand Mixer,Home,Home appliances,Kitchen appliances,KitchenAid,1,New,Buyer,200.0,20230601/000000000213.parquet,Appliances,Kitchen Appliance,title_rule,kitchen_appliance,NO,,INCLUDE,
182340287,2023-06-06 20:04:17+00:00,20.0,Casaluna Textured Bath Mat Sage Green 21 x 34 Cotton Bathroom Rug,Home,Bath,Bath rugs,,1,New,Buyer,20.0,20230601/000000000237.parquet,Home Decor,Rug & Mat,category_mapping_v1_1,Bath mat/rug.,NO,,INCLUDE,
145436989,2023-06-07 00:26:28+00:00,54.0,NWT Holiday 2022 Ombre Venti Studded Tumblers; Set of 2,Home,Kitchen Drinkware,Tumblers,Starbucks,1,New,Buyer,54.0,20230601/000000000234.parquet,Kitchen & Dining,Bottles & Tumblers,category_mapping_v1_1,Drinkware group; brands/collectibles may strongly affect price.,NO,,INCLUDE,
9138976,2023-06-07 05:13:45+00:00,25.0,Sonoma Goods RED TRUCK BARN Christmas Electric Wax Cube Plug In Warmer NEW,Home,Seasonal decor,Christmas,,1,New,Buyer,25.0,20230601/000000000241.parquet,Home Decor,Home Fragrance,title_rule,home_fragrance,NO,,INCLUDE,
147216172,2023-06-07 06:32:06+00:00,35.0,Coffee and Whiskey 3 Wick Candle by Bath and Body Works!,Home,Home decor,Home Candles,Bath & Body Works,1,New,Buyer,35.0,20230601/000000000077.parquet,Home Decor,Candles,title_rule,candle,NO,,INCLUDE,
52345164,2023-06-07 13:40:32+00:00,35.0,NEW 2023 Spring DUNKIN 24oz Iridescent Acrylic Double Walled Tumblers,Home,Kitchen Drinkware,Tumblers,Dunkin',1,New,Buyer,35.0,20230601/000000000222.parquet,Kitchen & Dining,Bottles & Tumblers,category_mapping_v1_1,Drinkware group; brands/collectibles may strongly affect price.,NO,,INCLUDE,
246093057,2023-06-07 14:50:57+00:00,10.0,"Tupperware Fridge Smart Storage Container No. 3991  & Lid 3992 6""x9""",Home,Kitchen Storage,Food Storage Containers,Tupperware,3,Good,Buyer,10.0,20230601/000000000234.parquet,Kitchen & Dining,Food Storage,category_mapping_v1_1,Storage containers/canisters; confirm reusable physical goods.,NO,,INCLUDE,
159778904,2023-06-07 17:00:18+00:00,55.0,Cuisinart Classic-Style Popcorn Maker,Home,Home appliances,Kitchen appliances,Handmade,1,New,Seller,55.0,20230601/000000000141.parquet,Appliances,Kitchen Appliance,title_rule,kitchen_appliance,NO,,INCLUDE,
30796442,2023-06-08 01:06:15+00:00,12.0,BrüMate Hopsulator Bott’l,Home,Kitchen Drinkware,Tumblers,Brumate,1,New,Buyer,12.0,20230601/000000000241.parquet,Kitchen & Dining,Bottles & Tumblers,category_mapping_v1_1,Drinkware group; brands/collectibles may strongly affect price.,NO,,INCLUDE,
87791704,2023-06-08 01:17:26+00:00,50.0,Queen sheet set,Home,Bedding,Bed Sheets,Cuddl Duds,1,New,Seller,50.0,20230601/000000000213.parquet,Bedding & Bath,Sheets & Pillowcases,category_mapping_v1_1,Textiles; confirm exact set composition.,NO,,INCLUDE,
197583189,2023-06-08 01:38:22+00:00,4.0,Starbucks Shiny Pewter Color Octagonal Mug Coffee Tea Cup Silver Gray Ceramic,Home,Kitchen Dinnerware,,Starbucks,2,Like new,Buyer,4.0,20230601/000000000148.parquet,Kitchen & Dining,Mugs & Cups,title_rule,mugs,NO,,INCLUDE,
27387000,2023-06-08 02:49:01+00:00,23.0,Vase off  white  24 in,Home,Home decor,Home decor accents,,1,New,Buyer,23.0,20230601/000000000206.parquet,Home Decor,Decorative Accessories,title_rule,decorative_accessory,NO,,INCLUDE,
107379587,2023-06-08 03:32:40+00:00,22.0,Flexipan muffin bakeware black Demarle,Home,Kitchen Bakeware,Cupcake & Muffin Pans,,2,Like new,Buyer,22.0,20230601/000000000222.parquet,Kitchen & Dining,Bakeware,category_mapping_v1_1,Reusable bakeware subtype.,NO,,INCLUDE,
110044481,2023-06-08 14:30:12+00:00,120.0,hearth and hand with Magnolia- 3pc F/Q Qstripe and Stich Embroidery comforter se,Home,Bedding,Comforter Sets,Hearth & Hand with Magnolia,1,New,Buyer,120.0,20230601/000000000206.parquet,Bedding & Bath,Blankets & Comforters,category_mapping_v1_1,Bedding textile group.,NO,,INCLUDE,
88991280,2023-06-08 18:02:59+00:00,22.0,Disney Alice in Wonderland Queen of Hearts Mug with topper,Home,Kitchen Drinkware,Coffee Mugs,Rae Dunn,1,New,Buyer,22.0,20230601/000000000206.parquet,Kitchen & Dining,Mugs & Cups,category_mapping_v1_1,Drinkware group; include title for price distinctions.,NO,,INCLUDE,
211577801,2023-06-08 18:07:34+00:00,26.0,Brand new Rae dunn disney alice in wonderland canister,Home,Kitchen Storage,Kitchen Canisters,Rae Dunn,1,New,Buyer,26.0,20230601/000000000206.parquet,Kitchen & Dining,Food Storage,category_mapping_v1_1,Storage containers/canisters; confirm reusable physical goods.,NO,,INCLUDE,
56937777,2023-06-08 20:37:21+00:00,8.0,Friday the 13th the game poster SDCC 2022,Home,Artwork,Posters,,2,Like new,Buyer,8.0,20230601/000000000213.parquet,Home Decor,Wall Art & Frames,category_mapping_v1_1,Wall art/prints; collectibles may be price outliers.,NO,,INCLUDE,
58464290,2023-06-08 21:31:59+00:00,109.0,"Mohawk Home VTG 2002 Full Wall Tapestry ""Ancient Garden Urn"" 54 X 80 Vail Oxley",Home,Home decor,Tapestries,Mohawk Home,3,Good,Buyer,109.0,20230601/000000000141.parquet,Home Decor,Wall Art & Frames,category_mapping_v1_1,Source fine-grained subtype reasonably matches target; spot-check mislabeled listings.,NO,,INCLUDE,
110010987,2023-06-09 10:53:30+00:00,38.0,Rae Dunn coffee mugs,Home,Kitchen Coffee & Espresso Makers,,Rae Dunn,2,Like new,Buyer,38.0,20230601/000000000237.parquet,Kitchen & Dining,Mugs & Cups,reviewer_qc,Reviewed sample decision,YES,,INCLUDE,
78117293,2023-06-09 13:57:45+00:00,13.0,"Live, Love, Laugh 2 Opening Photo Frame",Home,Home decor,Picture Frames,,1,New,Buyer,13.0,20230601/000000000234.parquet,Home Decor,Wall Art & Frames,category_mapping_v1_1,Source fine-grained subtype reasonably matches target; spot-check mislabeled listings.,NO,,INCLUDE,
142277266,2023-06-09 23:52:25+00:00,29.0,2022 Hallmark Ornament Disney Pixar x Precious Moments Jessie Toy Story Ornament,Home,Seasonal decor,Christmas,Hallmark,1,New,Buyer,29.0,20230601/000000000077.parquet,Home Decor,Seasonal Decorations,title_rule,seasonal_object,NO,,INCLUDE,
168696210,2023-06-10 03:27:30+00:00,15.0,Thor Kitchen Bundle,Home,Kitchen Drinkware,Drinking Glasses,Loot Crate,2,Like new,Buyer,15.0,20230601/000000000241.parquet,Kitchen & Dining,Mugs & Cups,category_mapping_v1_1,Drinkware group; include title for price distinctions.,NO,,INCLUDE,
50601111,2023-06-10 03:28:47+00:00,14.0,Rae Dunn PAPA BEAR Fathers Day mug,Home,Kitchen Drinkware,Coffee Mugs,Rae Dunn,1,New,Buyer,14.0,20230601/000000000206.parquet,Kitchen & Dining,Mugs & Cups,category_mapping_v1_1,Drinkware group; include title for price distinctions.,NO,,INCLUDE,
78396448,2023-06-10 04:29:02+00:00,3.0,ICE Ball Maker 6 Small Round Spheres,Home,Kitchen Gadgets & Tools,Ice Cube Trays,Amazon,3,Good,Buyer,3.0,20230601/000000000310.parquet,Kitchen & Dining,Kitchen Utensils & Tools,category_mapping_v1_1,Reusable kitchen utensil/tool subtype; spot-check individual listings.,NO,,INCLUDE,
186862069,2023-06-10 18:10:40+00:00,115.0,Progress Lighting Gulliver 17 in. 3-Light Brushed Nickel Semi-Flush Mount,Home,Home decor,Home Decor Lighting,Progress Lighting,1,New,Buyer,115.0,20230601/000000000234.parquet,Home Decor,Lamp & Lighting,category_mapping_v1_1,Source fine-grained subtype reasonably matches target; spot-check mislabeled listings.,NO,,INCLUDE,
162292053,2023-06-10 19:02:20+00:00,13.0,Set of 4 Single Tier Spice Racks,Home,Kitchen Storage,Kitchen Spice Racks,,2,Like new,Buyer,13.0,20230601/000000000077.parquet,Storage & Organization,Storage Shelves & Racks,category_mapping_v1_1,Storage rack.,NO,,INCLUDE,
123102181,2023-06-10 19:31:03+00:00,11.0,Japanese Wooden cutlery set,Home,Kitchen Cutlery,Kitchen Knife Sets,,2,Like new,Buyer,11.0,20230601/000000000148.parquet,Kitchen & Dining,Kitchen Utensils & Tools,category_mapping_v1_1,Reusable kitchen utensil/tool subtype; spot-check individual listings.,NO,,INCLUDE,
105724579,2023-06-10 21:36:11+00:00,100.0,"Christmas, 4th of July Blow Mold Blue Nutcracker 5ft Tall Toy Soldier",Home,Seasonal decor,Christmas,,1,New,Buyer,100.0,20230601/000000000310.parquet,Home Decor,Seasonal Decorations,title_rule,seasonal_object,NO,,INCLUDE,
171221665,2023-06-10 21:38:45+00:00,100.0,"Christmas, 4th of July Blow Mold Blue Nutcracker 5ft Tall Toy Soldier",Home,Seasonal decor,Christmas,,1,New,Buyer,100.0,20230601/000000000310.parquet,Home Decor,Seasonal Decorations,title_rule,seasonal_object,NO,,INCLUDE,
242394205,2023-06-10 22:05:55+00:00,14.0,Starbucks cold cup ornament keychain 2022,Home,Kitchen Drinkware,Tumblers,Starbucks,1,New,Buyer,14.0,20230601/000000000141.parquet,Kitchen & Dining,Bottles & Tumblers,category_mapping_v1_1,Drinkware group; brands/collectibles may strongly affect price.,NO,,INCLUDE,
70466834,2023-06-11 01:16:01+00:00,16.0,Ikemen Sengoku group A4 clear file,Home,Artwork,Posters,,2,Like new,Buyer,16.0,20230601/000000000141.parquet,Home Decor,Wall Art & Frames,category_mapping_v1_1,Wall art/prints; collectibles may be price outliers.,NO,,INCLUDE,
93545283,2023-06-11 12:55:33+00:00,20.0,4-Blade ceiling fan,Home,Home appliances,Fans,,3,Good,Buyer,20.0,20230601/000000000213.parquet,Appliances,Air Care & Climate,category_mapping_v1_1,Listings may be replacement parts or miscoded non-appliances; title review advised.,NO,,INCLUDE,
38028899,2023-06-11 17:40:25+00:00,15.0,Hearth & Hand Seagrass Storage Basket,Home,Storage & organization,Storage Bins,Magnolia,1,New,Buyer,15.0,20230601/000000000213.parquet,Storage & Organization,Storage Bins & Baskets,category_mapping_v1_1,"Check titles: several storage subtypes include empty gift boxes, bags, or hardware components.",NO,,INCLUDE,
114052189,2023-06-11 20:00:09+00:00,9.0,Pier 1 pasta bowl xlarge,Home,Kitchen Dinnerware,Bowls,Pier One,3,Good,Buyer,9.0,20230601/000000000206.parquet,Kitchen & Dining,Dinnerware,category_mapping_v1_1,"Direct dinnerware subtype, but spot-check mixed sets.",NO,,INCLUDE,
193755980,2023-06-11 21:03:08+00:00,9.0,Hello kitty lightswitch & bath mat,Home,Home decor,Doormats,Sanrio,4,Fair,Buyer,9.0,20230601/000000000310.parquet,Home Decor,Rug & Mat,category_mapping_v1_1,Source fine-grained subtype reasonably matches target; spot-check mislabeled listings.,NO,,INCLUDE,
235799058,2023-06-11 23:54:24+00:00,12.0,Disney Mickey Mouse Pillowcase,Home,Bedding,Pillowcases,Disney,2,Like new,Buyer,12.0,20230601/000000000234.parquet,Bedding & Bath,Sheets & Pillowcases,category_mapping_v1_1,Textiles; confirm exact set composition.,NO,,INCLUDE,
212164127,2023-06-11 23:55:37+00:00,200.0,Candle blow molds,Home,Seasonal decor,Christmas,Empire,3,Good,Buyer,200.0,20230601/000000000234.parquet,Home Decor,Candles,title_rule,candle,NO,,INCLUDE,
135033128,2023-06-12 01:56:39+00:00,16.0,Set of 7 Starbucks Halloween Cups EUC,Home,Kitchen Drinkware,Tumblers,Starbucks,2,Like new,Buyer,16.0,20230601/000000000310.parquet,Kitchen & Dining,Bottles & Tumblers,category_mapping_v1_1,Drinkware group; brands/collectibles may strongly affect price.,NO,,INCLUDE,
109747864,2023-06-12 02:51:07+00:00,5.0,Sherpa Throw Blanket,Home,Bedding,Throws,,1,New,Buyer,5.0,20230601/000000000310.parquet,Bedding & Bath,Blankets & Comforters,category_mapping_v1_1,Bedding textile group.,NO,,INCLUDE,
194435715,2023-06-12 03:19:45+00:00,17.0,"New Market Finds "" Good Morning Pumpkin"" Camper Mug",Home,Kitchen Drinkware,Coffee Mugs,T.J.Maxx,1,New,Buyer,17.0,20230601/000000000148.parquet,Kitchen & Dining,Mugs & Cups,category_mapping_v1_1,Drinkware group; include title for price distinctions.,NO,,INCLUDE,
184942921,2023-06-12 13:23:19+00:00,25.0,Rae Dunn Chicken Salt and Pepper Shakers,Home,Kitchen Gadgets & Tools,Salt & Pepper Shakers,Rae Dunn,1,New,Buyer,25.0,20230601/000000000234.parquet,Kitchen & Dining,Kitchen Utensils & Tools,category_mapping_v1_1,Reusable kitchen utensil/tool subtype; spot-check individual listings.,NO,,INCLUDE,
80928489,2023-06-12 16:02:24+00:00,120.0,Coffee grinder,Home,Kitchen Drinkware,Coffee Mugs,Breville,2,Like new,Buyer,120.0,20230601/000000000141.parquet,Kitchen & Dining,Mugs & Cups,category_mapping_v1_1,Drinkware group; include title for price distinctions.,NO,,INCLUDE,
36326847,2023-06-12 21:15:03+00:00,32.0,YETI 26 oz. Rambler Bottle with Chug Cap,Home,Kitchen Drinkware,Water Bottles,Yeti,1,New,Seller,32.0,20230601/000000000241.parquet,Kitchen & Dining,Bottles & Tumblers,category_mapping_v1_1,Drinkware group; brands/collectibles may strongly affect price.,NO,,INCLUDE,
132957477,2023-06-12 21:19:07+00:00,19.0,PIKACHU souvenir tin,Home,Kitchen Storage,Kitchen Canisters,Pokemon,3,Good,Buyer,19.0,20230601/000000000234.parquet,Kitchen & Dining,Food Storage,category_mapping_v1_1,Storage containers/canisters; confirm reusable physical goods.,NO,,INCLUDE,
211550654,2023-06-12 23:03:35+00:00,489.0,D & W Complete 17 Piece Black Cookware Bundle,Home,Kitchen Cookware,Cookware Sets,Palm,1,New,Buyer,489.0,20230601/000000000310.parquet,Kitchen & Dining,Cookware,category_mapping_v1_1,Recognizable cookware.,NO,,INCLUDE,
160970272,2023-06-13 00:57:04+00:00,48.0,Lenox Butterfly metal plastic thermos,Home,Kitchen Coffee & Espresso Makers,,Lenox,2,Like new,Seller,48.0,20230601/000000000241.parquet,Kitchen & Dining,Bottles & Tumblers,title_rule,bottles,NO,,INCLUDE,
29253179,2023-06-13 01:30:05+00:00,39.0,Bulova Quartz Wood Case Hexagon Shape Wall Clock With Sweeping Second Hand WORKS,Home,Home decor,Clocks,Bulova,3,Good,Buyer,39.0,20230601/000000000241.parquet,Home Decor,Clock,category_mapping_v1_1,Source fine-grained subtype reasonably matches target; spot-check mislabeled listings.,NO,,INCLUDE,
118105845,2023-06-13 02:08:40+00:00,17.0,Starbucks,Home,Kitchen Drinkware,Tumblers,Starbucks,1,New,Buyer,17.0,20230601/000000000141.parquet,Kitchen & Dining,Bottles & Tumblers,category_mapping_v1_1,Drinkware group; brands/collectibles may strongly affect price.,NO,,INCLUDE,
48293402,2023-06-13 04:24:11+00:00,3.0,Avon Christmas ornament,Home,Seasonal decor,Christmas,Avon,3,Good,Seller,3.0,20230601/000000000241.parquet,Home Decor,Seasonal Decorations,title_rule,seasonal_object,NO,,INCLUDE,
39145002,2023-06-13 07:50:49+00:00,133.0,ShiJia Moooni Modern 8 Lights Rectangular Crystal Chandelier ((245.00+VALUE))),Home,Home decor,Home decor accents,,1,New,Seller,133.0,20230601/000000000148.parquet,Home Decor,Lamp & Lighting,title_rule,lamp,NO,,INCLUDE,
225309415,2023-06-13 11:05:56+00:00,32.0,Fiesta Ring Handle Coffee Mug w/ Black Cat - Scarlet Red - HLC USA,Home,Kitchen Drinkware,Coffee Mugs,Fiesta,2,Like new,Seller,32.0,20230601/000000000148.parquet,Kitchen & Dining,Mugs & Cups,category_mapping_v1_1,Drinkware group; include title for price distinctions.,NO,,INCLUDE,
114704751,2023-06-13 16:20:47+00:00,13.0,Towel,Home,Bedding,Blankets,Vera Bradley,2,Like new,Buyer,13.0,20230601/000000000213.parquet,Bedding & Bath,Blankets & Comforters,category_mapping_v1_1,Bedding textile group.,NO,,INCLUDE,
38507716,2023-06-13 16:25:29+00:00,25.0,Wilton cookie pro ultra II cookie press. Like New. Never used.,Home,Kitchen Baking & Cake Accessories,Cookie Cutters,Wilton,2,Like new,Buyer,25.0,20230601/000000000077.parquet,Kitchen & Dining,Bakeware,category_mapping_v1_1,Reusable baking accessory.,NO,,INCLUDE,
206532570,2023-06-13 18:05:58+00:00,26.0,Ellen Degeneres By Royal  Doulton London 4 Mug Gift Set,Home,Kitchen Drinkware,Coffee Mugs,Royal Doulton,2,Like new,Buyer,26.0,20230601/000000000141.parquet,Kitchen & Dining,Mugs & Cups,category_mapping_v1_1,Drinkware group; include title for price distinctions.,NO,,INCLUDE,
164513384,2023-06-13 20:51:08+00:00,32.0,Patriotic Red White & Blue Heart American Flag Oversized Throw Blanket by EnVogu,Home,Bedding,Throws,enVogue,1,New,Buyer,32.0,20230601/000000000310.parquet,Bedding & Bath,Blankets & Comforters,category_mapping_v1_1,Bedding textile group.,NO,,INCLUDE,
194825797,2023-06-13 22:16:38+00:00,24.0,THL coffee canister NEW,Home,Kitchen Storage,,Thl,1,New,Buyer,24.0,20230601/000000000234.parquet,Kitchen & Dining,Food Storage,title_rule,food_storage,NO,,INCLUDE,
77630231,2023-06-13 22:35:57+00:00,75.0,Tiffany & Co. Wine Glass (1),Home,Kitchen Barware,Wine Glasses,Tiffany & Co.,3,Good,Buyer,75.0,20230601/000000000148.parquet,Kitchen & Dining,Mugs & Cups,category_mapping_v1_1,Drinkware subtype; inspect collectibles/sets.,NO,,INCLUDE,
80994805,2023-06-13 22:38:03+00:00,22.0,Outworld Advisory Shaolin Content Kombat Mortal 8x12 Metal Wall Sign Poster,Home,Home decor,Home decor accents,,1,New,Seller,22.0,20230601/000000000213.parquet,Home Decor,Wall Art & Frames,title_rule,wall_art,NO,,INCLUDE,
231432634,2023-06-14 06:25:16+00:00,50.0,Rae Dunn Christmas santa's cookies skinny canister,Home,Kitchen Storage,Kitchen Canisters,Rae Dunn,2,Like new,Buyer,50.0,20230601/000000000237.parquet,Kitchen & Dining,Food Storage,category_mapping_v1_1,Storage containers/canisters; confirm reusable physical goods.,NO,,INCLUDE,
231455457,2023-06-14 06:35:30+00:00,213.0,Noble for canister,Home,Kitchen Storage,Kitchen Canisters,Rae Dunn,2,Like new,Buyer,213.0,20230601/000000000237.parquet,Kitchen & Dining,Food Storage,category_mapping_v1_1,Storage containers/canisters; confirm reusable physical goods.,NO,,INCLUDE,
158040247,2023-06-14 16:58:21+00:00,5.0,Toilet Bowl Light,Home,Bath,Bathroom accessories,,1,New,Buyer,5.0,20230601/000000000206.parquet,Kitchen & Dining,Dinnerware,title_rule,dinnerware,NO,,INCLUDE,
184871263,2023-06-14 17:28:35+00:00,120.0,"40""Candy Cane Blow Mold",Home,Seasonal decor,Christmas,Union,3,Good,Seller,120.0,20230601/000000000237.parquet,Home Decor,Seasonal Decorations,title_rule,seasonal_object,NO,,INCLUDE,
32230620,2023-06-15 02:59:00+00:00,54.0,Rae Dunn fresh cow pitcher,Home,Seasonal decor,Halloween,Rae Dunn,1,New,Buyer,54.0,20230601/000000000222.parquet,Kitchen & Dining,Servingware,title_rule,serveware,NO,,INCLUDE,
129267247,2023-06-15 06:24:58+00:00,350.0,Rae Dunn OG Tricks Sweets and Treats,Home,Kitchen Storage,Kitchen Canisters,Rae Dunn,2,Like new,Buyer,350.0,20230601/000000000237.parquet,Kitchen & Dining,Food Storage,category_mapping_v1_1,Storage containers/canisters; confirm reusable physical goods.,NO,,INCLUDE,
77933792,2023-06-15 09:43:42+00:00,10.0,meuut medical scissors emt trauma shears + penlight Pink New,Home,Kitchen Cutlery,Kitchen Scissors & Shears,,1,New,Seller,10.0,20230601/000000000077.parquet,Kitchen & Dining,Kitchen Utensils & Tools,category_mapping_v1_1,Reusable kitchen utensil/tool subtype; spot-check individual listings.,NO,,INCLUDE,
43853745,2023-06-15 14:39:50+00:00,130.0,Jack Lalanne Power Juicer (CL-003-AP) 3600 RPM -2.5 AMP MOTOR New,Home,Kitchen Gadgets & Tools,Manual Juicers,Jack LaLanne,1,New,Buyer,130.0,20230601/000000000148.parquet,Appliances,Kitchen Appliance,title_rule,kitchen_appliance,NO,,INCLUDE,
192920014,2023-06-15 16:41:04+00:00,28.0,Nicole Miller home comforter -,Home,Bedding,Comforter Sets,Nicole Miller,2,Like new,Buyer,28.0,20230601/000000000222.parquet,Bedding & Bath,Blankets & Comforters,category_mapping_v1_1,Bedding textile group.,NO,,INCLUDE,
31438282,2023-06-15 18:19:46+00:00,27.0,x3 LINEN & LAVENDER Room Spray B&BW,Home,Home decor,Home fragrance,Bath & Body Works,1,New,Buyer,27.0,20230601/000000000077.parquet,Home Decor,Home Fragrance,title_rule,home_fragrance,NO,,INCLUDE,
63556348,2023-06-15 20:01:48+00:00,25.0,Owala 24 oz. FreeSip Stainless Steel Water Bottle Color: Palm Springs,Home,Kitchen Drinkware,Water Bottles,,1,New,Seller,25.0,20230601/000000000222.parquet,Kitchen & Dining,Bottles & Tumblers,category_mapping_v1_1,Drinkware group; brands/collectibles may strongly affect price.,NO,,INCLUDE,
179633137,2023-06-15 22:11:34+00:00,10.0,One recycled materials Starbucks mug,Home,Kitchen Drinkware,Coffee Mugs,Starbucks,1,New,Buyer,10.0,20230601/000000000234.parquet,Kitchen & Dining,Mugs & Cups,category_mapping_v1_1,Drinkware group; include title for price distinctions.,NO,,INCLUDE,
212324720,2023-06-16 00:09:48+00:00,95.0,D & W Skillet Bundle x 3,Home,Kitchen Cookware,Cookware Sets,Palm,1,New,Buyer,95.0,20230601/000000000148.parquet,Kitchen & Dining,Cookware,category_mapping_v1_1,Recognizable cookware.,NO,,INCLUDE,
110302274,2023-06-16 06:17:43+00:00,24.0,Rae Dunn coffee kisses mug,Home,Seasonal decor,Christmas,Rae Dunn,1,New,Buyer,24.0,20230601/000000000206.parquet,Kitchen & Dining,Mugs & Cups,title_rule,mugs,NO,,INCLUDE,
184976173,2023-06-16 19:07:55+00:00,67.0,GamerSupps GG Waifu Cup Shaker,Home,Kitchen Drinkware,Tumblers,,1,New,Buyer,67.0,20230601/000000000241.parquet,Kitchen & Dining,Bottles & Tumblers,category_mapping_v1_1,Drinkware group; brands/collectibles may strongly affect price.,NO,,INCLUDE,
46349365,2023-06-16 21:25:32+00:00,24.0,Tool Lateralus Poster,Home,Artwork,Posters,,1,New,Buyer,24.0,20230601/000000000148.parquet,Home Decor,Wall Art & Frames,category_mapping_v1_1,Wall art/prints; collectibles may be price outliers.,NO,,INCLUDE,
139005254,2023-06-16 21:41:27+00:00,18.0,King sheets,Home,Bedding,Bed Sheets,,1,New,Buyer,18.0,20230601/000000000234.parquet,Bedding & Bath,Sheets & Pillowcases,category_mapping_v1_1,Textiles; confirm exact set composition.,NO,,INCLUDE,
211609468,2023-06-16 22:19:14+00:00,24.0,Set 4 WILD FLOWERS Butterfly Melamine 11” Dinner Plate The Farmhouse Ashwell NWT,Home,Kitchen Dinnerware,,,1,New,Buyer,24.0,20230601/000000000241.parquet,Kitchen & Dining,Dinnerware,title_rule,dinnerware,NO,,INCLUDE,
173074966,2023-06-17 01:16:43+00:00,55.0,"""COSMO KRAMER""  Print on Canvas 18 x 26",Home,Artwork,Posters & prints,,1,New,Buyer,55.0,20230601/000000000241.parquet,Home Decor,Wall Art & Frames,category_mapping_v1_1,Wall art/prints; collectibles may be price outliers.,NO,,INCLUDE,
60987858,2023-06-17 02:22:41+00:00,17.0,11 oz Mug - Valentine’s Day - Gnome - FREE SHIPPING,Home,Kitchen Drinkware,Coffee Mugs,,1,New,Seller,17.0,20230601/000000000206.parquet,Kitchen & Dining,Mugs & Cups,category_mapping_v1_1,Drinkware group; include title for price distinctions.,NO,,INCLUDE,
236770584,2023-06-17 02:23:12+00:00,17.0,11 oz Gnome Mug - Valentine’s- Love - FREE SHIPPING,Home,Kitchen Drinkware,Coffee Mugs,,1,New,Seller,17.0,20230601/000000000206.parquet,Kitchen & Dining,Mugs & Cups,category_mapping_v1_1,Drinkware group; include title for price distinctions.,NO,,INCLUDE,
136066431,2023-06-17 18:01:56+00:00,9.0,Rae Dunn “CREATE” Mug,Home,Kitchen Drinkware,Coffee Mugs,Rae Dunn,1,New,Buyer,9.0,20230601/000000000148.parquet,Kitchen & Dining,Mugs & Cups,category_mapping_v1_1,Drinkware group; include title for price distinctions.,NO,,INCLUDE,
9088610,2023-06-17 18:02:44+00:00,5.0,Imagine Rae Dunn Mug,Home,Kitchen Drinkware,Coffee Mugs,Rae Dunn,2,Like new,Buyer,5.0,20230601/000000000148.parquet,Kitchen & Dining,Mugs & Cups,category_mapping_v1_1,Drinkware group; include title for price distinctions.,NO,,INCLUDE,
55847549,2023-06-17 18:03:26+00:00,4.0,Rae Dunn mug,Home,Kitchen Coffee & Espresso Makers,,Rae Dunn,1,New,Buyer,4.0,20230601/000000000148.parquet,Kitchen & Dining,Mugs & Cups,title_rule,mugs,NO,,INCLUDE,
227001082,2023-06-17 22:59:44+00:00,100.0,LeCreuset Signature Enameled Cast Iron Deep Sauté Pan,Home,Kitchen Cookware,Skillets,Le Creuset,3,Good,Buyer,100.0,20230601/000000000237.parquet,Kitchen & Dining,Cookware,category_mapping_v1_1,Recognizable cookware.,NO,,INCLUDE,
65561702,2023-06-18 01:23:39+00:00,10.0,"Donald Trump Clock, TESTED WORKS, No sound",Home,Home decor,Home decor accents,Donald Trump,3,Good,Buyer,10.0,20230601/000000000234.parquet,Home Decor,Clock,title_rule,clock,NO,,INCLUDE,
79263026,2023-06-18 02:13:54+00:00,10.0,Camel cigarettes coffee cup,Home,Kitchen Drinkware,Coffee Mugs,Camel,4,Fair,Buyer,10.0,20230601/000000000141.parquet,Kitchen & Dining,Mugs & Cups,category_mapping_v1_1,Drinkware group; include title for price distinctions.,NO,,INCLUDE,
147805228,2023-06-18 03:08:05+00:00,50.0,Scott C The New Friends Nic Cage Pedro Pascal Great Showdowns Print,Home,Artwork,Art Prints,,1,New,Buyer,50.0,20230601/000000000148.parquet,Home Decor,Wall Art & Frames,category_mapping_v1_1,Wall art/prints; collectibles may be price outliers.,NO,,INCLUDE,
164249605,2023-06-18 15:40:07+00:00,18.0,Cow Parade You Can't Have a Parade Without a Clown Picture Frame #7210,Home,Home decor,Picture Frames,,3,Good,Buyer,18.0,20230601/000000000213.parquet,Home Decor,Wall Art & Frames,category_mapping_v1_1,Source fine-grained subtype reasonably matches target; spot-check mislabeled listings.,NO,,INCLUDE,
138881167,2023-06-18 16:15:03+00:00,19.0,Starbucks Matte Black Reusable Cups,Home,Kitchen Drinkware,Tumblers,Starbucks,1,New,Buyer,19.0,20230601/000000000310.parquet,Kitchen & Dining,Bottles & Tumblers,category_mapping_v1_1,Drinkware group; brands/collectibles may strongly affect price.,NO,,INCLUDE,
219686394,2023-06-18 16:42:45+00:00,105.0,Gourmia Digital XL Air Fryer Pull Door Oven,Home,Kitchen Small Appliances,Air Fryers,Gourmia,2,Like new,Buyer,105.0,20230601/000000000241.parquet,Appliances,Kitchen Appliance,category_mapping_v1_1,Recognizable appliance subtype; title QC for parts/accessories and miscategorizations.,NO,,INCLUDE,
179956861,2023-06-18 20:12:35+00:00,38.0,"Mellow Studio Surfing/Volkswagen Plush Throw Blanket- 50"" x 70""-New",Home,Bedding,Blankets,,1,New,Buyer,38.0,20230601/000000000141.parquet,Bedding & Bath,Blankets & Comforters,category_mapping_v1_1,Bedding textile group.,NO,,INCLUDE,
204727410,2023-06-18 23:18:03+00:00,18.0,Parrot Tiki mug/vase,Home,Kitchen Barware,Cocktail Glasses,,2,Like new,Buyer,18.0,20230601/000000000234.parquet,Kitchen & Dining,Mugs & Cups,category_mapping_v1_1,Drinkware subtype; inspect collectibles/sets.,NO,,INCLUDE,
117776936,2023-06-19 16:17:06+00:00,75.0,Levtex Home - Mills Waffle - Full/Queen Quilt Set - Taupe Cotton Waffle,Home,Bedding,Quilts,,1,New,Buyer,75.0,20230601/000000000206.parquet,Bedding & Bath,Blankets & Comforters,category_mapping_v1_1,Bedding textile group.,NO,,INCLUDE,
173556984,2023-06-19 19:31:45+00:00,38.0,RARE le creuset salt pig salt keeper in matte sea salt,Home,Kitchen & dining,Other,Le Creuset,3,Good,Buyer,38.0,20230601/000000000141.parquet,Kitchen & Dining,Servingware,user_override,"Salt pig is a tabletop salt vessel, not general food storage; rare-title warning retained.",YES,collector_pricing_risk,INCLUDE,
47833982,2023-06-19 19:41:00+00:00,125.0,HOCUS POCUS STOCKINGS,Home,Seasonal decor,Halloween,Handmade,1,New,Buyer,125.0,20230601/000000000241.parquet,Home Decor,Seasonal Decorations,title_rule,seasonal_object,NO,,INCLUDE,
83380233,2023-06-19 19:41:52+00:00,24.0,3-Piece Dish Drainer,Home,Kitchen Utensils,Kitchen Colanders,,1,New,Seller,24.0,20230601/000000000234.parquet,Kitchen & Dining,Kitchen Utensils & Tools,category_mapping_v1_1,Reusable kitchen utensil/tool subtype; spot-check individual listings.,NO,,INCLUDE,
240713651,2023-06-19 22:39:36+00:00,130.0,Minnie Forever Cloud Blanket,Home,Bedding,Blankets,little sleepies,1,New,Seller,130.0,20230601/000000000148.parquet,Bedding & Bath,Blankets & Comforters,category_mapping_v1_1,Bedding textile group.,NO,,INCLUDE,
40791224,2023-06-20 02:27:09+00:00,16.0,Call of Duty WW2 (WWII) PS4 Pro Steelbook NO GAME,Home,Artwork,Paintings,Activision,3,Good,Buyer,16.0,20230601/000000000077.parquet,Home Decor,Wall Art & Frames,category_mapping_v1_1,Wall art/prints; collectibles may be price outliers.,NO,,INCLUDE,
86030212,2023-06-20 16:55:16+00:00,15.0,"Girl Meets Farm by Molly Yeh set of 4 glass containers W/ spoon. NEW, UNOPENED",Home,Kitchen Serveware,Serving Bowls,,1,New,Buyer,15.0,20230601/000000000241.parquet,Kitchen & Dining,Servingware,category_mapping_v1_1,Recognizable reusable servingware subtype; individual listings can still be misclassified.,NO,,INCLUDE,
106491309,2023-06-20 20:07:41+00:00,15.0,Disney Winnie the Pooh Miniature Tea Set,Home,Kitchen Drinkware,Coffee Mugs,Disney,3,Good,Buyer,15.0,20230601/000000000234.parquet,Kitchen & Dining,Mugs & Cups,category_mapping_v1_1,Drinkware group; include title for price distinctions.,NO,,INCLUDE,
232616203,2023-06-20 23:06:22+00:00,255.0,Reiq Juri Han Street Fighter 6 24 x 36 Lustre Print Material Art Print,Home,Artwork,Art Prints,Street Fighter,1,New,Buyer,255.0,20230601/000000000241.parquet,Home Decor,Wall Art & Frames,category_mapping_v1_1,Wall art/prints; collectibles may be price outliers.,NO,,INCLUDE,
135464093,2023-06-21 09:30:30+00:00,14.0,Sage Green Sheer Curtains 52X84 Inches Long 2 Panels Window Curtains/Drapes -NWT,Home,Home decor,Window treatments,,1,New,Buyer,14.0,20230601/000000000237.parquet,Home Decor,Curtains & Window Treatments,category_mapping_v1_1,Source fine-grained subtype reasonably matches target; spot-check mislabeled listings.,NO,,INCLUDE,
208394671,2023-06-21 14:25:23+00:00,10.0,Tahitian Twilight Scentsy Wax Bar,Home,Home decor,Home fragrance,Scentsy,1,New,Seller,10.0,20230601/000000000077.parquet,Home Decor,Home Fragrance,title_rule,home_fragrance,NO,,INCLUDE,
18184002,2023-06-21 14:28:24+00:00,20.0,Marth Stewart Dutch Oven,Home,Kitchen Cookware,,Martha Stewart,3,Good,Buyer,20.0,20230601/000000000234.parquet,Kitchen & Dining,Cookware,title_rule,cookware,NO,,INCLUDE,
146419056,2023-06-21 15:44:59+00:00,47.0,30oz stanley tumbler,Home,Kitchen Drinkware,Tumblers,Stanley,1,New,Buyer,47.0,20230601/000000000077.parquet,Kitchen & Dining,Bottles & Tumblers,category_mapping_v1_1,Drinkware group; brands/collectibles may strongly affect price.,NO,,INCLUDE,
10993799,2023-06-21 18:21:07+00:00,47.0,Stanley THE QUENCHER H2.0 FLOWSTATE™ TUMBLER (SOFT MATTE) | 40 OZ Stormy sea,Home,Kitchen Drinkware,Tumblers,Stanley,1,New,Seller,47.0,20230601/000000000222.parquet,Kitchen & Dining,Bottles & Tumblers,category_mapping_v1_1,Drinkware group; brands/collectibles may strongly affect price.,NO,,INCLUDE,
234404555,2023-06-21 18:30:15+00:00,30.0,"Charisma 6 Piece Sheet Set, Queen",Home,Bedding,Bed Sheets,Charisma,1,New,Buyer,30.0,20230601/000000000077.parquet,Bedding & Bath,Sheets & Pillowcases,category_mapping_v1_1,Textiles; confirm exact set composition.,NO,,INCLUDE,
13850355,2023-06-21 22:44:00+00:00,26.0,Humidifiers for Bedroom,Home,Home appliances,Humidifiers,,1,New,Buyer,26.0,20230601/000000000077.parquet,Appliances,Air Care & Climate,category_mapping_v1_1,Listings may be replacement parts or miscoded non-appliances; title review advised.,NO,,INCLUDE,
135192447,2023-06-21 23:03:40+00:00,12.0,New Disney Store Olaf Beach Towel,Home,Bath,Towels,Disney,1,New,Buyer,12.0,20230601/000000000234.parquet,Bedding & Bath,Bath Towels,category_mapping_v1_1,Home bath linens.,NO,,INCLUDE,
244157518,2023-06-22 14:21:46+00:00,15.0,"2pk 3-Shelf Hanging Closet Organizers w/ Side Pocket 12.2"" D x 12.2"" W x 27.9"" H",Home,Storage & organization,Clothing & closet storage,,1,New,Seller,15.0,20230601/000000000213.parquet,Storage & Organization,Closet Organizers,title_rule,closet,NO,,INCLUDE,
244486114,2023-06-22 15:25:15+00:00,8.0,Fireball Shot Glasses,Home,Kitchen Barware,Shot Glasses,,1,New,Buyer,8.0,20230601/000000000148.parquet,Kitchen & Dining,Mugs & Cups,category_mapping_v1_1,Drinkware subtype; inspect collectibles/sets.,NO,,INCLUDE,
48468214,2023-06-23 00:39:00+00:00,8.0,Frankenstein Pillow Plush,Home,Home decor,Decorative pillows,,3,Good,Buyer,8.0,20230601/000000000241.parquet,Home Decor,Decorative Pillow,category_mapping_v1_1,Source fine-grained subtype reasonably matches target; spot-check mislabeled listings.,NO,,INCLUDE,
199040519,2023-06-23 03:29:31+00:00,30.0,Superman Tumbler,Home,Kitchen Drinkware,Tumblers,,1,New,Buyer,30.0,20230601/000000000222.parquet,Kitchen & Dining,Bottles & Tumblers,category_mapping_v1_1,Drinkware group; brands/collectibles may strongly affect price.,NO,,INCLUDE,
202643111,2023-06-23 05:28:48+00:00,15.0,Animal Stacking Mugs Set with Metal Rack 12oz,Home,Kitchen Drinkware,Coffee Mugs,Celebrate It,2,Like new,Buyer,15.0,20230601/000000000234.parquet,Kitchen & Dining,Mugs & Cups,category_mapping_v1_1,Drinkware group; include title for price distinctions.,NO,,INCLUDE,
132432422,2023-06-23 05:34:29+00:00,98.0,Stanley Dusk Landscape 40 oz Adventure Quencher,Home,Kitchen Drinkware,Tumblers,Stanley,1,New,Buyer,98.0,20230601/000000000213.parquet,Kitchen & Dining,Bottles & Tumblers,category_mapping_v1_1,Drinkware group; brands/collectibles may strongly affect price.,NO,,INCLUDE,
221295522,2023-06-23 19:47:04+00:00,13.0,Robe hook,Home,Bath,Bathroom accessories,Pegasus,1,New,Buyer,13.0,20230601/000000000222.parquet,Bedding & Bath,Bathroom Accessories,title_rule,bath_accessories,NO,,INCLUDE,
213774224,2023-06-23 22:40:44+00:00,20.0,Starbucks Tumbler peach jeweled cold cup NEW release 2023 May!-LOW IN STOCK,Home,Kitchen Drinkware,Tumblers,Starbucks,1,New,Seller,20.0,20230601/000000000237.parquet,Kitchen & Dining,Bottles & Tumblers,category_mapping_v1_1,Drinkware group; brands/collectibles may strongly affect price.,NO,,INCLUDE,
146112455,2023-06-24 00:07:10+00:00,24.0,Scentsy Around The Campfire Wax bar lot of 3,Home,Home decor,Home fragrance,Scentsy,1,New,Buyer,24.0,20230601/000000000077.parquet,Home Decor,Home Fragrance,title_rule,home_fragrance,NO,,INCLUDE,
44144913,2023-06-24 04:01:52+00:00,20.0,Rae Dunn Chubby Canister Disney Princess Cinderella NEW Cookie Jar,Home,Kitchen Storage,Kitchen Canisters,Rae Dunn,1,New,Buyer,20.0,20230601/000000000237.parquet,Kitchen & Dining,Food Storage,category_mapping_v1_1,Storage containers/canisters; confirm reusable physical goods.,NO,,INCLUDE,
122919361,2023-06-24 04:47:46+00:00,25.0,Boot Rack,Home,Storage & organization,Storage Racks,,1,New,Buyer,25.0,20230601/000000000148.parquet,Storage & Organization,Storage Shelves & Racks,category_mapping_v1_1,"Check titles: several storage subtypes include empty gift boxes, bags, or hardware components.",NO,,INCLUDE,
199552639,2023-06-24 08:10:08+00:00,6.0,"Martha Stewart Mattress Pad cover, Creative for Macys",Home,Bedding,Mattress pads,Martha Stewart,2,Like new,Buyer,6.0,20230601/000000000237.parquet,Bedding & Bath,Pillow & Bedding Accessories,category_mapping_v1_1,Bedding accessories; inspect unusual items/brands.,NO,,INCLUDE,
6676812,2023-06-24 10:20:45+00:00,22.0,Pearl Jam Camden 2022 Freedom Mortgage Pavilion Poster 16x24,Home,Artwork,Posters,,1,New,Buyer,22.0,20230601/000000000234.parquet,Home Decor,Wall Art & Frames,category_mapping_v1_1,Wall art/prints; collectibles may be price outliers.,NO,,INCLUDE,
95798865,2023-06-24 13:38:58+00:00,15.0,The Pioneer Woman Paige Red dinner plates,Home,Kitchen Dinnerware,,Pioneer Woman,4,Fair,Buyer,15.0,20230601/000000000310.parquet,Kitchen & Dining,Dinnerware,title_rule,dinnerware,NO,,INCLUDE,
160132535,2023-06-24 17:54:06+00:00,20.0,Ghost Mug,Home,Seasonal decor,Halloween,Crofton,2,Like new,Buyer,20.0,20230601/000000000237.parquet,Kitchen & Dining,Mugs & Cups,reviewer_qc,Reviewed sample decision,YES,,INCLUDE,
26451560,2023-06-24 18:11:00+00:00,35.0,Persephone Veronese Statue,Home,Home decor,Home decor accents,,3,Good,Buyer,35.0,20230601/000000000310.parquet,Home Decor,Decorative Accessories,title_rule,decorative_accessory,NO,,INCLUDE,
11851077,2023-06-24 21:16:46+00:00,45.0,Isaac Mizrahi - 2 Beach Themed Casual Throw Pillows 17” Square EUC,Home,Home decor,Decorative pillows,Isaac Mizrahi,3,Good,Seller,45.0,20230601/000000000141.parquet,Home Decor,Decorative Pillow,category_mapping_v1_1,Source fine-grained subtype reasonably matches target; spot-check mislabeled listings.,NO,,INCLUDE,
96203276,2023-06-24 21:32:36+00:00,12.0,Target Threshold Small Stoneware Food Storage Canister in White/Gray Wooden Lid,Home,Kitchen Storage,Kitchen Jars,Threshold,1,New,Buyer,12.0,20230601/000000000234.parquet,Kitchen & Dining,Food Storage,category_mapping_v1_1,Storage containers/canisters; confirm reusable physical goods.,NO,,INCLUDE,
176237774,2023-06-25 01:12:30+00:00,12.0,IKEA ISPIGG 20x20 Pillow Cover Blue Tan Stripe Neutral,Home,Bedding,Pillow Covers,IKEA,1,New,Buyer,12.0,20230601/000000000206.parquet,Bedding & Bath,Sheets & Pillowcases,category_mapping_v1_1,Textiles; confirm exact set composition.,NO,,INCLUDE,
20320081,2023-06-25 05:36:30+00:00,72.0,Coffee bean and tea leaf espresso/coffee maker,Home,Kitchen Coffee & Espresso Makers,,,3,Good,Buyer,72.0,20230601/000000000241.parquet,Appliances,Coffee & Espresso Machine,title_rule,coffee_machine,NO,,INCLUDE,
142730703,2023-06-25 12:18:11+00:00,29.0,Bath and Body Works Candle,Home,Home decor,Home Candles,Bath & Body Works,1,New,Buyer,29.0,20230601/000000000148.parquet,Home Decor,Candles,title_rule,candle,NO,,INCLUDE,
158560083,2023-06-25 14:23:06+00:00,5.0,pink storage cubes,Home,Storage & organization,Storage Bins,Target,3,Good,Buyer,5.0,20230601/000000000206.parquet,Storage & Organization,Storage Bins & Baskets,category_mapping_v1_1,"Check titles: several storage subtypes include empty gift boxes, bags, or hardware components.",NO,,INCLUDE,
108053362,2023-06-25 15:10:11+00:00,1.0,Christmas Stocking,Home,Seasonal decor,Christmas,Target,3,Good,Seller,1.0,20230601/000000000148.parquet,Home Decor,Seasonal Decorations,title_rule,seasonal_object,NO,,INCLUDE,
134066516,2023-06-25 15:26:22+00:00,6.0,Wild Sage Green Aries Zodiac Mug,Home,Kitchen Drinkware,Coffee Mugs,,1,New,Buyer,6.0,20230601/000000000141.parquet,Kitchen & Dining,Mugs & Cups,category_mapping_v1_1,Drinkware group; include title for price distinctions.,NO,,INCLUDE,
190668307,2023-06-25 15:36:24+00:00,9.0,Opalhouse Pink Peonies and Matcha Candle,Home,Home decor,Home Candles,Opalhouse,3,Good,Buyer,9.0,20230601/000000000241.parquet,Home Decor,Candles,title_rule,candle,NO,,INCLUDE,
46156381,2023-06-25 20:23:29+00:00,76.0,Stanley 40 oz Pink Dust Tumbler,Home,Kitchen Drinkware,Tumblers,Stanley,1,New,Buyer,76.0,20230601/000000000310.parquet,Kitchen & Dining,Bottles & Tumblers,category_mapping_v1_1,Drinkware group; brands/collectibles may strongly affect price.,NO,,INCLUDE,
96733373,2023-06-25 21:34:44+00:00,95.0,Standing Desk,Home,Home Office Furniture,,,3,Good,Buyer,95.0,20230601/000000000141.parquet,Furniture,Desk,title_rule,desk,NO,,INCLUDE,
5998673,2023-06-25 21:37:43+00:00,44.0,Disney Lilo & Stitch Quilt Blanket,Home,Bedding,Quilts,Disney,1,New,Buyer,44.0,20230601/000000000148.parquet,Bedding & Bath,Blankets & Comforters,category_mapping_v1_1,Bedding textile group.,NO,,INCLUDE,
213879224,2023-06-26 14:21:00+00:00,13.0,Rae Dunn “LAND OF LIBERTY” mug,Home,Kitchen Drinkware,Coffee Mugs,Rae Dunn,1,New,Buyer,13.0,20230601/000000000206.parquet,Kitchen & Dining,Mugs & Cups,category_mapping_v1_1,Drinkware group; include title for price distinctions.,NO,,INCLUDE,
127702469,2023-06-26 23:21:31+00:00,20.0,Fraggle rock 2 20oz stainless steel tumbler,Home,Kitchen Drinkware,Tumblers,Handmade,1,New,Buyer,20.0,20230601/000000000148.parquet,Kitchen & Dining,Bottles & Tumblers,category_mapping_v1_1,Drinkware group; brands/collectibles may strongly affect price.,NO,,INCLUDE,
192240290,2023-06-27 15:08:38+00:00,24.0,Art & Cook 25-Pc. Cutlery Set,Home,Kitchen Cutlery,Kitchen Knife Sets,Macy's,1,New,Buyer,24.0,20230601/000000000222.parquet,Kitchen & Dining,Kitchen Utensils & Tools,category_mapping_v1_1,Reusable kitchen utensil/tool subtype; spot-check individual listings.,NO,,INCLUDE,
89617209,2023-06-27 16:52:58+00:00,160.0,Roller Rabbit Amanda Quilt,Home,Bedding,Quilts,Roberta Roller Rabbit,3,Good,Buyer,160.0,20230601/000000000141.parquet,Bedding & Bath,Blankets & Comforters,category_mapping_v1_1,Bedding textile group.,NO,,INCLUDE,
209980260,2023-06-27 17:29:27+00:00,29.0,Tupperware Flavor Saver Container,Home,Storage & organization,Kitchen storage & organization,Tupperware,1,New,Buyer,29.0,20230601/000000000222.parquet,Kitchen & Dining,Food Storage,title_rule,food_storage,NO,,INCLUDE,
114900187,2023-06-27 17:32:36+00:00,23.0,(Nip) TUPPERWARE FLAVOR SAVER,Home,Kitchen Storage,Food Storage Containers,Tupperware,1,New,Buyer,23.0,20230601/000000000222.parquet,Kitchen & Dining,Food Storage,category_mapping_v1_1,Storage containers/canisters; confirm reusable physical goods.,NO,,INCLUDE,
107538293,2023-06-27 18:48:26+00:00,14.0,"Hello Kitty Utensil Set; Fork, Spoon, Chopsticks & Travel Pouch. Brand New!",Home,Kitchen Utensils,,Hello Kitty,2,Like new,Buyer,14.0,20230601/000000000206.parquet,Kitchen & Dining,Kitchen Utensils & Tools,title_rule,kitchen_tools,NO,,INCLUDE,
188553991,2023-06-27 19:24:51+00:00,60.0,Keurig K-Elite Single-Serve K-Cup Pod Coffee Maker with Iced Coffee Setting,Home,Kitchen Coffee & Espresso Makers,,Keurig,1,New,Buyer,60.0,20230601/000000000077.parquet,Appliances,Coffee & Espresso Machine,title_rule,coffee_machine,NO,,INCLUDE,
159612405,2023-06-27 22:46:38+00:00,45.0,Coco Throw blanket,Home,Bedding,Blankets,Disney Pixar,2,Like new,Buyer,45.0,20230601/000000000077.parquet,Bedding & Bath,Blankets & Comforters,category_mapping_v1_1,Bedding textile group.,NO,,INCLUDE,
184614032,2023-06-28 02:01:28+00:00,40.0,Bath and Body Works candles- 1x ALOHA KIWI PASSION FRUIT 3 wick candle NEW!!!,Home,Home decor,Home Candles,Bath & Body Works,1,New,Seller,40.0,20230601/000000000148.parquet,Home Decor,Candles,title_rule,candle,NO,,INCLUDE,
35813585,2023-06-28 16:35:04+00:00,18.0,Shinola Detroit Hotel Essential Oil Blend,Home,Home decor,Home fragrance,Shinola,1,New,Buyer,18.0,20230601/000000000213.parquet,Home Decor,Home Fragrance,title_rule,home_fragrance,NO,,INCLUDE,
199514819,2023-06-28 19:49:57+00:00,300.0,Supreme Cast Iorn Pan,Home,Kitchen Cookware,Fry Pans,Supreme,1,New,Buyer,300.0,20230601/000000000206.parquet,Kitchen & Dining,Cookware,category_mapping_v1_1,Recognizable cookware.,NO,,INCLUDE,
229205548,2023-06-28 20:59:33+00:00,13.0,Battery operated table lamp in box,Home,Home decor,Home Decor Lamps,,1,New,Buyer,13.0,20230601/000000000241.parquet,Home Decor,Lamp & Lighting,category_mapping_v1_1,Source fine-grained subtype reasonably matches target; spot-check mislabeled listings.,NO,,INCLUDE,
78210379,2023-06-28 23:04:20+00:00,29.0,Harley Davidson Motorcycles Tervis 24oz Insulated Logo Travel Water Bottle NWT,Home,Kitchen Drinkware,Water Bottles,Tervis,1,New,Buyer,29.0,20230601/000000000241.parquet,Kitchen & Dining,Bottles & Tumblers,category_mapping_v1_1,Drinkware group; brands/collectibles may strongly affect price.,NO,,INCLUDE,
141481862,2023-06-29 03:26:15+00:00,59.0,Stanley 40 oz. Quencher H2.0 FlowState Tumbler - Eucalyptus - NWT,Home,Kitchen Drinkware,Tumblers,Stanley,1,New,Seller,59.0,20230601/000000000141.parquet,Kitchen & Dining,Bottles & Tumblers,category_mapping_v1_1,Drinkware group; brands/collectibles may strongly affect price.,NO,,INCLUDE,
167019426,2023-06-29 03:56:56+00:00,35.0,Hello Kitty Dual Alarm Clock Radio with Night Light,Home,Home decor,Clocks,Hello Kitty,1,New,Buyer,35.0,20230601/000000000237.parquet,Home Decor,Clock,category_mapping_v1_1,Source fine-grained subtype reasonably matches target; spot-check mislabeled listings.,NO,,INCLUDE,
28162397,2023-06-29 04:04:32+00:00,28.0,Hello Kitty stacked mugs 10oz,Home,Kitchen Drinkware,Coffee Mugs,Hello Kitty,1,New,Buyer,28.0,20230601/000000000237.parquet,Kitchen & Dining,Mugs & Cups,category_mapping_v1_1,Drinkware group; include title for price distinctions.,NO,,INCLUDE,
197658394,2023-06-29 04:37:31+00:00,20.0,Watch and jewelry organizer,Home,Storage & organization,Jewelry boxes & organizers,,2,Like new,Buyer,20.0,20230601/000000000241.parquet,Storage & Organization,Jewelry Storage,title_rule,jewelry_storage,NO,,INCLUDE,
180008095,2023-06-29 13:06:44+00:00,16.0,Thermos funtainer 12 oz DC Wonder Woman,Home,Kitchen Drinkware,Water Bottles,Thermos,3,Good,Buyer,16.0,20230601/000000000237.parquet,Kitchen & Dining,Bottles & Tumblers,category_mapping_v1_1,Drinkware group; brands/collectibles may strongly affect price.,NO,,INCLUDE,
73162516,2023-07-01 01:57:50+00:00,8.0,New plastic dinnerware set,Home,Kitchen Dinnerware,Dinnerware Sets,Room Essentials,1,New,Buyer,8.0,20230701/000000000177.parquet,Kitchen & Dining,Dinnerware,category_mapping_v1_1,"Direct dinnerware subtype, but spot-check mixed sets.",NO,,INCLUDE,
61087738,2023-07-01 04:04:46+00:00,15.0,"Caritasu Grey Quilt Set Queen Size, 3 Piece Bedspread Coverlet Star Pattern Quil",Home,Bedding,Quilts,,1,New,Buyer,15.0,20230701/000000000098.parquet,Bedding & Bath,Blankets & Comforters,category_mapping_v1_1,Bedding textile group.,NO,,INCLUDE,
100650282,2023-07-01 07:34:33+00:00,39.0,Bath and Body Works Flower Cart Candles,Home,Home decor,Home Candles,Bath & Body Works,1,New,Buyer,39.0,20230701/000000000334.parquet,Home Decor,Candles,title_rule,candle,NO,,INCLUDE,
167885717,2023-07-01 14:33:10+00:00,18.0,6 piece full bed sheets,Home,Bedding,Comforter Sets,Bed Bath & Beyond,1,New,Buyer,18.0,20230701/000000000116.parquet,Bedding & Bath,Blankets & Comforters,category_mapping_v1_1,Bedding textile group.,NO,,INCLUDE,
153936291,2023-07-01 19:11:15+00:00,15.0,Rae Dunn halloween mugs “spooky season “,Home,Kitchen Drinkware,Coffee Mugs,Rae Dunn,1,New,Seller,15.0,20230701/000000000112.parquet,Kitchen & Dining,Mugs & Cups,category_mapping_v1_1,Drinkware group; include title for price distinctions.,NO,,INCLUDE,
108254971,2023-07-01 23:05:26+00:00,5.0,2 NEW Curved Photo Frames,Home,Home decor,Picture Frames,,1,New,Buyer,5.0,20230701/000000000105.parquet,Home Decor,Wall Art & Frames,category_mapping_v1_1,Source fine-grained subtype reasonably matches target; spot-check mislabeled listings.,NO,,INCLUDE,
124184829,2023-07-01 23:59:02+00:00,35.0,Frosty Snowman Blow Mold/ Painters Special,Home,Seasonal decor,Christmas,,4,Fair,Buyer,35.0,20230701/000000000177.parquet,Home Decor,Seasonal Decorations,title_rule,seasonal_object,NO,,INCLUDE,
176780287,2023-07-02 00:32:48+00:00,30.0,Utopia Bedding Comforter Duvet Insert - Quilted Comforter with Corner Tabs,Home,Bedding,Comforters,Amazon,3,Good,Buyer,30.0,20230701/000000000334.parquet,Bedding & Bath,Blankets & Comforters,category_mapping_v1_1,Bedding textile group.,NO,,INCLUDE,
7945643,2023-07-02 18:22:39+00:00,21.0,Rae Dunn Flour Canister,Home,Kitchen Storage,Kitchen Canisters,Rae Dunn,2,Like new,Buyer,21.0,20230701/000000000098.parquet,Kitchen & Dining,Food Storage,category_mapping_v1_1,Storage containers/canisters; confirm reusable physical goods.,NO,,INCLUDE,
127026611,2023-07-02 21:12:28+00:00,111.0,Stanley Adventure Tumbler Quencher Citron Mix Green Fuchsia NEW 40oz,Home,Kitchen Drinkware,Tumblers,Stanley,1,New,Buyer,111.0,20230701/000000000334.parquet,Kitchen & Dining,Bottles & Tumblers,category_mapping_v1_1,Drinkware group; brands/collectibles may strongly affect price.,NO,,INCLUDE,
84764006,2023-07-02 22:58:05+00:00,39.0,NEW 2023 Disney the little mermaid throw,Home,Bedding,Throws,Disney,1,New,Buyer,39.0,20230701/000000000334.parquet,Bedding & Bath,Blankets & Comforters,category_mapping_v1_1,Bedding textile group.,NO,,INCLUDE,
120462251,2023-07-03 14:29:39+00:00,20.0,Peace and calming Young Living Essential Oils Bundle,Home,Home decor,Home fragrance,Young Living Essential Oils,3,Good,Buyer,20.0,20230701/000000000098.parquet,Home Decor,Home Fragrance,title_rule,home_fragrance,NO,,INCLUDE,
83149805,2023-07-03 16:24:59+00:00,70.0,Disney Parks Homestead Mickey Icon set of 4 Bowls,Home,Kitchen Dinnerware,Bowls,Disney,1,New,Buyer,70.0,20230701/000000000177.parquet,Kitchen & Dining,Dinnerware,category_mapping_v1_1,"Direct dinnerware subtype, but spot-check mixed sets.",NO,,INCLUDE,
5980102,2023-07-03 16:52:32+00:00,20.0,Rae Dunn Peace and Wisdom Smaller Size Mug Set,Home,Kitchen Drinkware,Coffee Mugs,Rae Dunn,1,New,Buyer,20.0,20230701/000000000177.parquet,Kitchen & Dining,Mugs & Cups,category_mapping_v1_1,Drinkware group; include title for price distinctions.,NO,,INCLUDE,
85590514,2023-07-03 17:50:35+00:00,39.0,Pamper chef mixing bowls,Home,Kitchen Dinnerware,,The Pampered Chef,3,Good,Buyer,39.0,20230701/000000000325.parquet,Kitchen & Dining,Dinnerware,title_rule,dinnerware,NO,,INCLUDE,
168427294,2023-07-03 21:20:08+00:00,15.0,Nestwell™ Cotton Comfort Twin Mattress Pad,Home,Bedding,Mattress pads,,1,New,Buyer,15.0,20230701/000000000325.parquet,Bedding & Bath,Pillow & Bedding Accessories,category_mapping_v1_1,Bedding accessories; inspect unusual items/brands.,NO,,INCLUDE,
206118224,2023-07-03 22:07:50+00:00,75.0,Redkey Cordless Vacuum with Large Touch Screen 25 Kpa Suction 250W Stick Vacuum,Home,Home appliances,Vacuums,,1,New,Seller,75.0,20230701/000000000177.parquet,Appliances,Vacuum,category_mapping_v1_1,Some listings are accessories/parts; flag during title QC.,NO,,INCLUDE,
124351281,2023-07-03 23:04:08+00:00,10.0,Woven beaided farmhouse / primitive heart placemat,Home,Home decor,Home decor accents,,2,Like new,Buyer,10.0,20230701/000000000105.parquet,Kitchen & Dining,Kitchen & Table Linens,title_rule,table_linens,NO,,INCLUDE,
207208689,2023-07-04 01:33:07+00:00,55.0,Barbie tumbler like Starbucks,Home,Kitchen Drinkware,Tumblers,Barbie,1,New,Buyer,55.0,20230701/000000000334.parquet,Kitchen & Dining,Bottles & Tumblers,category_mapping_v1_1,Drinkware group; brands/collectibles may strongly affect price.,NO,,INCLUDE,
147049883,2023-07-04 04:03:36+00:00,9.0,Cutting boards,Home,Kitchen Serveware,Trivets,Independent,2,Like new,Buyer,9.0,20230701/000000000177.parquet,Kitchen & Dining,Servingware,category_mapping_v1_1,Recognizable reusable servingware subtype; individual listings can still be misclassified.,NO,,INCLUDE,
11821919,2023-07-04 09:48:42+00:00,20.0,Hand Painted “Welcome” Coir Doormat,Home,Home decor,Home decor accents,Handmade,1,New,Buyer,20.0,20230701/000000000105.parquet,Home Decor,Rug & Mat,title_rule,rug,NO,,INCLUDE,
170596066,2023-07-04 21:18:47+00:00,30.0,HomeWorx Glazed Blueberry Muffin Candle,Home,Home decor,Home Candles,Slatkin & Co.,1,New,Buyer,30.0,20230701/000000000325.parquet,Home Decor,Candles,title_rule,candle,NO,,INCLUDE,
164081926,2023-07-04 23:14:53+00:00,24.0,Starbucks pink chrome,Home,Kitchen Coffee & Espresso Makers,Espresso & Cappuccino Machines,Starbucks,1,New,Buyer,24.0,20230701/000000000098.parquet,Appliances,Coffee & Espresso Machine,category_mapping_v1_1,Coffee machine/grinder; inspect non-electric items and parts.,NO,,INCLUDE,
39630063,2023-07-05 02:35:34+00:00,20.0,Strawberries measuring cups,Home,Kitchen Utensils,Measuring Cups,,1,New,Buyer,20.0,20230701/000000000177.parquet,Kitchen & Dining,Kitchen Utensils & Tools,category_mapping_v1_1,Reusable kitchen utensil/tool subtype; spot-check individual listings.,NO,,INCLUDE,
50948006,2023-07-05 05:20:12+00:00,32.0,Starbucks 2023 Twilight Ombré Mermaid tumbler,Home,Kitchen Drinkware,Tumblers,Starbucks,1,New,Buyer,32.0,20230701/000000000341.parquet,Kitchen & Dining,Bottles & Tumblers,category_mapping_v1_1,Drinkware group; brands/collectibles may strongly affect price.,NO,,INCLUDE,
2797468,2023-07-05 08:01:16+00:00,50.0,Killstar Set of 4 ossuary spine mugs,Home,Kitchen Drinkware,Coffee Mugs,KILLSTAR,1,New,Buyer,50.0,20230701/000000000177.parquet,Kitchen & Dining,Mugs & Cups,category_mapping_v1_1,Drinkware group; include title for price distinctions.,NO,,INCLUDE,
75625427,2023-07-05 17:13:59+00:00,16.0,Tupperware FridgeSmart minis,Home,Kitchen Storage,Food Storage Containers,Tupperware,1,New,Buyer,16.0,20230701/000000000105.parquet,Kitchen & Dining,Food Storage,category_mapping_v1_1,Storage containers/canisters; confirm reusable physical goods.,NO,,INCLUDE,
191171453,2023-07-05 18:14:22+00:00,5.0,bathroom set,Home,Bath,Bathroom accessories,,3,Good,Buyer,5.0,20230701/000000000112.parquet,Bedding & Bath,Bathroom Accessories,title_rule,bath_accessories,NO,,INCLUDE,
82822036,2023-07-05 18:25:37+00:00,48.0,Portmeirion Pomona bread / butter plates - 6,Home,Kitchen Dinnerware,,Portmeirion,2,Like new,Buyer,48.0,20230701/000000000334.parquet,Kitchen & Dining,Dinnerware,title_rule,dinnerware,NO,,INCLUDE,
178652880,2023-07-05 19:58:54+00:00,10.0,"""Family"" Picture Frame",Home,Home decor,Picture Frames,Mainstays,1,New,Buyer,10.0,20230701/000000000341.parquet,Home Decor,Wall Art & Frames,category_mapping_v1_1,Source fine-grained subtype reasonably matches target; spot-check mislabeled listings.,NO,,INCLUDE,
63745808,2023-07-05 19:59:00+00:00,21.0,Pink Kitchen Aid measuring cups,Home,Kitchen Utensils,Measuring Cups,KitchenAid,1,New,Buyer,21.0,20230701/000000000200.parquet,Kitchen & Dining,Kitchen Utensils & Tools,category_mapping_v1_1,Reusable kitchen utensil/tool subtype; spot-check individual listings.,NO,,INCLUDE,
32202440,2023-07-06 01:48:58+00:00,12.0,Patriotic fourth of july mini camper tea light planter,Home,Seasonal decor,Patriotic,,1,New,Buyer,12.0,20230701/000000000341.parquet,Home Decor,Candles,title_rule,candle,NO,,INCLUDE,
237811807,2023-07-06 02:08:24+00:00,90.0,Morgan Jones Full/Queen White Hobnail Coverlet Bedspread,Home,Bedding,Bedspreads,,3,Good,Buyer,90.0,20230701/000000000098.parquet,Bedding & Bath,Blankets & Comforters,category_mapping_v1_1,Bedding textile group.,NO,,INCLUDE,
20473595,2023-07-06 15:37:35+00:00,18.0,Starbucks 24 oz glossy orange studded cup,Home,Kitchen Drinkware,Tumblers,Starbucks,1,New,Buyer,18.0,20230701/000000000275.parquet,Kitchen & Dining,Bottles & Tumblers,category_mapping_v1_1,Drinkware group; brands/collectibles may strongly affect price.,NO,,INCLUDE,
192093209,2023-07-06 17:09:36+00:00,18.0,Utopia towels,Home,Bath,Towels,,2,Like new,Buyer,18.0,20230701/000000000334.parquet,Bedding & Bath,Bath Towels,category_mapping_v1_1,Home bath linens.,NO,,INCLUDE,
62947899,2023-07-06 20:33:00+00:00,53.0,Barbie x Forever 21 Bath Rug,Home,Bath,Bath rugs,FOREVER 21,1,New,Buyer,53.0,20230701/000000000325.parquet,Home Decor,Rug & Mat,category_mapping_v1_1,Bath mat/rug.,NO,,INCLUDE,
245831730,2023-07-06 21:44:35+00:00,5.0,Rae Dunn,Home,Kitchen Drinkware,Coffee Mugs,Rae Dunn,2,Like new,Buyer,5.0,20230701/000000000116.parquet,Kitchen & Dining,Mugs & Cups,category_mapping_v1_1,Drinkware group; include title for price distinctions.,NO,,INCLUDE,
148592474,2023-07-07 14:48:12+00:00,10.0,Le Gourmet Chef Navy Blue Mugs,Home,Kitchen Drinkware,Coffee Mugs,,3,Good,Buyer,10.0,20230701/000000000105.parquet,Kitchen & Dining,Mugs & Cups,category_mapping_v1_1,Drinkware group; include title for price distinctions.,NO,,INCLUDE,
144300641,2023-07-07 14:52:41+00:00,38.0,"NIB Sleepgram Dreamsleep Pillow Standard/queen Size 18"" X 26""",Home,Bedding,Bed pillows,,1,New,Seller,38.0,20230701/000000000177.parquet,Bedding & Bath,Pillow & Bedding Accessories,category_mapping_v1_1,Bedding accessories; inspect unusual items/brands.,NO,,INCLUDE,
127935568,2023-07-07 16:31:03+00:00,38.0,Nuwave Pro Infrared Oven,Home,Kitchen Small Appliances,Air Fryers,Nuwave,3,Good,Seller,38.0,20230701/000000000275.parquet,Appliances,Kitchen Appliance,category_mapping_v1_1,Recognizable appliance subtype; title QC for parts/accessories and miscategorizations.,NO,,INCLUDE,
107200163,2023-07-07 22:18:07+00:00,30.0,Soup tureen,Home,Kitchen Dinnerware,Bowls,,3,Good,Buyer,30.0,20230701/000000000341.parquet,Kitchen & Dining,Dinnerware,category_mapping_v1_1,"Direct dinnerware subtype, but spot-check mixed sets.",NO,,INCLUDE,
114339158,2023-07-07 23:01:32+00:00,10.0,Twin Reversible comforter,Home,Kids' home store,Kids' bedding,SEVENTEEN,3,Good,Buyer,10.0,20230701/000000000275.parquet,Bedding & Bath,Blankets & Comforters,reviewer_qc,Reviewed sample decision,YES,,INCLUDE,
122963098,2023-07-08 00:31:44+00:00,50.0,2020 hallmark ornaments cockatiel birds,Home,Seasonal decor,Christmas,Hallmark,1,New,Buyer,50.0,20230701/000000000098.parquet,Home Decor,Seasonal Decorations,title_rule,seasonal_object,NO,,INCLUDE,
105569073,2023-07-08 01:02:39+00:00,10.0,Starbucks blue floral plastic water bottle 24oz,Home,Kitchen Drinkware,Tumblers,Starbucks,2,Like new,Buyer,10.0,20230701/000000000098.parquet,Kitchen & Dining,Bottles & Tumblers,category_mapping_v1_1,Drinkware group; brands/collectibles may strongly affect price.,NO,,INCLUDE,
111268280,2023-07-08 01:05:40+00:00,5.0,Starbucks Blue Plastic Water Bottle - 24 oz,Home,Kitchen Drinkware,Water Bottles,Starbucks,3,Good,Buyer,5.0,20230701/000000000098.parquet,Kitchen & Dining,Bottles & Tumblers,category_mapping_v1_1,Drinkware group; brands/collectibles may strongly affect price.,NO,,INCLUDE,
654950,2023-07-08 02:39:18+00:00,5.0,For Scott - 22oz Water Bottle | Stainless Steel Top and Base - Price is for One!,Home,Kitchen Drinkware,Water Bottles,,1,New,Buyer,5.0,20230701/000000000098.parquet,Kitchen & Dining,Bottles & Tumblers,category_mapping_v1_1,Drinkware group; brands/collectibles may strongly affect price.,NO,,INCLUDE,
103184870,2023-07-08 11:33:37+00:00,17.0,Pioneer woman cakelet pan,Home,Kitchen Bakeware,Cake Pans,Pioneer Woman,1,New,Buyer,17.0,20230701/000000000200.parquet,Kitchen & Dining,Bakeware,category_mapping_v1_1,Reusable bakeware subtype.,NO,,INCLUDE,
10594921,2023-07-08 15:57:41+00:00,17.0,King duvet set purple/white reversible 100% cotton,Home,Bedding,Duvet Covers,,1,New,Buyer,17.0,20230701/000000000341.parquet,Bedding & Bath,Blankets & Comforters,title_rule,blankets,NO,,INCLUDE,
162802116,2023-07-08 16:18:03+00:00,25.0,Rae Dunn THE CLAAAAW Mug with Topper,Home,Kitchen Drinkware,Coffee Mugs,Rae Dunn,3,Good,Buyer,25.0,20230701/000000000341.parquet,Kitchen & Dining,Mugs & Cups,category_mapping_v1_1,Drinkware group; include title for price distinctions.,NO,,INCLUDE,
197340456,2023-07-08 17:52:01+00:00,9.0,Miracle kitchen plus,Home,Kitchen Small Appliances,Hand Blenders,,1,New,Buyer,9.0,20230701/000000000112.parquet,Appliances,Kitchen Appliance,category_mapping_v1_1,Recognizable appliance subtype; title QC for parts/accessories and miscategorizations.,NO,,INCLUDE,
120656210,2023-07-08 17:52:21+00:00,14.0,NIB Miracle Kitchen Plus,Home,Kitchen Small Appliances,Food Processors,,1,New,Buyer,14.0,20230701/000000000112.parquet,Appliances,Kitchen Appliance,category_mapping_v1_1,Recognizable appliance subtype; title QC for parts/accessories and miscategorizations.,NO,,INCLUDE,
8725037,2023-07-08 19:12:54+00:00,15.0,Anthropologie Joy of Cooking Eggplant Sage la crêpe Tin Candle,Home,Home decor,Home Candles,Anthropologie,1,New,Buyer,15.0,20230701/000000000341.parquet,Home Decor,Candles,title_rule,candle,NO,,INCLUDE,
178649876,2023-07-08 20:34:16+00:00,28.0,Alien Head Filament Light Bulb.,Home,Home decor,Home Decor Lighting,,1,New,Buyer,28.0,20230701/000000000200.parquet,Home Decor,Lamp & Lighting,category_mapping_v1_1,Source fine-grained subtype reasonably matches target; spot-check mislabeled listings.,NO,,INCLUDE,
172316866,2023-07-08 20:59:27+00:00,25.0,Rose Apothecary Soap Dispenser Schitts Creek,Home,Bath,Bathroom accessories,,1,New,Buyer,25.0,20230701/000000000105.parquet,Bedding & Bath,Bathroom Accessories,title_rule,bath_accessories,NO,,INCLUDE,
37352559,2023-07-09 00:13:33+00:00,16.0,NWT Hello Kitty Strawberry Milk Ramen Bowl w/Chipsticks 20oz,Home,Kitchen Dinnerware,Bowls,Hello Kitty,1,New,Buyer,16.0,20230701/000000000325.parquet,Kitchen & Dining,Dinnerware,category_mapping_v1_1,"Direct dinnerware subtype, but spot-check mixed sets.",NO,,INCLUDE,
191977695,2023-07-09 01:51:46+00:00,9.0,Yankee Tealight Pineapple Luminary,Home,Home decor,Home decor accents,Yankee Candle,2,Like new,Buyer,9.0,20230701/000000000116.parquet,Home Decor,Candles,title_rule,candle,NO,,INCLUDE,
130405642,2023-07-09 01:53:12+00:00,15.0,Yankee Candle tealight warmer,Home,Home decor,Wax Melts,Yankee Candle,1,New,Buyer,15.0,20230701/000000000116.parquet,Home Decor,Candles,title_rule,candle,NO,,INCLUDE,
91169417,2023-07-09 04:41:57+00:00,38.0,Cast Iron 1 quart LEWIS &CLARK CORPS OF DISCOVERY CAMP CHEF,Home,Kitchen Cookware,Dutch Ovens,,2,Like new,Buyer,38.0,20230701/000000000112.parquet,Kitchen & Dining,Cookware,category_mapping_v1_1,Recognizable cookware.,NO,,INCLUDE,
83423543,2023-07-09 21:31:58+00:00,20.0,TaoTronics Home Air Purifier AP007,Home,Home appliances,Air purifiers,TaoTronics,1,New,Buyer,20.0,20230701/000000000341.parquet,Appliances,Air Care & Climate,title_rule,air_care,NO,,INCLUDE,
179808621,2023-07-09 23:29:12+00:00,23.0,Brown Blackout Curtains 54 x 95 (4),Home,Home decor,Window treatments,Peri,4,Fair,Buyer,23.0,20230701/000000000341.parquet,Home Decor,Curtains & Window Treatments,category_mapping_v1_1,Source fine-grained subtype reasonably matches target; spot-check mislabeled listings.,NO,,INCLUDE,
104586278,2023-07-10 01:29:53+00:00,24.0,Starbucks Fall 2021 ASL Sign Language Tumbler,Home,Kitchen Drinkware,Tumblers,Starbucks,3,Good,Buyer,24.0,20230701/000000000177.parquet,Kitchen & Dining,Bottles & Tumblers,category_mapping_v1_1,Drinkware group; brands/collectibles may strongly affect price.,NO,,INCLUDE,
20612796,2023-07-10 02:46:37+00:00,35.0,Owala freesip 24oz water bottle,Home,Kitchen Drinkware,Water Bottles,,1,New,Buyer,35.0,20230701/000000000275.parquet,Kitchen & Dining,Bottles & Tumblers,category_mapping_v1_1,Drinkware group; brands/collectibles may strongly affect price.,NO,,INCLUDE,
65189721,2023-07-10 03:14:15+00:00,71.0,Coffee Grinder,Home,Kitchen Coffee & Espresso Makers,Coffee Grinders,OXO,1,New,Buyer,71.0,20230701/000000000177.parquet,Appliances,Coffee & Espresso Machine,category_mapping_v1_1,Coffee machine/grinder; inspect non-electric items and parts.,NO,,INCLUDE,
35019367,2023-07-10 07:48:17+00:00,91.0,"Keurig K-Cafe Single-Serve K-Cup Coffee Maker, Latte Maker and Cappuccino Maker,",Home,Kitchen Coffee & Espresso Makers,,Keurig,1,New,Buyer,91.0,20230701/000000000341.parquet,Appliances,Coffee & Espresso Machine,title_rule,coffee_machine,NO,,INCLUDE,
100327806,2023-07-10 11:14:00+00:00,35.0,simple modern cup kids,Home,Kitchen Drinkware,Tumblers,Thermos,1,New,Buyer,35.0,20230701/000000000116.parquet,Kitchen & Dining,Bottles & Tumblers,category_mapping_v1_1,Drinkware group; brands/collectibles may strongly affect price.,NO,,INCLUDE,
177829447,2023-07-10 14:41:56+00:00,45.0,Casaluna full/ queen knit throw blanket nwot,Home,Bedding,Blankets,Target,2,Like new,Buyer,45.0,20230701/000000000105.parquet,Bedding & Bath,Blankets & Comforters,category_mapping_v1_1,Bedding textile group.,NO,,INCLUDE,
132047391,2023-07-10 15:17:10+00:00,59.0,Frye 3 Piece Channel Stitch Faux Fur King Comforter Set in Gray,Home,Bedding,Comforter Sets,Frye,2,Like new,Buyer,59.0,20230701/000000000341.parquet,Bedding & Bath,Blankets & Comforters,category_mapping_v1_1,Bedding textile group.,NO,,INCLUDE,
140218353,2023-07-10 15:49:33+00:00,80.0,Choir boy blow mold,Home,Seasonal decor,Christmas,,3,Good,Buyer,80.0,20230701/000000000200.parquet,Home Decor,Seasonal Decorations,title_rule,seasonal_object,NO,,INCLUDE,
72841442,2023-07-10 19:43:57+00:00,269.0,Caraway Bakeware 11 piece Set Baking Marigold Ceramic Nonstick NEW COMPLETE,Home,Kitchen Bakeware,Bakeware Sets,,1,New,Buyer,269.0,20230701/000000000200.parquet,Kitchen & Dining,Bakeware,category_mapping_v1_1,Reusable bakeware subtype.,NO,,INCLUDE,
137322573,2023-07-10 20:59:04+00:00,38.0,Kenmore smart grill thermometer,Home,Kitchen Gadgets & Tools,Cooking Thermometers,Kenmore,1,New,Buyer,38.0,20230701/000000000105.parquet,Kitchen & Dining,Kitchen Utensils & Tools,category_mapping_v1_1,Reusable kitchen utensil/tool subtype; spot-check individual listings.,NO,,INCLUDE,
15527248,2023-07-10 22:11:17+00:00,57.0,2 PACK PINK PILLOWS WITH WHITE GHOST,Home,Bedding,Throws,,1,New,Buyer,57.0,20230701/000000000116.parquet,Bedding & Bath,Blankets & Comforters,category_mapping_v1_1,Bedding textile group.,NO,,INCLUDE,
150324980,2023-07-10 23:15:53+00:00,139.0,Eva Zeisel MCM Gold Hall China Golden Carrot Cookie Jar w Tag,Home,Kitchen Storage,Kitchen Jars,,3,Good,Seller,139.0,20230701/000000000275.parquet,Kitchen & Dining,Food Storage,category_mapping_v1_1,Storage containers/canisters; confirm reusable physical goods.,NO,,INCLUDE,
131878847,2023-07-11 01:11:38+00:00,15.0,Cloud Island Quilted Gauze Storage Basket,Home,Home decor,Baskets,Cloud Island,1,New,Buyer,15.0,20230701/000000000116.parquet,Storage & Organization,Storage Bins & Baskets,category_mapping_v1_1,Source fine-grained subtype reasonably matches target; spot-check mislabeled listings.,NO,,INCLUDE,
74609969,2023-07-11 01:31:06+00:00,20.0,Kuromi and Cinnamoroll lap blankets,Home,Bedding,Blankets,,2,Like new,Buyer,20.0,20230701/000000000341.parquet,Bedding & Bath,Blankets & Comforters,category_mapping_v1_1,Bedding textile group.,NO,,INCLUDE,
95562939,2023-07-11 01:44:10+00:00,25.0,Cinnamoroll Travel Blanket,Home,Bedding,Throws,Sanrio,1,New,Buyer,25.0,20230701/000000000341.parquet,Bedding & Bath,Blankets & Comforters,category_mapping_v1_1,Bedding textile group.,NO,,INCLUDE,
120517851,2023-07-11 14:47:04+00:00,16.0,Allen + roth LED nightlight,Home,Home decor,Home Decor Lighting,Allen + Roth,1,New,Buyer,16.0,20230701/000000000105.parquet,Home Decor,Lamp & Lighting,category_mapping_v1_1,Source fine-grained subtype reasonably matches target; spot-check mislabeled listings.,NO,,INCLUDE,
186746110,2023-07-11 15:00:20+00:00,361.0,Shepard Fairey Print,Home,Artwork,Art Prints,,2,Like new,Buyer,361.0,20230701/000000000200.parquet,Home Decor,Wall Art & Frames,category_mapping_v1_1,Wall art/prints; collectibles may be price outliers.,NO,,INCLUDE,
233469487,2023-07-11 16:14:03+00:00,55.0,new HydraPeak Chug 40 oz stainless steel skull tumbler !,Home,Kitchen Drinkware,Tumblers,Hydrapak,1,New,Buyer,55.0,20230701/000000000116.parquet,Kitchen & Dining,Bottles & Tumblers,category_mapping_v1_1,Drinkware group; brands/collectibles may strongly affect price.,NO,,INCLUDE,
48180283,2023-07-11 16:40:36+00:00,35.0,Starbucks 2023 summer bubble gum pink glass tumbler,Home,Kitchen Drinkware,Tumblers,Starbucks,1,New,Buyer,35.0,20230701/000000000200.parquet,Kitchen & Dining,Bottles & Tumblers,category_mapping_v1_1,Drinkware group; brands/collectibles may strongly affect price.,NO,,INCLUDE,
82354515,2023-07-11 19:48:37+00:00,160.0,Stanley Adventure Quencher Azalea 40oz NWT,Home,Kitchen Drinkware,Tumblers,Stanley,1,New,Buyer,160.0,20230701/000000000105.parquet,Kitchen & Dining,Bottles & Tumblers,category_mapping_v1_1,Drinkware group; brands/collectibles may strongly affect price.,NO,,INCLUDE,
159953100,2023-07-11 21:02:00+00:00,40.0,Minnie Mouse Provence Mug,Home,Kitchen Drinkware,Coffee Mugs,Disney,1,New,Buyer,40.0,20230701/000000000341.parquet,Kitchen & Dining,Mugs & Cups,category_mapping_v1_1,Drinkware group; include title for price distinctions.,NO,,INCLUDE,
5045277,2023-07-11 22:05:40+00:00,21.0,Cherub lamp,Home,Home decor,Home decor accents,,3,Good,Buyer,21.0,20230701/000000000116.parquet,Home Decor,Lamp & Lighting,title_rule,lamp,NO,,INCLUDE,
164527866,2023-07-11 22:36:44+00:00,44.0,Blow mold tombstone,Home,Seasonal decor,Halloween,Gemmy,1,New,Buyer,44.0,20230701/000000000275.parquet,Home Decor,Seasonal Decorations,title_rule,seasonal_object,NO,,INCLUDE,
60678062,2023-07-11 22:38:01+00:00,100.0,Princess house,Home,Kitchen Bakeware,Bakeware Sets,Princess House,1,New,Buyer,100.0,20230701/000000000098.parquet,Kitchen & Dining,Bakeware,category_mapping_v1_1,Reusable bakeware subtype.,NO,,INCLUDE,
228883337,2023-07-12 00:19:53+00:00,99.0,Taylor Swift The Eras Tour Philadelphia PA VIP Poster City Specific Merch,Home,Artwork,Posters,Taylor Swift,1,New,Buyer,99.0,20230701/000000000116.parquet,Home Decor,Wall Art & Frames,category_mapping_v1_1,Wall art/prints; collectibles may be price outliers.,NO,,INCLUDE,
134906680,2023-07-12 18:32:40+00:00,25.0,10x Totaly Today Made In China  7 In &10 In diameter Bread Plate Lot Of 10,Home,Kitchen Dinnerware,,,1,New,Buyer,25.0,20230701/000000000098.parquet,Kitchen & Dining,Dinnerware,title_rule,dinnerware,NO,,INCLUDE,
131963474,2023-07-13 03:49:02+00:00,90.0,Rachel Zoe ghost blankets- two in total,Home,Seasonal decor,Halloween,Rachel Zoe,1,New,Buyer,90.0,20230701/000000000098.parquet,Bedding & Bath,Blankets & Comforters,title_rule,blankets,NO,,INCLUDE,
12884712,2023-07-13 04:04:18+00:00,42.0,Ghost pillow,Home,Home decor,Decorative pillows,,1,New,Buyer,42.0,20230701/000000000098.parquet,Home Decor,Decorative Pillow,category_mapping_v1_1,Source fine-grained subtype reasonably matches target; spot-check mislabeled listings.,NO,,INCLUDE,
93764260,2023-07-13 15:48:23+00:00,30.0,Engagement Picture Frame,Home,Home decor,Picture Frames,Mud Pie,1,New,Buyer,30.0,20230701/000000000341.parquet,Home Decor,Wall Art & Frames,category_mapping_v1_1,Source fine-grained subtype reasonably matches target; spot-check mislabeled listings.,NO,,INCLUDE,
173438295,2023-07-13 20:34:32+00:00,5.0,Blueberry maple pancakes wax melts,Home,Home decor,Wax Melts,Bath & Body Works,1,New,Buyer,5.0,20230701/000000000116.parquet,Home Decor,Home Fragrance,title_rule,home_fragrance,NO,,INCLUDE,
155287685,2023-07-13 22:33:09+00:00,22.0,"Dead & Company Final  Noblesville, IN 2023 Poster",Home,Artwork,Posters,,1,New,Buyer,22.0,20230701/000000000275.parquet,Home Decor,Wall Art & Frames,category_mapping_v1_1,Wall art/prints; collectibles may be price outliers.,NO,,INCLUDE,
221880369,2023-07-14 00:53:31+00:00,7.0,Room essentials two curtains,Home,Home decor,Window treatments,Room Essentials,1,New,Buyer,7.0,20230701/000000000116.parquet,Home Decor,Curtains & Window Treatments,category_mapping_v1_1,Source fine-grained subtype reasonably matches target; spot-check mislabeled listings.,NO,,INCLUDE,
240950028,2023-07-14 01:33:52+00:00,12.0,"9pcs Wooden Spoons, Wooden Utensils Holder, Kitchen",Home,Kitchen Utensils,Kitchen Spatulas,,1,New,Buyer,12.0,20230701/000000000275.parquet,Kitchen & Dining,Kitchen Utensils & Tools,category_mapping_v1_1,Reusable kitchen utensil/tool subtype; spot-check individual listings.,NO,,INCLUDE,
8228996,2023-07-14 02:35:34+00:00,55.0,Bucees Stanley cup,Home,Kitchen Drinkware,Tumblers,,1,New,Buyer,55.0,20230701/000000000098.parquet,Kitchen & Dining,Bottles & Tumblers,category_mapping_v1_1,Drinkware group; brands/collectibles may strongly affect price.,NO,,INCLUDE,
231982726,2023-07-14 03:15:35+00:00,31.0,Taylor Swift Wall Decor Tapestry,Home,Artwork,Posters,Taylor Swift,1,New,Seller,31.0,20230701/000000000098.parquet,Home Decor,Wall Art & Frames,category_mapping_v1_1,Wall art/prints; collectibles may be price outliers.,NO,,INCLUDE,
173992180,2023-07-14 16:31:48+00:00,30.0,Starbucks UGA Mug BTS,Home,Kitchen Drinkware,Coffee Mugs,Starbucks,1,New,Buyer,30.0,20230701/000000000105.parquet,Kitchen & Dining,Mugs & Cups,category_mapping_v1_1,Drinkware group; include title for price distinctions.,NO,,INCLUDE,
226308741,2023-07-14 17:43:49+00:00,150.0,Nora Fleming Chip & Dip Server,Home,Kitchen Serveware,Serving Bowls,nora fleming,1,New,Buyer,150.0,20230701/000000000098.parquet,Kitchen & Dining,Servingware,category_mapping_v1_1,Recognizable reusable servingware subtype; individual listings can still be misclassified.,NO,,INCLUDE,
85966415,2023-07-14 20:23:11+00:00,22.0,"Dead & Company Boston, MA June 25 2023 Poster",Home,Artwork,Posters,,1,New,Buyer,22.0,20230701/000000000334.parquet,Home Decor,Wall Art & Frames,category_mapping_v1_1,Wall art/prints; collectibles may be price outliers.,NO,,INCLUDE,
117330381,2023-07-14 20:49:07+00:00,12.0,"Quick Dry Beach Towel, Better Homes & Gardens Flat-Woven, Antimicrobial 6ft. NEW",Home,Bath,Towels,Better Homes & Gardens,1,New,Buyer,12.0,20230701/000000000112.parquet,Bedding & Bath,Bath Towels,category_mapping_v1_1,Home bath linens.,NO,,INCLUDE,
94026138,2023-07-14 23:31:13+00:00,25.0,Brown and cream colored butter dish,Home,Kitchen Serveware,Butter Dishes,,2,Like new,Buyer,25.0,20230701/000000000325.parquet,Kitchen & Dining,Servingware,category_mapping_v1_1,Recognizable reusable servingware subtype; individual listings can still be misclassified.,NO,,INCLUDE,
87424769,2023-07-15 02:23:53+00:00,45.0,Rachel Zoe Ghost blanket,Home,Seasonal decor,Halloween,Rachel Zoe,1,New,Buyer,45.0,20230701/000000000200.parquet,Bedding & Bath,Blankets & Comforters,title_rule,blankets,NO,,INCLUDE,
129429718,2023-07-15 05:51:40+00:00,108.0,FoodSaver FM5200 Automatic Vacuum Sealer Machine - Silver/Black,Home,Kitchen Small Appliances,Other Small Appliances,Foodsaver,1,New,Buyer,108.0,20230701/000000000275.parquet,Appliances,Kitchen Appliance,title_rule,kitchen_appliance,NO,,INCLUDE,
189801856,2023-07-15 06:06:49+00:00,36.0,Halloween Ghost Pink Blanket,Home,Seasonal decor,Halloween,enVogue,1,New,Buyer,36.0,20230701/000000000105.parquet,Bedding & Bath,Blankets & Comforters,title_rule,blankets,NO,,INCLUDE,
181442275,2023-07-15 12:07:36+00:00,9.0,Bee Yankee candle scentplug diffuser,Home,Home decor,Home fragrance,Yankee Candle,1,New,Buyer,9.0,20230701/000000000341.parquet,Home Decor,Candles,title_rule,candle,NO,,INCLUDE,
139428189,2023-07-15 22:37:08+00:00,170.0,Stanley X Lainey Wilson Watermelon Moonshine,Home,Kitchen Drinkware,Tumblers,Stanley,1,New,Buyer,170.0,20230701/000000000105.parquet,Kitchen & Dining,Bottles & Tumblers,category_mapping_v1_1,Drinkware group; brands/collectibles may strongly affect price.,NO,,INCLUDE,
63359180,2023-07-16 02:13:59+00:00,17.0,Napkin Holder Rustic Log Wood Cabin EDC Pottery 2004,Home,Kitchen & Table Linens,Kitchen Napkin Holders,,2,Like new,Buyer,17.0,20230701/000000000105.parquet,Kitchen & Dining,Kitchen Utensils & Tools,category_mapping_v1_1,Reusable kitchen tools and accessories.,NO,,INCLUDE,
75392642,2023-07-16 12:06:51+00:00,11.0,Pumpkin Blanket,Home,Seasonal decor,Halloween,Rachel Zoe,1,New,Buyer,11.0,20230701/000000000105.parquet,Bedding & Bath,Blankets & Comforters,title_rule,blankets,NO,,INCLUDE,
88620660,2023-07-16 14:50:33+00:00,39.0,Slatkin Scentworx Island Coolata Candles,Home,Home decor,Home Candles,Slatkin & Co.,1,New,Buyer,39.0,20230701/000000000112.parquet,Home Decor,Candles,title_rule,candle,NO,,INCLUDE,
11269713,2023-07-16 21:04:34+00:00,10.0,Blue Willow by Churchill Gravy Boat BW16 Blue & White Asian Made in England,Home,Kitchen Serveware,Gravy Boats,,3,Good,Buyer,10.0,20230701/000000000105.parquet,Kitchen & Dining,Servingware,category_mapping_v1_1,Recognizable reusable servingware subtype; individual listings can still be misclassified.,NO,,INCLUDE,
191426661,2023-07-16 22:50:57+00:00,150.0,Last Set! Barbie Movie Studded Cold Cup & Beach Ball Cup,Home,Kitchen Drinkware,Tumblers,Barbie,1,New,Buyer,150.0,20230701/000000000334.parquet,Kitchen & Dining,Bottles & Tumblers,category_mapping_v1_1,Drinkware group; brands/collectibles may strongly affect price.,NO,,INCLUDE,
182474418,2023-07-16 23:48:29+00:00,25.0,RAE DUNN DORY MUG!!!  JUST KEEP SWIMMING!,Home,Kitchen Drinkware,Coffee Mugs,Rae Dunn,1,New,Buyer,25.0,20230701/000000000341.parquet,Kitchen & Dining,Mugs & Cups,category_mapping_v1_1,Drinkware group; include title for price distinctions.,NO,,INCLUDE,
60250512,2023-07-17 01:00:14+00:00,250.0,Stanley Watermelon Moonshine 40 oz tumbler,Home,Kitchen Drinkware,Tumblers,Stanley,1,New,Buyer,250.0,20230701/000000000341.parquet,Kitchen & Dining,Bottles & Tumblers,category_mapping_v1_1,Drinkware group; brands/collectibles may strongly affect price.,NO,,INCLUDE,
47827526,2023-07-17 01:34:25+00:00,80.0,department 56 who ville stocking store,Home,Seasonal decor,Christmas,Department 56,1,New,Buyer,80.0,20230701/000000000341.parquet,Home Decor,Seasonal Decorations,title_rule,seasonal_object,NO,,INCLUDE,
30518209,2023-07-17 15:48:53+00:00,18.0,The VIP poster for The Eras Tour in Denver,Home,Artwork,Posters,Autograph,1,New,Buyer,18.0,20230701/000000000177.parquet,Home Decor,Wall Art & Frames,category_mapping_v1_1,Wall art/prints; collectibles may be price outliers.,NO,,INCLUDE,
154523479,2023-07-17 17:50:04+00:00,34.0,Narwal Night Light,Home,Home decor,Home Decor Lighting,Target,1,New,Buyer,34.0,20230701/000000000098.parquet,Home Decor,Lamp & Lighting,category_mapping_v1_1,Source fine-grained subtype reasonably matches target; spot-check mislabeled listings.,NO,,INCLUDE,
170718898,2023-07-17 20:04:31+00:00,29.0,"Plow & Hearth Adjustable Window Candle with Timer, Set of 2, Battery-Operated",Home,Home decor,Home Candles,,1,New,Buyer,29.0,20230701/000000000177.parquet,Home Decor,Candles,title_rule,candle,NO,,INCLUDE,
105056751,2023-07-17 21:23:05+00:00,18.0,Pokemon 3D Holographic Lenticular Poster,Home,Artwork,Posters,,1,New,Buyer,18.0,20230701/000000000116.parquet,Home Decor,Wall Art & Frames,category_mapping_v1_1,Wall art/prints; collectibles may be price outliers.,NO,,INCLUDE,
226066850,2023-07-17 21:40:51+00:00,9.0,Set of 12 x 20 decorative pillows,Home,Home decor,Decorative pillows,,3,Good,Buyer,9.0,20230701/000000000116.parquet,Home Decor,Decorative Pillow,category_mapping_v1_1,Source fine-grained subtype reasonably matches target; spot-check mislabeled listings.,NO,,INCLUDE,
18764447,2023-07-18 00:28:57+00:00,60.0,Starbucks Clear Recycled Glass,Home,Kitchen Drinkware,Tumblers,Starbucks,1,New,Buyer,60.0,20230701/000000000325.parquet,Kitchen & Dining,Bottles & Tumblers,category_mapping_v1_1,Drinkware group; brands/collectibles may strongly affect price.,NO,,INCLUDE,
83668172,2023-07-18 02:52:44+00:00,29.0,"2 Pc. Modern Confetti Nesting Bowls Melamine 9.5"" & 8"" Fun Bright Bold Colors",Home,Kitchen Dinnerware,Bowls,Unique Boutique,3,Good,Seller,29.0,20230701/000000000275.parquet,Kitchen & Dining,Dinnerware,category_mapping_v1_1,"Direct dinnerware subtype, but spot-check mixed sets.",NO,,INCLUDE,
29163905,2023-07-18 06:20:59+00:00,15.0,NEW DARTH VADER CAST IRON SKILLET PAN STAR WARS,Home,Kitchen Cookware,Fry Pans,Star Wars,1,New,Buyer,15.0,20230701/000000000200.parquet,Kitchen & Dining,Cookware,category_mapping_v1_1,Recognizable cookware.,NO,,INCLUDE,
193586407,2023-07-18 12:20:43+00:00,19.0,Frozen plastic water bottle bundle ( 3 pcs ) 16 oz,Home,Kitchen Drinkware,Water Bottles,Zak Designs,1,New,Buyer,19.0,20230701/000000000200.parquet,Kitchen & Dining,Bottles & Tumblers,category_mapping_v1_1,Drinkware group; brands/collectibles may strongly affect price.,NO,,INCLUDE,
47806839,2023-07-18 14:11:27+00:00,45.0,Stankey Raspberry 30oz Iceflow Flipstraw BNWT,Home,Kitchen Drinkware,Tumblers,Stanley,1,New,Buyer,45.0,20230701/000000000105.parquet,Kitchen & Dining,Bottles & Tumblers,category_mapping_v1_1,Drinkware group; brands/collectibles may strongly affect price.,NO,,INCLUDE,
10566756,2023-07-18 15:28:51+00:00,45.0,Black witch statue figure flying pumpkin apothicary,Home,Seasonal decor,Halloween,,1,New,Buyer,45.0,20230701/000000000105.parquet,Home Decor,Decorative Accessories,title_rule,decorative_accessory,NO,,INCLUDE,
150348886,2023-07-18 17:45:56+00:00,110.0,5 Christmas soldier blow molds,Home,Seasonal decor,Christmas,Union,3,Good,Buyer,110.0,20230701/000000000200.parquet,Home Decor,Seasonal Decorations,title_rule,seasonal_object,NO,,INCLUDE,
61097902,2023-07-19 12:01:47+00:00,9.0,Set of 2 IKEA 20x20” Pillow Inserts 100% Polyester Fiber,Home,Home decor,Decorative pillows,IKEA,1,New,Buyer,9.0,20230701/000000000116.parquet,Home Decor,Decorative Pillow,category_mapping_v1_1,Source fine-grained subtype reasonably matches target; spot-check mislabeled listings.,NO,,INCLUDE,
239735473,2023-07-19 12:08:17+00:00,10.0,Ikea Beige Lumbar Pillows,Home,Home decor,Decorative pillows,IKEA,3,Good,Buyer,10.0,20230701/000000000116.parquet,Home Decor,Decorative Pillow,category_mapping_v1_1,Source fine-grained subtype reasonably matches target; spot-check mislabeled listings.,NO,,INCLUDE,
189826881,2023-07-19 14:03:06+00:00,25.0,Oneida 20 Service for 4 fine quality stainless silverware NEW,Home,Kitchen Flatware,Flatware Sets,,1,New,Buyer,25.0,20230701/000000000105.parquet,Kitchen & Dining,Kitchen Utensils & Tools,category_mapping_v1_1,Reusable kitchen utensil/tool subtype; spot-check individual listings.,NO,,INCLUDE,
13017732,2023-07-19 18:38:07+00:00,85.0,Cupcakes And Cashmere Pink Ghost Blanket,Home,Seasonal decor,Halloween,Cupcakes and Cashmere,1,New,Buyer,85.0,20230701/000000000112.parquet,Bedding & Bath,Blankets & Comforters,title_rule,blankets,NO,,INCLUDE,
241214802,2023-07-19 18:48:14+00:00,165.0,Stanley X Laney Wilson Watermelon Moonshine Quencher,Home,Kitchen Drinkware,Tumblers,Stanley,1,New,Buyer,165.0,20230701/000000000341.parquet,Kitchen & Dining,Bottles & Tumblers,category_mapping_v1_1,Drinkware group; brands/collectibles may strongly affect price.,NO,,INCLUDE,
208849412,2023-07-19 20:06:55+00:00,24.0,Rae Dunn Harry Potter mug brand new release,Home,Seasonal decor,Halloween,Rae Dunn,1,New,Buyer,24.0,20230701/000000000341.parquet,Kitchen & Dining,Mugs & Cups,title_rule,mugs,NO,,INCLUDE,
57820792,2023-07-19 21:22:09+00:00,83.0,Barbie The Movie Bundle Set- Throw Blanket & Makeup Bags *Primark Exclusive*-NWT,Home,Bedding,Throws,Barbie,1,New,Buyer,83.0,20230701/000000000275.parquet,Bedding & Bath,Blankets & Comforters,category_mapping_v1_1,Bedding textile group.,NO,,INCLUDE,
134805717,2023-07-20 14:02:02+00:00,12.0,Route 66 Coffee Mug,Home,Kitchen Drinkware,Coffee Mugs,Route 66,2,Like new,Buyer,12.0,20230701/000000000334.parquet,Kitchen & Dining,Mugs & Cups,category_mapping_v1_1,Drinkware group; include title for price distinctions.,NO,,INCLUDE,
144353084,2023-07-20 14:10:57+00:00,33.0,Color-Changing Skull Glitter Globe Halloween Decor,Home,Seasonal decor,Halloween,,1,New,Buyer,33.0,20230701/000000000112.parquet,Home Decor,Seasonal Decorations,title_rule,seasonal_object,NO,,INCLUDE,
208646664,2023-07-20 15:45:52+00:00,399.0,Ninja Creami Deluxe. (Olive) 11 in 1+4 24oz Pints. (Opened Box to show Color),Home,Kitchen Small Appliances,Ice Cream Makers,Ninja,1,New,Buyer,399.0,20230701/000000000200.parquet,Appliances,Kitchen Appliance,category_mapping_v1_1,Recognizable appliance subtype; title QC for parts/accessories and miscategorizations.,NO,,INCLUDE,
83656009,2023-07-20 16:52:55+00:00,9.0,Music Note Treble G-Clef Bottle Opener Silver W Rhinestone Accents Barware Beer,Home,Kitchen Barware,,Boutique,1,New,Buyer,9.0,20230701/000000000334.parquet,Kitchen & Dining,Kitchen Utensils & Tools,title_rule,kitchen_tools,NO,,INCLUDE,
229580576,2023-07-21 02:31:35+00:00,20.0,Walt Disney World Photo Album,Home,Home decor,Photo Albums,Disney,2,Like new,Buyer,20.0,20230701/000000000105.parquet,Home Decor,Photo Albums,title_rule,photo_album,NO,,INCLUDE,
33598783,2023-07-21 03:48:48+00:00,12.0,Wooden ornaments,Home,Seasonal decor,Christmas,,2,Like new,Seller,12.0,20230701/000000000098.parquet,Home Decor,Seasonal Decorations,title_rule,seasonal_object,NO,,INCLUDE,
196528132,2023-07-21 12:19:15+00:00,54.0,Stanley Adventure Quencher 40oz NWT Ombré,Home,Kitchen Drinkware,Tumblers,Stanley,1,New,Buyer,54.0,20230701/000000000325.parquet,Kitchen & Dining,Bottles & Tumblers,category_mapping_v1_1,Drinkware group; brands/collectibles may strongly affect price.,NO,,INCLUDE,
40255357,2023-07-21 12:55:22+00:00,19.0,1pc Solar Outdoor Lantern Hanging Dragonfly Solar Light,Home,Home decor,Home Decor Lighting,,1,New,Seller,19.0,20230701/000000000116.parquet,Home Decor,Lamp & Lighting,category_mapping_v1_1,Source fine-grained subtype reasonably matches target; spot-check mislabeled listings.,NO,,INCLUDE,
8533788,2023-07-21 14:20:50+00:00,5.0,Generic lumbar pillow,Home,Home decor,Decorative pillows,,3,Good,Buyer,5.0,20230701/000000000275.parquet,Home Decor,Decorative Pillow,category_mapping_v1_1,Source fine-grained subtype reasonably matches target; spot-check mislabeled listings.,NO,,INCLUDE,
122058381,2023-07-21 14:23:28+00:00,45.0,Miyabi evolution 8” chefs knife,Home,Kitchen Cutlery,Kitchen Knife Sets,Miyabi,4,Fair,Buyer,45.0,20230701/000000000200.parquet,Kitchen & Dining,Kitchen Utensils & Tools,category_mapping_v1_1,Reusable kitchen utensil/tool subtype; spot-check individual listings.,NO,,INCLUDE,
20496624,2023-07-21 14:26:12+00:00,10.0,Easter Bunny butter dish,Home,Kitchen Serveware,Butter Dishes,T.J.Maxx,1,New,Buyer,10.0,20230701/000000000200.parquet,Kitchen & Dining,Servingware,category_mapping_v1_1,Recognizable reusable servingware subtype; individual listings can still be misclassified.,NO,,INCLUDE,
156759407,2023-07-21 16:17:49+00:00,39.0,NWT Disney Little Mermaid Halle Bailey Plush Throw Blanket,Home,Bedding,Throws,Disney,1,New,Buyer,39.0,20230701/000000000275.parquet,Bedding & Bath,Blankets & Comforters,category_mapping_v1_1,Bedding textile group.,NO,,INCLUDE,
41669435,2023-07-21 16:42:26+00:00,60.0,"28"" Black Particle Board Adjustable Sit to Standing Desk Converter",Home,Home Office Furniture,Desks,,1,New,Seller,60.0,20230701/000000000105.parquet,Furniture,Desk,category_mapping_v1_1,Desk subtype; desk converters/accessories may need exclusion.,NO,,INCLUDE,
216261198,2023-07-21 17:35:26+00:00,34.0,Johanna Parker Uncle Sam cookie jar,Home,Home decor,Home decor accents,johanna parker,1,New,Buyer,34.0,20230701/000000000275.parquet,Kitchen & Dining,Food Storage,title_rule,food_storage,NO,,INCLUDE,
174099408,2023-07-21 17:48:52+00:00,55.0,Starbucks Cold Cup 24 oz Venti Tumblers Unicorn Ver Oversea Limited,Home,Kitchen Drinkware,Tumblers,Starbucks,1,New,Buyer,55.0,20230701/000000000098.parquet,Kitchen & Dining,Bottles & Tumblers,category_mapping_v1_1,Drinkware group; brands/collectibles may strongly affect price.,NO,,INCLUDE,
229398036,2023-07-21 18:40:50+00:00,48.0,Halloween Haunted House Throw Pillow ‼️,Home,Seasonal decor,Halloween,,1,New,Buyer,48.0,20230701/000000000200.parquet,Home Decor,Decorative Pillow,title_rule,decorative_pillow,NO,,INCLUDE,
199121727,2023-07-21 23:36:05+00:00,16.0,Mikasa Quinn floral bone china 12 oz mug,Home,Kitchen Drinkware,Coffee Mugs,Mikasa,1,New,Buyer,16.0,20230701/000000000325.parquet,Kitchen & Dining,Mugs & Cups,category_mapping_v1_1,Drinkware group; include title for price distinctions.,NO,,INCLUDE,
144368724,2023-07-22 01:18:42+00:00,11.0,Punk Dark Rabbit Tapestry,Home,Home decor,Tapestries,Zumiez,3,Good,Seller,11.0,20230701/000000000200.parquet,Home Decor,Wall Art & Frames,category_mapping_v1_1,Source fine-grained subtype reasonably matches target; spot-check mislabeled listings.,NO,,INCLUDE,
135667667,2023-07-22 01:25:35+00:00,19.0,REDUCE 40oz Tumbler with handle,Home,Kitchen Drinkware,Tumblers,,1,New,Buyer,19.0,20230701/000000000334.parquet,Kitchen & Dining,Bottles & Tumblers,category_mapping_v1_1,Drinkware group; brands/collectibles may strongly affect price.,NO,,INCLUDE,
15933201,2023-07-22 01:58:31+00:00,34.0,Rae Dunn Full size Sheet set - Seashells & SLEEP embroidered pillowcases,Home,Bedding,Bed Sheets,Rae Dunn,1,New,Buyer,34.0,20230701/000000000177.parquet,Bedding & Bath,Sheets & Pillowcases,category_mapping_v1_1,Textiles; confirm exact set composition.,NO,,INCLUDE,
39193769,2023-07-22 03:11:27+00:00,30.0,Palm cookware,Home,Kitchen Cookware,Cookware Sets,Palm,3,Good,Buyer,30.0,20230701/000000000098.parquet,Kitchen & Dining,Cookware,category_mapping_v1_1,Recognizable cookware.,NO,,INCLUDE,
3432890,2023-07-22 11:08:57+00:00,35.0,Chefman TurboFry Touch 8qt. Air Fryer - Silver (RJ38-SQSS-8T),Home,Kitchen Small Appliances,Air Fryers,Chefman,2,Like new,Buyer,35.0,20230701/000000000105.parquet,Appliances,Kitchen Appliance,category_mapping_v1_1,Recognizable appliance subtype; title QC for parts/accessories and miscategorizations.,NO,,INCLUDE,
100049945,2023-07-22 15:08:11+00:00,11.0,NWT full size Lions Cotton Sheet Set Black & White,Home,Bedding,Bed Sheets,Pillowfort,1,New,Buyer,11.0,20230701/000000000200.parquet,Bedding & Bath,Sheets & Pillowcases,category_mapping_v1_1,Textiles; confirm exact set composition.,NO,,INCLUDE,
131600906,2023-07-22 15:12:47+00:00,19.99,Brand New Ceramic Trivet & Spoon Rest Giftpack,Home,Kitchen Gadgets & Tools,Spoon Rests,Crofton,1,New,Buyer,19.99,20230701/000000000200.parquet,Kitchen & Dining,Kitchen Utensils & Tools,category_mapping_v1_1,Reusable kitchen utensil/tool subtype; spot-check individual listings.,NO,,INCLUDE,
15669627,2023-07-22 16:55:01+00:00,83.0,Barbie The Movie Bundle Set- Throw Blanket & Makeup Bags *Primark Exclusive*-NWT,Home,Bedding,Throws,Barbie,1,New,Buyer,83.0,20230701/000000000200.parquet,Bedding & Bath,Blankets & Comforters,category_mapping_v1_1,Bedding textile group.,NO,,INCLUDE,
45330593,2023-07-22 17:07:00+00:00,18.0,16oz Harry Potter stitch frosted glass cup,Home,Kitchen Drinkware,Drinking Glasses,Starbucks,1,New,Buyer,18.0,20230701/000000000200.parquet,Kitchen & Dining,Mugs & Cups,category_mapping_v1_1,Drinkware group; include title for price distinctions.,NO,,INCLUDE,
47853997,2023-07-22 18:34:52+00:00,32.0,Ugg Comforter and Shams - Full/Queen,Home,Bedding,Comforter Sets,UGG Australia,3,Good,Buyer,32.0,20230701/000000000341.parquet,Bedding & Bath,Blankets & Comforters,category_mapping_v1_1,Bedding textile group.,NO,,INCLUDE,
181663495,2023-07-22 18:50:18+00:00,8.0,Wild Sage Savannah Quick Dry Solid Bath Towel in Lunar rock,Home,Bath,Towels,,1,New,Buyer,8.0,20230701/000000000177.parquet,Bedding & Bath,Bath Towels,category_mapping_v1_1,Home bath linens.,NO,,INCLUDE,
27916455,2023-07-23 03:12:22+00:00,35.0,PEANUTS SNOOPY Plush Velvet Soft THROW Blanket Twin 50”x70” Autumn Fall Floral,Home,Bedding,Throws,Berkshire,1,New,Buyer,35.0,20230701/000000000200.parquet,Bedding & Bath,Blankets & Comforters,category_mapping_v1_1,Bedding textile group.,NO,,INCLUDE,
15518568,2023-07-23 12:46:23+00:00,15.0,"2 Pack Hanging Solar Lanterns, Halloween Decorations, Small Metal Hanging Tree L",Home,Home decor,Home Decor Lighting,,1,New,Buyer,15.0,20230701/000000000116.parquet,Home Decor,Lamp & Lighting,category_mapping_v1_1,Source fine-grained subtype reasonably matches target; spot-check mislabeled listings.,NO,,INCLUDE,
94435726,2023-07-23 18:46:02+00:00,51.0,"Pier 1 Imports WATERCOLOR CACTUS 9"" Salad Plate Set 8 Desert Succulent Mint",Home,Kitchen Dinnerware,,Pier 1 Imports,3,Good,Buyer,51.0,20230701/000000000098.parquet,Kitchen & Dining,Dinnerware,title_rule,dinnerware,NO,,INCLUDE,
55554957,2023-07-23 19:05:52+00:00,15.0,Wood Star Wars Return of The Jedi Wall Decor,Home,Artwork,Art Prints,Disney,1,New,Buyer,15.0,20230701/000000000200.parquet,Home Decor,Wall Art & Frames,category_mapping_v1_1,Wall art/prints; collectibles may be price outliers.,NO,,INCLUDE,
226099400,2023-07-23 21:54:43+00:00,26.0,Haunted house Halloween picture frame,Home,Seasonal decor,Halloween,,1,New,Buyer,26.0,20230701/000000000200.parquet,Home Decor,Wall Art & Frames,title_rule,wall_art,NO,,INCLUDE,
23940577,2023-07-23 23:43:58+00:00,75.0,Rachel Zoe Pastel Ghost Blanket NWT HomeGoods,Home,Seasonal decor,Halloween,Rachel Zoe,1,New,Buyer,75.0,20230701/000000000334.parquet,Bedding & Bath,Blankets & Comforters,title_rule,blankets,NO,,INCLUDE,
171657246,2023-07-23 23:44:29+00:00,99.0,Pink Ghost Blanket!,Home,Seasonal decor,Halloween,Cupcakes and Cashmere,1,New,Buyer,99.0,20230701/000000000334.parquet,Bedding & Bath,Blankets & Comforters,title_rule,blankets,NO,,INCLUDE,
90326389,2023-07-24 00:07:40+00:00,9.0,Football Pig Salt and Pepper Shakers,Home,Kitchen Gadgets & Tools,Salt & Pepper Shakers,,2,Like new,Buyer,9.0,20230701/000000000116.parquet,Kitchen & Dining,Kitchen Utensils & Tools,category_mapping_v1_1,Reusable kitchen utensil/tool subtype; spot-check individual listings.,NO,,INCLUDE,
105968131,2023-07-24 01:27:38+00:00,150.0,Alvin Ailey American Dance Theater,Home,Artwork,Posters,,1,New,Buyer,150.0,20230701/000000000112.parquet,Home Decor,Wall Art & Frames,category_mapping_v1_1,Wall art/prints; collectibles may be price outliers.,NO,,INCLUDE,
152416255,2023-07-24 01:56:24+00:00,198.0,Neato D8 Robotic Intelligent Vacuum,Home,Home appliances,Vacuums,Neato,1,New,Buyer,198.0,20230701/000000000200.parquet,Appliances,Vacuum,category_mapping_v1_1,Some listings are accessories/parts; flag during title QC.,NO,,INCLUDE,
146793243,2023-07-24 05:13:01+00:00,89.0,Hello Kitty Strawberry Plush Throw Blanket,Home,Bedding,Throws,Hello Kitty,1,New,Buyer,89.0,20230701/000000000105.parquet,Bedding & Bath,Blankets & Comforters,category_mapping_v1_1,Bedding textile group.,NO,,INCLUDE,
145187875,2023-07-24 06:27:13+00:00,14.0,Rae Dunn ABUELA mug w/bouquet on back,Home,Kitchen Drinkware,Coffee Mugs,Rae Dunn,1,New,Buyer,14.0,20230701/000000000112.parquet,Kitchen & Dining,Mugs & Cups,category_mapping_v1_1,Drinkware group; include title for price distinctions.,NO,,INCLUDE,
99813030,2023-07-24 13:44:45+00:00,30.0,2-Pack Window Privacy Film Frosted Glass Window Film (6-PK),Home,Home decor,Window treatments,,1,New,Seller,30.0,20230701/000000000334.parquet,Home Decor,Curtains & Window Treatments,category_mapping_v1_1,Source fine-grained subtype reasonably matches target; spot-check mislabeled listings.,NO,,INCLUDE,
65358045,2023-07-24 15:00:58+00:00,10.0,"Bath and Body Works - Iced Lemon Pound Cake, 3-wick Candle (NWT)",Home,Home decor,Home Candles,Bath & Body Works,1,New,Buyer,10.0,20230701/000000000200.parquet,Home Decor,Candles,title_rule,candle,NO,,INCLUDE,
48188194,2023-07-24 19:07:16+00:00,47.0,Pottery Barn Kids Surf Patch Quilt,Home,Bedding,Quilts,Pottery Barn,1,New,Seller,47.0,20230701/000000000275.parquet,Bedding & Bath,Blankets & Comforters,category_mapping_v1_1,Bedding textile group.,NO,,INCLUDE,
201381708,2023-07-25 03:38:07+00:00,18.0,Halloween Witch Plate,Home,Seasonal decor,Halloween,T.J.Maxx,1,New,Buyer,18.0,20230701/000000000098.parquet,Kitchen & Dining,Dinnerware,title_rule,dinnerware,NO,,INCLUDE,
223665632,2023-07-25 14:29:26+00:00,14.0,Disney Mickey Mouse Halloween Spiderweb Mug NEW 2023,Home,Seasonal decor,Halloween,Disney,1,New,Buyer,14.0,20230701/000000000112.parquet,Kitchen & Dining,Mugs & Cups,title_rule,mugs,NO,,INCLUDE,
19030255,2023-07-25 18:57:44+00:00,20.0,WAVING SANTA CLAUS LOT OF (3) TWO LARGE 1 SM GURLEY NOVELTY CANDLES 1950'S USA,Home,Seasonal decor,Christmas,,3,Good,Seller,20.0,20230701/000000000105.parquet,Home Decor,Candles,title_rule,candle,NO,,INCLUDE,
70472384,2023-07-25 21:13:58+00:00,27.0,Farmhouse Tiered Tray Stand - Two Tier Tray,Home,Other Furniture,,Better Homes & Gardens,1,New,Buyer,27.0,20230701/000000000177.parquet,Home Decor,Decorative Accessories,title_rule,decorative_accessory,NO,,INCLUDE,
192098595,2023-07-25 21:37:35+00:00,30.0,Hearth and Hand Coffee Canister,Home,Kitchen Coffee & Espresso Makers,,Magnolia,2,Like new,Buyer,30.0,20230701/000000000325.parquet,Kitchen & Dining,Food Storage,title_rule,food_storage,NO,,INCLUDE,
21505667,2023-07-25 21:42:03+00:00,15.0,Starbucks Mint Studded Keychain Ornament,Home,Seasonal decor,Christmas,Starbucks,1,New,Buyer,15.0,20230701/000000000105.parquet,Home Decor,Seasonal Decorations,title_rule,seasonal_object,NO,,INCLUDE,
209523653,2023-07-25 21:44:47+00:00,18.0,Embroidered bohemian picture frame 4x6,Home,Home decor,Picture Frames,,1,New,Buyer,18.0,20230701/000000000105.parquet,Home Decor,Wall Art & Frames,category_mapping_v1_1,Source fine-grained subtype reasonably matches target; spot-check mislabeled listings.,NO,,INCLUDE,
16615200,2023-07-25 22:23:37+00:00,30.0,Harry Potter metal shield ornament lot,Home,Seasonal decor,Christmas,Harry Potter,2,Like new,Buyer,30.0,20230701/000000000116.parquet,Home Decor,Seasonal Decorations,title_rule,seasonal_object,NO,,INCLUDE,
196307538,2023-07-26 15:14:55+00:00,10.0,USB rechargeable baby stroller fan(blue),Home,Home appliances,Fans,,1,New,Buyer,10.0,20230701/000000000334.parquet,Appliances,Air Care & Climate,category_mapping_v1_1,Listings may be replacement parts or miscoded non-appliances; title review advised.,NO,,INCLUDE,
196477945,2023-07-26 20:55:42+00:00,89.0,Breville slow cooker CS20001 Joule Sous Vide - White NEW,Home,Kitchen Small Appliances,Sous Vide,Breville,1,New,Seller,89.0,20230701/000000000275.parquet,Appliances,Kitchen Appliance,category_mapping_v1_1,Recognizable appliance subtype; title QC for parts/accessories and miscategorizations.,NO,,INCLUDE,
158730884,2023-07-27 02:32:18+00:00,24.0,Christian Robinson jersey comforter set,Home,Kids' home store,Kids' bedding,Target,1,New,Buyer,24.0,20230701/000000000112.parquet,Bedding & Bath,Blankets & Comforters,title_rule,blankets,NO,,INCLUDE,
205587643,2023-07-27 11:33:41+00:00,60.0,Ceiling Fan,Home,Home appliances,Fans,Hampton Bay,1,New,Buyer,60.0,20230701/000000000341.parquet,Appliances,Air Care & Climate,category_mapping_v1_1,Listings may be replacement parts or miscoded non-appliances; title review advised.,NO,,INCLUDE,
228402296,2023-07-27 18:29:14+00:00,40.0,NIB Disney Precious Moments Little Mermaid Ariel and friends picture frame,Home,Home decor,Picture Frames,Precious Moments,1,New,Buyer,40.0,20230701/000000000098.parquet,Home Decor,Wall Art & Frames,category_mapping_v1_1,Source fine-grained subtype reasonably matches target; spot-check mislabeled listings.,NO,,INCLUDE,
164064314,2023-07-27 22:40:30+00:00,15.0,Rae Dunn Halloween Mugs — Handsome Devil & Wicked Witch,Home,Kitchen Drinkware,Coffee Mugs,Rae Dunn,2,Like new,Buyer,15.0,20230701/000000000325.parquet,Kitchen & Dining,Mugs & Cups,category_mapping_v1_1,Drinkware group; include title for price distinctions.,NO,,INCLUDE,
69689682,2023-07-27 22:43:10+00:00,8.0,Chicken PLUSH AND PLATE,Home,Home decor,Home decor accents,Target,1,New,Buyer,8.0,20230701/000000000325.parquet,Kitchen & Dining,Dinnerware,title_rule,dinnerware,NO,,INCLUDE,
221154802,2023-07-28 01:19:58+00:00,18.0,My Pillow Travel.,Home,Home decor,Decorative pillows,,1,New,Buyer,18.0,20230701/000000000105.parquet,Home Decor,Decorative Pillow,category_mapping_v1_1,Source fine-grained subtype reasonably matches target; spot-check mislabeled listings.,NO,,INCLUDE,
10678789,2023-07-28 02:07:39+00:00,18.0,Halloween ghost mug,Home,Seasonal decor,Halloween,,1,New,Buyer,18.0,20230701/000000000177.parquet,Kitchen & Dining,Mugs & Cups,title_rule,mugs,NO,,INCLUDE,
3502429,2023-07-28 04:14:05+00:00,54.0,"The Cozy Cottage Oversized Knitted Pink Ghost Throw Blanket - 50"" x 70""",Home,Seasonal decor,Halloween,,1,New,Buyer,54.0,20230701/000000000098.parquet,Bedding & Bath,Blankets & Comforters,title_rule,blankets,NO,,INCLUDE,
230996511,2023-07-28 14:36:12+00:00,15.0,"Ultra Soft High Quality Microfiber Bed Sheet Set, Full, Rich Black, 4 Piece",Home,Bedding,Bed Sheets,,2,Like new,Buyer,15.0,20230701/000000000325.parquet,Bedding & Bath,Sheets & Pillowcases,category_mapping_v1_1,Textiles; confirm exact set composition.,NO,,INCLUDE,
193864832,2023-07-28 18:49:31+00:00,27.0,Two Cosium cervical pillow new,Home,Bedding,Bed pillows,,1,New,Buyer,27.0,20230701/000000000334.parquet,Bedding & Bath,Pillow & Bedding Accessories,category_mapping_v1_1,Bedding accessories; inspect unusual items/brands.,NO,,INCLUDE,
237240998,2023-07-28 21:19:47+00:00,12.0,And painted African American mother and daughter figurine,Home,Home decor,Home decor accents,,3,Good,Buyer,12.0,20230701/000000000105.parquet,Home Decor,Decorative Accessories,title_rule,decorative_accessory,NO,,INCLUDE,
16427985,2023-07-28 22:57:59+00:00,53.0,Adara 3-Light Matte Black Canopy with Natural Rattan Shade Traditional Pendant,Home,Home decor,Home Decor Lighting,Allen + Roth,2,Like new,Buyer,53.0,20230701/000000000200.parquet,Home Decor,Lamp & Lighting,category_mapping_v1_1,Source fine-grained subtype reasonably matches target; spot-check mislabeled listings.,NO,,INCLUDE,
193911623,2023-07-28 23:12:22+00:00,17.0,Ashley Cooper butterfly full/queen comforter,Home,Bedding,Comforter Sets,Ashley Cooper,1,New,Buyer,17.0,20230701/000000000112.parquet,Bedding & Bath,Blankets & Comforters,category_mapping_v1_1,Bedding textile group.,NO,,INCLUDE,
47797326,2023-07-28 23:31:37+00:00,15.0,Food Network Cake Carrier with Serving Knife,Home,Kitchen Bakeware,Cake Pans,,3,Good,Buyer,15.0,20230701/000000000200.parquet,Kitchen & Dining,Bakeware,category_mapping_v1_1,Reusable bakeware subtype.,NO,,INCLUDE,
224630667,2023-07-29 02:57:30+00:00,9.0,Disney Mickey Mouse mini cookie cutters,Home,Kitchen Bakeware,,Disney,1,New,Buyer,9.0,20230701/000000000275.parquet,Kitchen & Dining,Bakeware,title_rule,bakeware,NO,,INCLUDE,
141942015,2023-07-29 03:36:17+00:00,17.0,17.8 oz (535ml) Kuromi water cup with straw,Home,Kitchen Drinkware,Tumblers,Sanrio,1,New,Buyer,17.0,20230701/000000000325.parquet,Kitchen & Dining,Bottles & Tumblers,category_mapping_v1_1,Drinkware group; brands/collectibles may strongly affect price.,NO,,INCLUDE,
104585914,2023-07-29 14:48:50+00:00,8.0,Bath & body works candle bundle,Home,Home decor,Home Candles,Bath & Body Works,2,Like new,Buyer,8.0,20230701/000000000325.parquet,Home Decor,Candles,title_rule,candle,NO,,INCLUDE,
65057583,2023-07-29 17:01:52+00:00,12.0,Tupperware Impression Colander,Home,Kitchen Storage,Food Storage Containers,Tupperware,1,New,Buyer,12.0,20230701/000000000105.parquet,Kitchen & Dining,Food Storage,category_mapping_v1_1,Storage containers/canisters; confirm reusable physical goods.,NO,,INCLUDE,
198905470,2023-07-29 22:41:33+00:00,24.0,Hydrapeak Pink Ghost Food Jar 25 oz,Home,Kitchen Storage,Food Storage Containers,Marshalls,1,New,Buyer,24.0,20230701/000000000116.parquet,Kitchen & Dining,Food Storage,category_mapping_v1_1,Storage containers/canisters; confirm reusable physical goods.,NO,,INCLUDE,
70444925,2023-07-30 01:32:31+00:00,14.0,Disney 100 Anniversary MICKEY MOUSE Black Iridescent mug,Home,Kitchen Drinkware,Coffee Mugs,Disney,1,New,Buyer,14.0,20230701/000000000325.parquet,Kitchen & Dining,Mugs & Cups,category_mapping_v1_1,Drinkware group; include title for price distinctions.,NO,,INCLUDE,
12896149,2023-07-30 02:09:25+00:00,21.0,FINAL PRICE Rainbow Round Kids Play Rug Alphabet Nursery Area Rug Large Soft NEW,Home,Home decor,Area Rugs,,1,New,Buyer,21.0,20230701/000000000098.parquet,Home Decor,Rug & Mat,category_mapping_v1_1,Source fine-grained subtype reasonably matches target; spot-check mislabeled listings.,NO,,INCLUDE,
70128461,2023-07-30 02:54:04+00:00,7.0,Starbucks Blue Floral Venti Tumbler Used,Home,Kitchen Drinkware,Tumblers,Starbucks,3,Good,Buyer,7.0,20230701/000000000105.parquet,Kitchen & Dining,Bottles & Tumblers,category_mapping_v1_1,Drinkware group; brands/collectibles may strongly affect price.,NO,,INCLUDE,
186471552,2023-07-30 16:09:54+00:00,39.0,Stanley Color Lavender 30 oz Tumbler,Home,Kitchen Drinkware,Tumblers,Stanley,1,New,Seller,39.0,20230701/000000000116.parquet,Kitchen & Dining,Bottles & Tumblers,category_mapping_v1_1,Drinkware group; brands/collectibles may strongly affect price.,NO,,INCLUDE,
186372684,2023-07-30 17:18:41+00:00,17.0,POLYJUICE POTION Rae Dunn Harry Potter 2-side Mug NEW Hogwarts Halloween 2023,Home,Kitchen Drinkware,Coffee Mugs,Rae Dunn,1,New,Buyer,17.0,20230701/000000000341.parquet,Kitchen & Dining,Mugs & Cups,category_mapping_v1_1,Drinkware group; include title for price distinctions.,NO,,INCLUDE,
21761517,2023-07-30 17:54:51+00:00,10.0,4 curtain panels DKYN good condition,Home,Bedding,Bed Sheets,DKNY,3,Good,Buyer,10.0,20230701/000000000105.parquet,Bedding & Bath,Sheets & Pillowcases,category_mapping_v1_1,Textiles; confirm exact set composition.,NO,,INCLUDE,
108311454,2023-07-30 18:13:35+00:00,66.0,"Rivet Mid-Century Nested Metal Side Tables, Set of 2, Brass/Walnut",Home,Living Room Furniture,Living Room Sets,Amazon,1,New,Buyer,66.0,20230701/000000000325.parquet,Furniture,Table,category_mapping_v1_1,Tables; verify individual listings.,NO,,INCLUDE,
212095884,2023-07-30 18:37:46+00:00,20.0,Arlington Designs Cat Mug with Feet,Home,Kitchen Drinkware,Coffee Mugs,,3,Good,Seller,20.0,20230701/000000000325.parquet,Kitchen & Dining,Mugs & Cups,category_mapping_v1_1,Drinkware group; include title for price distinctions.,NO,,INCLUDE,
183941719,2023-07-30 19:09:23+00:00,61.0,Peanuts SNOOPY x RAE DUNN 2023 Halloween measuring cups,Home,Seasonal decor,Halloween,Rae Dunn,1,New,Buyer,61.0,20230701/000000000334.parquet,Kitchen & Dining,Kitchen Utensils & Tools,title_rule,kitchen_tools,NO,,INCLUDE,
226191164,2023-07-30 22:10:50+00:00,18.0,Grateful Dead Alpine Valley Poster,Home,Artwork,Posters,Autograph,1,New,Buyer,18.0,20230701/000000000112.parquet,Home Decor,Wall Art & Frames,category_mapping_v1_1,Wall art/prints; collectibles may be price outliers.,NO,,INCLUDE,
165100422,2023-07-30 22:29:20+00:00,15.0,Disney Halloween Ghost Minnie Mug Gift,Home,Seasonal decor,Halloween,Disney,1,New,Buyer,15.0,20230701/000000000177.parquet,Kitchen & Dining,Mugs & Cups,title_rule,mugs,NO,,INCLUDE,
47205825,2023-08-01 02:49:29+00:00,9.0,Single Serving Stainless Steel Vietnames,Home,Kitchen Coffee & Espresso Makers,Filter Coffee Machines,,3,Good,Buyer,9.0,20230801/000000000257.parquet,Appliances,Coffee & Espresso Machine,category_mapping_v1_1,Coffee machine/grinder; inspect non-electric items and parts.,NO,,INCLUDE,
139416282,2023-08-01 13:09:49+00:00,20.0,Instacrate by Greenmade 4-pack,Home,Storage & organization,Storage Bins,Costco,1,New,Buyer,20.0,20230801/000000000090.parquet,Storage & Organization,Storage Bins & Baskets,category_mapping_v1_1,"Check titles: several storage subtypes include empty gift boxes, bags, or hardware components.",NO,,INCLUDE,
178936323,2023-08-01 13:54:00+00:00,55.0,Disney Parks Madame Leota floormat,Home,Home decor,Area Rugs,Disney,1,New,Buyer,55.0,20230801/000000000292.parquet,Home Decor,Rug & Mat,category_mapping_v1_1,Source fine-grained subtype reasonably matches target; spot-check mislabeled listings.,NO,,INCLUDE,
233503181,2023-08-01 14:19:00+00:00,7.0,Pink Mainstays Heater/Fan,Home,Home appliances,Fans,Mainstays,2,Like new,Buyer,7.0,20230801/000000000016.parquet,Appliances,Air Care & Climate,category_mapping_v1_1,Listings may be replacement parts or miscoded non-appliances; title review advised.,NO,,INCLUDE,
124567826,2023-08-02 01:41:44+00:00,45.0,NWT Headless Horseman Statue,Home,Seasonal decor,Halloween,T.J.Maxx,1,New,Buyer,45.0,20230801/000000000166.parquet,Home Decor,Decorative Accessories,title_rule,decorative_accessory,NO,,INCLUDE,
148146559,2023-08-02 04:45:05+00:00,62.0,Baies candle by Diptyque,Home,Home decor,Home Candles,Diptyque,1,New,Buyer,62.0,20230801/000000000090.parquet,Home Decor,Candles,title_rule,candle,NO,,INCLUDE,
171951260,2023-08-02 14:43:01+00:00,19.0,Hydro Flask 24 oz coffee Birch,Home,Kitchen Drinkware,Coffee Mugs,Hydro Flask,1,New,Buyer,19.0,20230801/000000000096.parquet,Kitchen & Dining,Mugs & Cups,category_mapping_v1_1,Drinkware group; include title for price distinctions.,NO,,INCLUDE,
115989769,2023-08-02 15:57:46+00:00,60.0,Everhome King fitted sheet,Home,Bedding,Bed Sheets,,1,New,Buyer,60.0,20230801/000000000090.parquet,Bedding & Bath,Sheets & Pillowcases,category_mapping_v1_1,Textiles; confirm exact set composition.,NO,,INCLUDE,
64343201,2023-08-02 17:25:22+00:00,115.0,Hello Kitty skeleton Sidestepper and throw blanket,Home,Seasonal decor,Halloween,Hello Kitty,1,New,Buyer,115.0,20230801/000000000090.parquet,Bedding & Bath,Blankets & Comforters,title_rule,blankets,NO,,INCLUDE,
1002412,2023-08-02 23:20:52+00:00,17.0,New In Box Tupperware Mini Speedy Mando Kitchen Slicer,Home,Kitchen Utensils,Kitchen Slicers & Mandolines,Tupperware,1,New,Buyer,17.0,20230801/000000000292.parquet,Kitchen & Dining,Kitchen Utensils & Tools,category_mapping_v1_1,Reusable kitchen utensil/tool subtype; spot-check individual listings.,NO,,INCLUDE,
81304516,2023-08-02 23:39:16+00:00,55.0,Hello Kitty Halloween blanket,Home,Seasonal decor,Halloween,Hello Kitty,1,New,Buyer,55.0,20230801/000000000166.parquet,Bedding & Bath,Blankets & Comforters,title_rule,blankets,NO,,INCLUDE,
56415779,2023-08-03 00:08:33+00:00,68.0,Headless Horseman Statue with LED Pumpkin,Home,Seasonal decor,Halloween,T.J.Maxx,1,New,Buyer,68.0,20230801/000000000118.parquet,Home Decor,Decorative Accessories,title_rule,decorative_accessory,NO,,INCLUDE,
119609165,2023-08-03 01:19:34+00:00,36.0,Walt Disney World Disney 100 Years Photo Picture Frame Cinderella Castle 4 X 6,Home,Home decor,Picture Frames,Disney,1,New,Buyer,36.0,20230801/000000000144.parquet,Home Decor,Wall Art & Frames,category_mapping_v1_1,Source fine-grained subtype reasonably matches target; spot-check mislabeled listings.,NO,,INCLUDE,
77520997,2023-08-03 02:13:46+00:00,10.0,IKEA Pillow Covers,Home,Bedding,Pillow Covers,IKEA,2,Like new,Seller,10.0,20230801/000000000144.parquet,Bedding & Bath,Sheets & Pillowcases,category_mapping_v1_1,Textiles; confirm exact set composition.,NO,,INCLUDE,
196387659,2023-08-03 02:26:04+00:00,22.0,IKEA JANSJO Copper Rose Gold Flexible Articulating Led Desk Hobby Lamp Light,Home,Home decor,Home Decor Lamps,IKEA,3,Good,Buyer,22.0,20230801/000000000231.parquet,Home Decor,Lamp & Lighting,category_mapping_v1_1,Source fine-grained subtype reasonably matches target; spot-check mislabeled listings.,NO,,INCLUDE,
196439218,2023-08-03 03:35:42+00:00,35.0,acorn lane candle bath and body works,Home,Home decor,Home Candles,Bath & Body Works,1,New,Buyer,35.0,20230801/000000000316.parquet,Home Decor,Candles,title_rule,candle,NO,,INCLUDE,
140512595,2023-08-03 03:58:26+00:00,26.0,Witch halloween blanket,Home,Seasonal decor,Halloween,,2,Like new,Buyer,26.0,20230801/000000000118.parquet,Bedding & Bath,Blankets & Comforters,title_rule,blankets,NO,,INCLUDE,
72765900,2023-08-03 12:11:24+00:00,15.0,(4) Cherry 8” plates,Home,Kitchen Dinnerware,,Mainstays,3,Good,Buyer,15.0,20230801/000000000144.parquet,Kitchen & Dining,Dinnerware,title_rule,dinnerware,NO,,INCLUDE,
238446259,2023-08-03 12:54:11+00:00,75.0,Designer Obelisk Chinoiserie Decor | Theodore Alexander,Home,Home decor,Vases,,3,Good,Buyer,75.0,20230801/000000000090.parquet,Home Decor,Decorative Accessories,category_mapping_v1_1,Source fine-grained subtype reasonably matches target; spot-check mislabeled listings.,NO,,INCLUDE,
15584425,2023-08-03 16:39:46+00:00,17.0,Brand new Under Armour MVP 18oz tumbler,Home,Kitchen Drinkware,Tumblers,Under Armour,1,New,Buyer,17.0,20230801/000000000118.parquet,Kitchen & Dining,Bottles & Tumblers,category_mapping_v1_1,Drinkware group; brands/collectibles may strongly affect price.,NO,,INCLUDE,
198920936,2023-08-03 23:30:36+00:00,45.0,Medium Stitch Christmas Rug,Home,Home decor,Area Rugs,Handmade,1,New,Buyer,45.0,20230801/000000000231.parquet,Home Decor,Rug & Mat,category_mapping_v1_1,Source fine-grained subtype reasonably matches target; spot-check mislabeled listings.,NO,,INCLUDE,
240540403,2023-08-04 06:01:24+00:00,20.0,Better Homes and Gardens Harvest plates,Home,Kitchen Dinnerware,,Better Homes & Gardens,2,Like new,Buyer,20.0,20230801/000000000144.parquet,Kitchen & Dining,Dinnerware,title_rule,dinnerware,NO,,INCLUDE,
208837542,2023-08-04 10:18:04+00:00,29.0,Set of 4 Rovsya Wine Glasses,Home,Kitchen Barware,Wine Glasses,,2,Like new,Buyer,29.0,20230801/000000000016.parquet,Kitchen & Dining,Mugs & Cups,category_mapping_v1_1,Drinkware subtype; inspect collectibles/sets.,NO,,INCLUDE,
75934075,2023-08-04 12:48:05+00:00,23.0,voluspa candle pomegranate blood orange 11 oz new,Home,Home decor,Home Candles,Voluspa,1,New,Buyer,23.0,20230801/000000000292.parquet,Home Decor,Candles,title_rule,candle,NO,,INCLUDE,
216176230,2023-08-04 16:19:48+00:00,20.0,Mickey pillow,Home,Home decor,Decorative pillows,Pottery Barn,2,Like new,Seller,20.0,20230801/000000000257.parquet,Home Decor,Decorative Pillow,category_mapping_v1_1,Source fine-grained subtype reasonably matches target; spot-check mislabeled listings.,NO,,INCLUDE,
184624395,2023-08-04 16:53:35+00:00,21.0,Bacardi Glass Mugs,Home,Kitchen Barware,Beer Glasses,,3,Good,Buyer,21.0,20230801/000000000118.parquet,Kitchen & Dining,Mugs & Cups,category_mapping_v1_1,Drinkware subtype; inspect collectibles/sets.,NO,,INCLUDE,
196364332,2023-08-04 17:07:58+00:00,50.0,halloween stitch cookie jar,Home,Seasonal decor,Halloween,Disney,1,New,Buyer,50.0,20230801/000000000096.parquet,Kitchen & Dining,Food Storage,title_rule,food_storage,NO,,INCLUDE,
201316967,2023-08-04 19:39:58+00:00,25.0,NWT! Pioneer Women 40 oz Tumbler,Home,Kitchen Drinkware,Tumblers,Pioneer Woman,1,New,Buyer,25.0,20230801/000000000118.parquet,Kitchen & Dining,Bottles & Tumblers,category_mapping_v1_1,Drinkware group; brands/collectibles may strongly affect price.,NO,,INCLUDE,
213716064,2023-08-04 22:58:22+00:00,10.0,New in Box Chefman Ultimate Blender with Bonus Set!,Home,Kitchen Small Appliances,Blenders,Chefman,1,New,Buyer,10.0,20230801/000000000257.parquet,Appliances,Kitchen Appliance,category_mapping_v1_1,Recognizable appliance subtype; title QC for parts/accessories and miscategorizations.,NO,,INCLUDE,
147142734,2023-08-05 02:54:03+00:00,54.0,Rachel Zoe ghost blanket,Home,Seasonal decor,Halloween,Rachel Zoe,1,New,Buyer,54.0,20230801/000000000118.parquet,Bedding & Bath,Blankets & Comforters,title_rule,blankets,NO,,INCLUDE,
83656763,2023-08-05 11:20:43+00:00,16.0,3 Mainstays Cherry Mugs,Home,Kitchen Drinkware,Coffee Mugs,Mainstays,3,Good,Buyer,16.0,20230801/000000000144.parquet,Kitchen & Dining,Mugs & Cups,category_mapping_v1_1,Drinkware group; include title for price distinctions.,NO,,INCLUDE,
124563409,2023-08-05 15:36:25+00:00,85.0,Storehouse Halloween Ghost blanket (black) and white ghost (1),Home,Seasonal decor,Halloween,T.J.Maxx,1,New,Buyer,85.0,20230801/000000000144.parquet,Bedding & Bath,Blankets & Comforters,title_rule,blankets,NO,,INCLUDE,
88695036,2023-08-05 15:52:47+00:00,12.0,Lynns Fine China Saucer,Home,Kitchen Dinnerware,,,3,Good,Buyer,12.0,20230801/000000000231.parquet,Kitchen & Dining,Dinnerware,title_rule,dinnerware,NO,,INCLUDE,
75290115,2023-08-05 17:31:31+00:00,57.0,40 oz Stanley Tumbler,Home,Kitchen Drinkware,Tumblers,Stanley,2,Like new,Buyer,57.0,20230801/000000000118.parquet,Kitchen & Dining,Bottles & Tumblers,category_mapping_v1_1,Drinkware group; brands/collectibles may strongly affect price.,NO,,INCLUDE,
140826001,2023-08-05 17:52:08+00:00,38.0,Measuring cups,Home,Seasonal decor,Halloween,Rae Dunn,1,New,Buyer,38.0,20230801/000000000166.parquet,Kitchen & Dining,Kitchen Utensils & Tools,title_rule,kitchen_tools,NO,,INCLUDE,
64161012,2023-08-05 22:49:46+00:00,15.0,Mushroom tapestry,Home,Home decor,Tapestries,,3,Good,Buyer,15.0,20230801/000000000096.parquet,Home Decor,Wall Art & Frames,category_mapping_v1_1,Source fine-grained subtype reasonably matches target; spot-check mislabeled listings.,NO,,INCLUDE,
189764561,2023-08-06 12:42:01+00:00,21.0,Herschel Pizza Pattern Insulated Lunchbox  LAST ONE NWOT,Home,Kitchen Storage,Food Storage Containers,Herschel Supply Co.,1,New,Buyer,21.0,20230801/000000000096.parquet,Kitchen & Dining,Food Storage,category_mapping_v1_1,Storage containers/canisters; confirm reusable physical goods.,NO,,INCLUDE,
189152916,2023-08-06 13:25:17+00:00,12.0,New! Brooklyn Knife Company Serrated Knife,Home,Kitchen Utensils,Kitchen Utensil Sets,,1,New,Buyer,12.0,20230801/000000000016.parquet,Kitchen & Dining,Kitchen Utensils & Tools,category_mapping_v1_1,Reusable kitchen utensil/tool subtype; spot-check individual listings.,NO,,INCLUDE,
174144517,2023-08-06 13:37:38+00:00,12.0,"NEW Striped Oversized, Jumbo, 5x6 Beach Outdoor Towel - Threshold",Home,Bath,Towels,Threshold,1,New,Buyer,12.0,20230801/000000000144.parquet,Bedding & Bath,Bath Towels,category_mapping_v1_1,Home bath linens.,NO,,INCLUDE,
114696971,2023-08-06 15:31:15+00:00,100.0,Starbucks x BLACKPINK Doodle Black Tumbler,Home,Kitchen Drinkware,Tumblers,Starbucks,1,New,Buyer,100.0,20230801/000000000118.parquet,Kitchen & Dining,Bottles & Tumblers,category_mapping_v1_1,Drinkware group; brands/collectibles may strongly affect price.,NO,,INCLUDE,
180748913,2023-08-06 19:59:03+00:00,30.0,Rae Dunn Harry Potter Hogwarts Baking Dish,Home,Kitchen Bakeware,Bakeware Sets,Rae Dunn,1,New,Buyer,30.0,20230801/000000000118.parquet,Kitchen & Dining,Bakeware,category_mapping_v1_1,Reusable bakeware subtype.,NO,,INCLUDE,
30800797,2023-08-06 19:59:19+00:00,15.0,"Zak! Leak-Proof Zak Designs 64 Fluid Ounce Valor Bottle W/Straw,",Home,Kitchen Drinkware,Water Bottles,Zak Designs,1,New,Seller,15.0,20230801/000000000118.parquet,Kitchen & Dining,Bottles & Tumblers,category_mapping_v1_1,Drinkware group; brands/collectibles may strongly affect price.,NO,,INCLUDE,
42913766,2023-08-06 19:59:56+00:00,28.0,Harry potter spoon rest- Rae Dunn,Home,Kitchen Utensils,Kitchen Utensil Sets,Rae Dunn,1,New,Buyer,28.0,20230801/000000000118.parquet,Kitchen & Dining,Kitchen Utensils & Tools,category_mapping_v1_1,Reusable kitchen utensil/tool subtype; spot-check individual listings.,NO,,INCLUDE,
135793200,2023-08-06 20:18:33+00:00,45.0,Purple Ghost Throw Blanket,Home,Seasonal decor,Halloween,T.J.Maxx,1,New,Buyer,45.0,20230801/000000000118.parquet,Bedding & Bath,Blankets & Comforters,title_rule,blankets,NO,,INCLUDE,
4795014,2023-08-07 01:32:04+00:00,60.0,"Halloween glass baking set , 3 bowls and 3 pans",Home,Seasonal decor,Halloween,,1,New,Buyer,60.0,20230801/000000000090.parquet,Kitchen & Dining,Dinnerware,title_rule,dinnerware,NO,,INCLUDE,
227062081,2023-08-07 02:14:07+00:00,11.0,Plush Throw 50” X 60”  Wild Frontier Wilderness Plush Bear With Artist Story New,Home,Bedding,Throws,,1,New,Buyer,11.0,20230801/000000000316.parquet,Bedding & Bath,Blankets & Comforters,category_mapping_v1_1,Bedding textile group.,NO,,INCLUDE,
160182815,2023-08-07 02:50:32+00:00,14.0,20th Anniversary Buffy the Vampire Slayer Heat Changing Oversized Mug,Home,Kitchen Drinkware,Coffee Mugs,20th Century Fox,1,New,Buyer,14.0,20230801/000000000292.parquet,Kitchen & Dining,Mugs & Cups,category_mapping_v1_1,Drinkware group; include title for price distinctions.,NO,,INCLUDE,
247479795,2023-08-07 12:46:03+00:00,10.0,Rooster Decorative Plates,Home,Home decor,Home decor accents,,2,Like new,Buyer,10.0,20230801/000000000090.parquet,Kitchen & Dining,Dinnerware,title_rule,dinnerware,NO,,INCLUDE,
91097243,2023-08-07 19:11:51+00:00,8.0,"Dog Cat Pet Memorial Print ""Don't Forget"" Personalized UNFRAMED In Memory of",Home,Artwork,Art Prints,Handmade,1,New,Buyer,8.0,20230801/000000000166.parquet,Home Decor,Wall Art & Frames,category_mapping_v1_1,Wall art/prints; collectibles may be price outliers.,NO,,INCLUDE,
141018990,2023-08-07 22:37:24+00:00,18.0,Rae Dunn NEW! Pink Boo Mug,Home,Seasonal decor,Halloween,Rae Dunn,1,New,Buyer,18.0,20230801/000000000016.parquet,Kitchen & Dining,Mugs & Cups,title_rule,mugs,NO,,INCLUDE,
62700527,2023-08-07 22:57:24+00:00,19.0,CWC Halloween Food Containers Ghostface,Home,Kitchen Storage,Food Storage Containers,,1,New,Buyer,19.0,20230801/000000000257.parquet,Kitchen & Dining,Food Storage,category_mapping_v1_1,Storage containers/canisters; confirm reusable physical goods.,NO,,INCLUDE,
178691900,2023-08-08 02:02:52+00:00,20.0,Camo bed sheets and pillow cases,Home,Bedding,Bed pillows,,2,Like new,Buyer,20.0,20230801/000000000016.parquet,Bedding & Bath,Pillow & Bedding Accessories,category_mapping_v1_1,Bedding accessories; inspect unusual items/brands.,NO,,INCLUDE,
224866338,2023-08-08 03:15:56+00:00,13.0,Mug,Home,Kitchen Drinkware,Coffee Mugs,Mancera,2,Like new,Buyer,13.0,20230801/000000000316.parquet,Kitchen & Dining,Mugs & Cups,category_mapping_v1_1,Drinkware group; include title for price distinctions.,NO,,INCLUDE,
221082639,2023-08-08 09:02:28+00:00,71.0,LIKE NEW RIGID 4 GALLON PORTABLE WET/DRY VACUUM,Home,Home appliances,Vacuums,Ridgid,2,Like new,Seller,71.0,20230801/000000000292.parquet,Appliances,Vacuum,category_mapping_v1_1,Some listings are accessories/parts; flag during title QC.,NO,,INCLUDE,
128658119,2023-08-08 14:30:52+00:00,36.0,London Kage Queen Halloween Sheets,Home,Bedding,Bed Sheets,T.J.Maxx,1,New,Buyer,36.0,20230801/000000000090.parquet,Bedding & Bath,Sheets & Pillowcases,category_mapping_v1_1,Textiles; confirm exact set composition.,NO,,INCLUDE,
201396709,2023-08-08 15:43:07+00:00,33.0,Oliso Iron TG1050 (Blue),Home,Home appliances,Irons,,3,Good,Buyer,33.0,20230801/000000000096.parquet,Appliances,Iron & Steamer,category_mapping_v1_1,Recognizable appliance subtype.,NO,,INCLUDE,
230116934,2023-08-08 18:10:46+00:00,43.0,Eureka Altima,Home,Home appliances,Vacuums,Eureka!,3,Good,Buyer,43.0,20230801/000000000144.parquet,Appliances,Vacuum,category_mapping_v1_1,Some listings are accessories/parts; flag during title QC.,NO,,INCLUDE,
243168347,2023-08-08 18:27:42+00:00,24.0,24 in. Black LED Desk Lamp with Advanced Control Features,Home,Home decor,Home Decor Lamps,Hampton Bay,1,New,Buyer,24.0,20230801/000000000166.parquet,Home Decor,Lamp & Lighting,category_mapping_v1_1,Source fine-grained subtype reasonably matches target; spot-check mislabeled listings.,NO,,INCLUDE,
80614439,2023-08-08 20:07:07+00:00,20.0,Starbucks Instant Iced Coffee Maker Mug by Zoku,Home,Kitchen Drinkware,Coffee Mugs,Starbucks,3,Good,Buyer,20.0,20230801/000000000016.parquet,Kitchen & Dining,Mugs & Cups,category_mapping_v1_1,Drinkware group; include title for price distinctions.,NO,,INCLUDE,
216142229,2023-08-09 05:16:28+00:00,12.0,Floral Wall Art,Home,Home decor,Home decor accents,,3,Good,Buyer,12.0,20230801/000000000118.parquet,Home Decor,Wall Art & Frames,title_rule,wall_art,NO,,INCLUDE,
228586405,2023-08-09 05:42:44+00:00,22.0,BBW LINEN & LAVENDER ROOM SPRAYS X3,Home,Home decor,Home fragrance,Bath & Body Works,1,New,Seller,22.0,20230801/000000000090.parquet,Home Decor,Home Fragrance,title_rule,home_fragrance,NO,,INCLUDE,
181500321,2023-08-09 14:08:23+00:00,57.0,Forever 21 x Barbie Plush Barbie Bath Mat,Home,Bath,Bath rugs,FOREVER 21,1,New,Seller,57.0,20230801/000000000118.parquet,Home Decor,Rug & Mat,category_mapping_v1_1,Bath mat/rug.,NO,,INCLUDE,
143984503,2023-08-09 15:03:41+00:00,20.0,Kids Quilt Set Queen Size,Home,Bedding,Quilts,,1,New,Buyer,20.0,20230801/000000000144.parquet,Bedding & Bath,Blankets & Comforters,category_mapping_v1_1,Bedding textile group.,NO,,INCLUDE,
178017615,2023-08-09 18:36:36+00:00,218.0,Starbucks tumbler,Home,Kitchen Drinkware,Tumblers,Starbucks,1,New,Seller,218.0,20230801/000000000257.parquet,Kitchen & Dining,Bottles & Tumblers,category_mapping_v1_1,Drinkware group; brands/collectibles may strongly affect price.,NO,,INCLUDE,
123683478,2023-08-09 22:48:11+00:00,30.0,Attack on Titan Studio WIT Art Book,Home,Artwork,Art Prints,Manga,2,Like new,Buyer,30.0,20230801/000000000292.parquet,Home Decor,Wall Art & Frames,category_mapping_v1_1,Wall art/prints; collectibles may be price outliers.,NO,,INCLUDE,
207264432,2023-08-09 23:12:12+00:00,17.0,Pioneer Woman Mistletoe Juniper Glass Candle,Home,Home decor,Home Candles,Pioneer Woman,1,New,Buyer,17.0,20230801/000000000144.parquet,Home Decor,Candles,title_rule,candle,NO,,INCLUDE,
220526673,2023-08-10 01:36:39+00:00,175.0,Immaculate 1930-40s handmade quilt yellow,Home,Bedding,Quilts,Handmade,2,Like new,Buyer,175.0,20230801/000000000090.parquet,Bedding & Bath,Blankets & Comforters,category_mapping_v1_1,Bedding textile group.,NO,,INCLUDE,
242049540,2023-08-10 17:59:14+00:00,11.0,Scraper,Home,Kitchen Utensils,Kitchen Spatulas,Pampered Chef,1,New,Buyer,11.0,20230801/000000000316.parquet,Kitchen & Dining,Kitchen Utensils & Tools,category_mapping_v1_1,Reusable kitchen utensil/tool subtype; spot-check individual listings.,NO,,INCLUDE,
31833544,2023-08-10 23:49:27+00:00,15.0,Hot Pink Skulls Mug Cup,Home,Kitchen Drinkware,Coffee Mugs,,1,New,Buyer,15.0,20230801/000000000257.parquet,Kitchen & Dining,Mugs & Cups,category_mapping_v1_1,Drinkware group; include title for price distinctions.,NO,,INCLUDE,
201587438,2023-08-11 01:04:17+00:00,56.0,"Set of 3 Taylor Swift Funky Prints, Groovy Posters, Dorm Room Decor",Home,Artwork,Posters,Autograph,1,New,Buyer,56.0,20230801/000000000090.parquet,Home Decor,Wall Art & Frames,category_mapping_v1_1,Wall art/prints; collectibles may be price outliers.,NO,,INCLUDE,
69270495,2023-08-11 01:27:22+00:00,44.0,"Mushroom Bedsheets ,London Kaye KING Mushrooms sheet set, bedsheets NEW, Sale",Home,Bedding,Bed Sheets,Boutique,1,New,Buyer,44.0,20230801/000000000090.parquet,Bedding & Bath,Sheets & Pillowcases,category_mapping_v1_1,Textiles; confirm exact set composition.,NO,,INCLUDE,
24532563,2023-08-11 10:00:09+00:00,95.0,burlington ghost statue,Home,Seasonal decor,Halloween,Burlington,1,New,Buyer,95.0,20230801/000000000118.parquet,Home Decor,Decorative Accessories,title_rule,decorative_accessory,NO,,INCLUDE,
21646962,2023-08-11 14:04:42+00:00,20.0,2 Disney World Epcot Center 2014 Ceramic Stainless Coffee Cup w Lid Tumbler,Home,Kitchen Drinkware,Travel Mugs,Disney,3,Good,Buyer,20.0,20230801/000000000118.parquet,Kitchen & Dining,Bottles & Tumblers,category_mapping_v1_1,Drinkware group; brands/collectibles may strongly affect price.,NO,,INCLUDE,
118480908,2023-08-11 14:49:16+00:00,13.0,Patchouli fragrance oil,Home,Home decor,Home fragrance,,1,New,Seller,13.0,20230801/000000000016.parquet,Home Decor,Home Fragrance,title_rule,home_fragrance,NO,,INCLUDE,
230508521,2023-08-11 17:40:49+00:00,60.0,Bkr water bottle sleeve,Home,Kitchen Drinkware,Water Bottles,bkr,3,Good,Buyer,60.0,20230801/000000000118.parquet,Kitchen & Dining,Bottles & Tumblers,category_mapping_v1_1,Drinkware group; brands/collectibles may strongly affect price.,NO,,INCLUDE,
210439417,2023-08-12 00:32:16+00:00,105.0,RAE DUNN GHOST HALLOWEEN MEASURING CUPS AND MATCHING GHOST CANISTER NWT,Home,Seasonal decor,Halloween,Rae Dunn,1,New,Buyer,105.0,20230801/000000000144.parquet,Kitchen & Dining,Kitchen Utensils & Tools,title_rule,kitchen_tools,NO,,INCLUDE,
7720387,2023-08-12 19:36:14+00:00,260.0,Le creuset xl #43 roaster with lid,Home,Kitchen Cookware,,Le Creuset,3,Good,Buyer,260.0,20230801/000000000118.parquet,Kitchen & Dining,Cookware,title_rule,cookware,NO,,INCLUDE,
56658725,2023-08-13 00:44:18+00:00,25.0,Starbucks glass cup,Home,Kitchen Drinkware,Tumblers,Starbucks,2,Like new,Buyer,25.0,20230801/000000000118.parquet,Kitchen & Dining,Bottles & Tumblers,category_mapping_v1_1,Drinkware group; brands/collectibles may strongly affect price.,NO,,INCLUDE,
173268660,2023-08-13 00:46:00+00:00,28.0,Starbucks recycled glass,Home,Kitchen Drinkware,Tumblers,Starbucks,1,New,Buyer,28.0,20230801/000000000118.parquet,Kitchen & Dining,Bottles & Tumblers,category_mapping_v1_1,Drinkware group; brands/collectibles may strongly affect price.,NO,,INCLUDE,
154273097,2023-08-13 02:49:37+00:00,159.0,Gorgeous White Pumpkin Dutch Oven,Home,Kitchen Cookware,Dutch Ovens,,2,Like new,Buyer,159.0,20230801/000000000292.parquet,Kitchen & Dining,Cookware,category_mapping_v1_1,Recognizable cookware.,NO,,INCLUDE,
51948830,2023-08-13 06:03:00+00:00,25.0,JanSport Lunch Break Lunch Box Color: Island Icons 534576,Home,Kitchen Storage,Food Storage Containers,JanSport,1,New,Seller,25.0,20230801/000000000257.parquet,Kitchen & Dining,Food Storage,category_mapping_v1_1,Storage containers/canisters; confirm reusable physical goods.,NO,,INCLUDE,
108561663,2023-08-13 07:08:53+00:00,225.0,Starbucks Philippines 2023 Tiffany Bling Studded Tumbler w/Crystal Bow~BNWT,Home,Kitchen Drinkware,Tumblers,Starbucks,1,New,Buyer,225.0,20230801/000000000257.parquet,Kitchen & Dining,Bottles & Tumblers,category_mapping_v1_1,Drinkware group; brands/collectibles may strongly affect price.,NO,,INCLUDE,
207734161,2023-08-13 12:49:48+00:00,38.0,QUEEN Ghost blanket,Home,Seasonal decor,Halloween,,1,New,Buyer,38.0,20230801/000000000292.parquet,Bedding & Bath,Blankets & Comforters,title_rule,blankets,NO,,INCLUDE,
57794357,2023-08-13 16:20:17+00:00,30.0,Rae Dunn pizza plate,Home,Kitchen Dinnerware,,Rae Dunn,2,Like new,Buyer,30.0,20230801/000000000166.parquet,Kitchen & Dining,Dinnerware,title_rule,dinnerware,NO,,INCLUDE,
247499616,2023-08-13 16:27:59+00:00,55.0,"Rae dunn PIZZA PLATES - PIZZA, SLICE & PIE -  6 total",Home,Kitchen Dinnerware,Other Dinnerware,Rae Dunn,1,New,Buyer,55.0,20230801/000000000166.parquet,Kitchen & Dining,Dinnerware,category_mapping_v1_1,"Direct dinnerware subtype, but spot-check mixed sets.",NO,,INCLUDE,
159167669,2023-08-13 18:47:46+00:00,152.0,"Hotel Collection Luxe Down Alternative Hypoallergenic Comforter, King",Home,Bedding,Comforters,Hotel Collection,1,New,Seller,152.0,20230801/000000000292.parquet,Bedding & Bath,Blankets & Comforters,category_mapping_v1_1,Bedding textile group.,NO,,INCLUDE,
213134745,2023-08-13 20:27:01+00:00,12.0,Halloween Poison Apple Mug Gift Decor,Home,Kitchen Drinkware,Coffee Mugs,,1,New,Buyer,12.0,20230801/000000000166.parquet,Kitchen & Dining,Mugs & Cups,category_mapping_v1_1,Drinkware group; include title for price distinctions.,NO,,INCLUDE,
23094920,2023-08-13 21:54:31+00:00,50.0,Kohler Freespin Bellerose 2-in-1 Dual Showerhead & Handshower Polished Chrome,Home,Bath,Bathroom accessories,Kohler,1,New,Seller,50.0,20230801/000000000118.parquet,Bedding & Bath,Bathroom Accessories,title_rule,bath_accessories,NO,,INCLUDE,
202852471,2023-08-13 22:28:42+00:00,16.0,9 pieces of plastic red/white wrapped candy ornaments   NWT,Home,Seasonal decor,Christmas,,1,New,Buyer,16.0,20230801/000000000118.parquet,Home Decor,Seasonal Decorations,title_rule,seasonal_object,NO,,INCLUDE,
163411127,2023-08-14 01:54:57+00:00,120.0,Nuwave pro plus countertop oven,Home,Kitchen Small Appliances,Air Fryers,Nuwave,1,New,Buyer,120.0,20230801/000000000144.parquet,Appliances,Kitchen Appliance,category_mapping_v1_1,Recognizable appliance subtype; title QC for parts/accessories and miscategorizations.,NO,,INCLUDE,
158220326,2023-08-14 17:24:28+00:00,162.0,Happy Hour Era + 22oz Toddy,Home,Kitchen Drinkware,Tumblers,Brumate,1,New,Buyer,162.0,20230801/000000000118.parquet,Kitchen & Dining,Bottles & Tumblers,category_mapping_v1_1,Drinkware group; brands/collectibles may strongly affect price.,NO,,INCLUDE,
131113587,2023-08-14 19:18:19+00:00,12.0,prints (on hold),Home,Artwork,Art Prints,,1,New,Seller,12.0,20230801/000000000090.parquet,Home Decor,Wall Art & Frames,category_mapping_v1_1,Wall art/prints; collectibles may be price outliers.,NO,,INCLUDE,
148271441,2023-08-14 19:55:25+00:00,48.0,Victorian Gothic Haunted House Pillow from Noir Night,Home,Home decor,Decorative pillows,,1,New,Buyer,48.0,20230801/000000000316.parquet,Home Decor,Decorative Pillow,category_mapping_v1_1,Source fine-grained subtype reasonably matches target; spot-check mislabeled listings.,NO,,INCLUDE,
218132495,2023-08-14 21:35:58+00:00,90.0,Hello Kitty halloween blanket,Home,Bedding,Throws,Hello Kitty,1,New,Buyer,90.0,20230801/000000000090.parquet,Bedding & Bath,Blankets & Comforters,category_mapping_v1_1,Bedding textile group.,NO,,INCLUDE,
156716057,2023-08-15 00:07:52+00:00,6.0,Greys anatomy blanket,Home,Bedding,Blankets,,1,New,Buyer,6.0,20230801/000000000016.parquet,Bedding & Bath,Blankets & Comforters,category_mapping_v1_1,Bedding textile group.,NO,,INCLUDE,
145688176,2023-08-15 14:12:09+00:00,15.0,Duke University Coffee Mug,Home,Kitchen Drinkware,Coffee Mugs,,1,New,Buyer,15.0,20230801/000000000096.parquet,Kitchen & Dining,Mugs & Cups,category_mapping_v1_1,Drinkware group; include title for price distinctions.,NO,,INCLUDE,
178952646,2023-08-15 14:25:41+00:00,119.0,KitchenAid (KSB1575BY) 5-Speed Diamond Blender Color: Boysenberry,Home,Home appliances,Kitchen appliances,KitchenAid,1,New,Buyer,119.0,20230801/000000000257.parquet,Appliances,Kitchen Appliance,title_rule,kitchen_appliance,NO,,INCLUDE,
143445050,2023-08-15 14:32:27+00:00,25.0,Owala 24 oz. FreeSip Stainless Steel Water Bottle Color: CAN YOU SEE ME 356365,Home,Kitchen Drinkware,Water Bottles,,1,New,Seller,25.0,20230801/000000000090.parquet,Kitchen & Dining,Bottles & Tumblers,category_mapping_v1_1,Drinkware group; brands/collectibles may strongly affect price.,NO,,INCLUDE,
86360137,2023-08-15 22:44:09+00:00,126.0,IKEA VARMBLIXT Orange Donut Table Wall Lamp Sabine Marcelis (905.251.50) NIB,Home,Home decor,Home Decor Lamps,IKEA,1,New,Buyer,126.0,20230801/000000000118.parquet,Home Decor,Lamp & Lighting,category_mapping_v1_1,Source fine-grained subtype reasonably matches target; spot-check mislabeled listings.,NO,,INCLUDE,
183451868,2023-08-16 01:55:14+00:00,1.0,Cermaic Godiva Mugs (Set of 2),Home,Kitchen Drinkware,Coffee Mugs,Godiva,3,Good,Buyer,1.0,20230801/000000000316.parquet,Kitchen & Dining,Mugs & Cups,category_mapping_v1_1,Drinkware group; include title for price distinctions.,NO,,INCLUDE,
149306247,2023-08-16 11:16:25+00:00,5.0,Measuring cups/spoons,Home,Kitchen Utensils,Measuring Cups,,3,Good,Buyer,5.0,20230801/000000000016.parquet,Kitchen & Dining,Kitchen Utensils & Tools,category_mapping_v1_1,Reusable kitchen utensil/tool subtype; spot-check individual listings.,NO,,INCLUDE,
104750118,2023-08-16 17:17:42+00:00,15.0,ACOTAR feyre dresser,Home,Home decor,Home decor accents,,2,Like new,Buyer,15.0,20230801/000000000016.parquet,Furniture,Dresser,title_rule,dresser,NO,,INCLUDE,
235462835,2023-08-16 19:12:03+00:00,36.0,Ghost candelabra,Home,Seasonal decor,Halloween,T.J.Maxx,1,New,Buyer,36.0,20230801/000000000118.parquet,Home Decor,Decorative Accessories,title_rule,decorative_accessory,NO,,INCLUDE,
164345021,2023-08-16 20:04:37+00:00,9.0,Soda stream bottle,Home,Kitchen Drinkware,Water Bottles,Sodastream,3,Good,Buyer,9.0,20230801/000000000292.parquet,Kitchen & Dining,Bottles & Tumblers,category_mapping_v1_1,Drinkware group; brands/collectibles may strongly affect price.,NO,,INCLUDE,
150090995,2023-08-16 20:37:51+00:00,19.0,Stanley Flip Straw Water Bottle 22oz,Home,Kitchen Drinkware,Tumblers,Stanley,1,New,Buyer,19.0,20230801/000000000144.parquet,Kitchen & Dining,Bottles & Tumblers,category_mapping_v1_1,Drinkware group; brands/collectibles may strongly affect price.,NO,,INCLUDE,
37493070,2023-08-16 20:42:31+00:00,7.0,Daffy the duck mug,Home,Kitchen Coffee & Espresso Makers,,Warner Brothers,3,Good,Buyer,7.0,20230801/000000000118.parquet,Kitchen & Dining,Mugs & Cups,title_rule,mugs,NO,,INCLUDE,
136826949,2023-08-16 21:50:12+00:00,55.0,Witch Coven Halloween 4 Dinner Plates Dinnerware,Home,Seasonal decor,Halloween,Royal Stafford,1,New,Buyer,55.0,20230801/000000000292.parquet,Kitchen & Dining,Dinnerware,title_rule,dinnerware,NO,,INCLUDE,
136885330,2023-08-17 02:42:46+00:00,16.0,Halloween Espresso Mug Stacker NWT!!,Home,Seasonal decor,Halloween,Ross,1,New,Buyer,16.0,20230801/000000000316.parquet,Kitchen & Dining,Mugs & Cups,title_rule,mugs,NO,,INCLUDE,
39234667,2023-08-17 17:41:19+00:00,13.0,STAR TREK Enterprise/Constellation 11x14,Home,Artwork,Posters,Star Trek,1,New,Buyer,13.0,20230801/000000000144.parquet,Home Decor,Wall Art & Frames,category_mapping_v1_1,Wall art/prints; collectibles may be price outliers.,NO,,INCLUDE,
60231919,2023-08-17 19:51:42+00:00,19.0,Starbucks tumbler,Home,Kitchen Drinkware,Tumblers,Starbucks,1,New,Buyer,19.0,20230801/000000000016.parquet,Kitchen & Dining,Bottles & Tumblers,category_mapping_v1_1,Drinkware group; brands/collectibles may strongly affect price.,NO,,INCLUDE,
222349638,2023-08-17 21:33:44+00:00,44.0,Vacuum cleaner,Home,Home appliances,Vacuums,Hoover,3,Good,Buyer,44.0,20230801/000000000118.parquet,Appliances,Vacuum,category_mapping_v1_1,Some listings are accessories/parts; flag during title QC.,NO,,INCLUDE,
139750154,2023-08-17 23:43:55+00:00,45.0,1990 Teenage Mutant Ninja Turtles TMNT Donatello Bowl Cereal Green Plastic VTG,Home,Kitchen Dinnerware,Bowls,Mirage,3,Good,Buyer,45.0,20230801/000000000144.parquet,Kitchen & Dining,Dinnerware,category_mapping_v1_1,"Direct dinnerware subtype, but spot-check mixed sets.",NO,,INCLUDE,
192919924,2023-08-18 05:27:22+00:00,18.0,Urban Outfitters Sherpa Yin Yang Pillow,Home,Home decor,Decorative pillows,Urban Outfitters,2,Like new,Buyer,18.0,20230801/000000000118.parquet,Home Decor,Decorative Pillow,category_mapping_v1_1,Source fine-grained subtype reasonably matches target; spot-check mislabeled listings.,NO,,INCLUDE,
25515556,2023-08-18 15:51:57+00:00,22.0,Ocean Alley Poster,Home,Artwork,Posters,,1,New,Buyer,22.0,20230801/000000000257.parquet,Home Decor,Wall Art & Frames,category_mapping_v1_1,Wall art/prints; collectibles may be price outliers.,NO,,INCLUDE,
142270222,2023-08-18 16:04:16+00:00,39.0,Green  Nodpod weighted blacker personal size travel compact BRAND NEW IN BOX,Home,Bedding,Blankets,Nordstrom,1,New,Buyer,39.0,20230801/000000000016.parquet,Bedding & Bath,Blankets & Comforters,category_mapping_v1_1,Bedding textile group.,NO,,INCLUDE,
69143583,2023-08-18 17:51:23+00:00,93.0,Cat Pillow,Home,Home decor,Decorative pillows,Taylor Swift,2,Like new,Buyer,93.0,20230801/000000000118.parquet,Home Decor,Decorative Pillow,category_mapping_v1_1,Source fine-grained subtype reasonably matches target; spot-check mislabeled listings.,NO,,INCLUDE,
159522240,2023-08-18 19:58:07+00:00,12.0,German picture sculpture town plate,Home,Home decor,Picture Frames,,3,Good,Seller,12.0,20230801/000000000016.parquet,Home Decor,Wall Art & Frames,category_mapping_v1_1,Source fine-grained subtype reasonably matches target; spot-check mislabeled listings.,NO,,INCLUDE,
65042018,2023-08-19 04:05:36+00:00,25.0,Disneyland Resort Gold Starbucks Tumbler,Home,Kitchen Drinkware,Tumblers,Starbucks,1,New,Buyer,25.0,20230801/000000000016.parquet,Kitchen & Dining,Bottles & Tumblers,category_mapping_v1_1,Drinkware group; brands/collectibles may strongly affect price.,NO,,INCLUDE,
240040967,2023-08-19 04:05:40+00:00,323.0,Breville Barista Express Brushed Stainless Steel Espresso Machine BES870XL NEW,Home,Kitchen Coffee & Espresso Makers,,Breville,2,Like new,Seller,323.0,20230801/000000000292.parquet,Appliances,Coffee & Espresso Machine,title_rule,coffee_machine,NO,,INCLUDE,
220052547,2023-08-19 05:00:55+00:00,44.0,Set of 2 French Baguette candles Bath and body works,Home,Home decor,Home Candles,Bath & Body Works,1,New,Buyer,44.0,20230801/000000000292.parquet,Home Decor,Candles,title_rule,candle,NO,,INCLUDE,
12306226,2023-08-19 05:43:29+00:00,64.0,Bath & Body Works Moonlit Graveyard Hand Soap Candle Wallflower Pocketbac Bundle,Home,Home decor,Home Candles,Bath & Body Works,1,New,Buyer,64.0,20230801/000000000166.parquet,Home Decor,Candles,title_rule,candle,NO,,INCLUDE,
226567759,2023-08-19 14:09:24+00:00,4.0,Cat Oven Mitt,Home,Kitchen & Table Linens,Kitchen Oven Mitts,,1,New,Buyer,4.0,20230801/000000000166.parquet,Kitchen & Dining,Kitchen Utensils & Tools,category_mapping_v1_1,Reusable kitchen tools and accessories.,NO,,INCLUDE,
150908026,2023-08-19 17:06:28+00:00,20.0,It's All A Blur Tour Poster,Home,Artwork,Posters,Handmade,1,New,Buyer,20.0,20230801/000000000292.parquet,Home Decor,Wall Art & Frames,category_mapping_v1_1,Wall art/prints; collectibles may be price outliers.,NO,,INCLUDE,
25716794,2023-08-19 18:34:58+00:00,12.0,Cactus wall decor,Home,Home decor,Home decor accents,Hobby Lobby,1,New,Buyer,12.0,20230801/000000000118.parquet,Home Decor,Wall Art & Frames,title_rule,wall_art,NO,,INCLUDE,
111385853,2023-08-19 20:25:05+00:00,15.0,CWC Halloween Skull food storage container NEW,Home,Kitchen Storage,Food Storage Containers,Marshalls,1,New,Buyer,15.0,20230801/000000000257.parquet,Kitchen & Dining,Food Storage,category_mapping_v1_1,Storage containers/canisters; confirm reusable physical goods.,NO,,INCLUDE,
96376760,2023-08-19 20:27:19+00:00,17.0,Frank Bride mug set,Home,Seasonal decor,Halloween,T.J.Maxx,1,New,Buyer,17.0,20230801/000000000257.parquet,Kitchen & Dining,Mugs & Cups,title_rule,mugs,NO,,INCLUDE,
41954648,2023-08-19 20:28:12+00:00,19.0,Halloween coffee mug,Home,Kitchen Drinkware,Coffee Mugs,,1,New,Buyer,19.0,20230801/000000000257.parquet,Kitchen & Dining,Mugs & Cups,category_mapping_v1_1,Drinkware group; include title for price distinctions.,NO,,INCLUDE,
138453152,2023-08-19 21:19:48+00:00,26.0,Pink Ghost Tumbler,Home,Seasonal decor,Halloween,T.J.Maxx,1,New,Buyer,26.0,20230801/000000000257.parquet,Kitchen & Dining,Bottles & Tumblers,title_rule,bottles,NO,,INCLUDE,
28685116,2023-08-19 23:05:26+00:00,30.0,Starbucks Stainless Steel 16 Oz Tumbler Cups- Berry Corsage Merlot & Green Siren,Home,Kitchen Drinkware,Tumblers,Starbucks,3,Good,Buyer,30.0,20230801/000000000316.parquet,Kitchen & Dining,Bottles & Tumblers,category_mapping_v1_1,Drinkware group; brands/collectibles may strongly affect price.,NO,,INCLUDE,
234326821,2023-08-19 23:38:13+00:00,22.0,"mikasa stemless, wine glasses",Home,Kitchen Barware,Wine Glasses,Mikasa,1,New,Buyer,22.0,20230801/000000000166.parquet,Kitchen & Dining,Mugs & Cups,category_mapping_v1_1,Drinkware subtype; inspect collectibles/sets.,NO,,INCLUDE,
73213123,2023-08-20 01:48:52+00:00,40.0,Brand new with tags felt storage bin,Home,Storage & organization,Storage Bins,,1,New,Buyer,40.0,20230801/000000000316.parquet,Storage & Organization,Storage Bins & Baskets,category_mapping_v1_1,"Check titles: several storage subtypes include empty gift boxes, bags, or hardware components.",NO,,INCLUDE,
70085379,2023-08-20 02:40:05+00:00,16.0,Taylor Swift Poster Seattle( reprint),Home,Artwork,Posters,,1,New,Buyer,16.0,20230801/000000000166.parquet,Home Decor,Wall Art & Frames,category_mapping_v1_1,Wall art/prints; collectibles may be price outliers.,NO,,INCLUDE,
126360877,2023-08-20 06:17:23+00:00,10.0,Might D Light Mini Camouflage Compact Folding LED Work Light with Bungee Hooks,Home,Home decor,Home Decor Lighting,,1,New,Buyer,10.0,20230801/000000000016.parquet,Home Decor,Lamp & Lighting,category_mapping_v1_1,Source fine-grained subtype reasonably matches target; spot-check mislabeled listings.,NO,,INCLUDE,
123561490,2023-08-20 16:51:20+00:00,38.0,Stanley 40oz purple wisteria Target exclusive limited addition,Home,Kitchen Drinkware,Tumblers,Stanley,2,Like new,Buyer,38.0,20230801/000000000118.parquet,Kitchen & Dining,Bottles & Tumblers,category_mapping_v1_1,Drinkware group; brands/collectibles may strongly affect price.,NO,,INCLUDE,
238429793,2023-08-20 17:05:17+00:00,155.0,full /queen Kate Spade comforter set !,Home,Bedding,Comforter Sets,Kate Spade,1,New,Buyer,155.0,20230801/000000000118.parquet,Bedding & Bath,Blankets & Comforters,category_mapping_v1_1,Bedding textile group.,NO,,INCLUDE,
168517929,2023-08-20 22:14:17+00:00,27.0,Halloween Haunted House Decorative Pillow,Home,Seasonal decor,Halloween,Marshalls,1,New,Buyer,27.0,20230801/000000000090.parquet,Home Decor,Decorative Pillow,title_rule,decorative_pillow,NO,,INCLUDE,
135906711,2023-08-20 22:16:35+00:00,40.0,Halloween Gothic Skull With Roses Gold Toned Mirror,Home,Seasonal decor,Halloween,,1,New,Buyer,40.0,20230801/000000000090.parquet,Home Decor,Mirror,title_rule,mirror,NO,,INCLUDE,
71454471,2023-08-21 04:20:54+00:00,34.0,Rae dunn witch feet measuring cup,Home,Seasonal decor,Halloween,Rae Dunn,1,New,Buyer,34.0,20230801/000000000118.parquet,Kitchen & Dining,Kitchen Utensils & Tools,title_rule,kitchen_tools,NO,,INCLUDE,
163178056,2023-08-21 16:12:41+00:00,8.0,Mary Engelbreit First Christmas Together ornament,Home,Seasonal decor,Christmas,Mary Engelbreit,2,Like new,Buyer,8.0,20230801/000000000118.parquet,Home Decor,Seasonal Decorations,title_rule,seasonal_object,NO,,INCLUDE,
5742145,2023-08-21 17:41:13+00:00,23.0,AeroPress Coffee Espresso Maker,Home,Kitchen Coffee & Espresso Makers,Espresso & Cappuccino Machines,AeroPress,3,Good,Buyer,23.0,20230801/000000000166.parquet,Appliances,Coffee & Espresso Machine,category_mapping_v1_1,Coffee machine/grinder; inspect non-electric items and parts.,NO,,INCLUDE,
49263663,2023-08-21 18:12:54+00:00,33.0,Spooky house plates set of 4,Home,Seasonal decor,Halloween,,1,New,Buyer,33.0,20230801/000000000316.parquet,Kitchen & Dining,Dinnerware,title_rule,dinnerware,NO,,INCLUDE,
49344967,2023-08-21 23:38:21+00:00,14.0,Starbucks Summer 2023 Dragonfruit Neon Pink Stripe Cold Cup Tumbler Grande 16 oz,Home,Kitchen Drinkware,Tumblers,Starbucks,1,New,Buyer,14.0,20230801/000000000118.parquet,Kitchen & Dining,Bottles & Tumblers,category_mapping_v1_1,Drinkware group; brands/collectibles may strongly affect price.,NO,,INCLUDE,
78081537,2023-08-22 02:34:08+00:00,40.0,Disney Toy Story Sipper,Home,Kitchen Drinkware,Tumblers,Disney,2,Like new,Buyer,40.0,20230801/000000000144.parquet,Kitchen & Dining,Bottles & Tumblers,category_mapping_v1_1,Drinkware group; brands/collectibles may strongly affect price.,NO,,INCLUDE,
24207296,2023-08-22 03:59:04+00:00,100.0,Jim Shore Disney Violet Vampire Minnie Mouse Halloween figurine MIB,Home,Home decor,Home decor accents,Jim Shore,1,New,Buyer,100.0,20230801/000000000166.parquet,Home Decor,Decorative Accessories,title_rule,decorative_accessory,NO,,INCLUDE,
113499873,2023-08-22 12:22:28+00:00,23.0,Set of 5 The Classics by Hearthside Stoneware Castlewood Cereal Soup Bowls,Home,Kitchen Dinnerware,,Hearthside Collection,2,Like new,Buyer,23.0,20230801/000000000292.parquet,Kitchen & Dining,Dinnerware,title_rule,dinnerware,NO,,INCLUDE,
175507852,2023-08-22 17:44:00+00:00,26.0,NEW Starbucks 2023 Spring White Mermaid Cold Cup Tumbler 24oz,Home,Kitchen Drinkware,Tumblers,Starbucks,1,New,Buyer,26.0,20230801/000000000257.parquet,Kitchen & Dining,Bottles & Tumblers,category_mapping_v1_1,Drinkware group; brands/collectibles may strongly affect price.,NO,,INCLUDE,
113217565,2023-08-22 22:11:12+00:00,17.0,2017 Hocus Pocus Villains Spectacular Magic Kingdom Tumbler,Home,Kitchen Drinkware,Tumblers,Tervis,1,New,Buyer,17.0,20230801/000000000292.parquet,Kitchen & Dining,Bottles & Tumblers,category_mapping_v1_1,Drinkware group; brands/collectibles may strongly affect price.,NO,,INCLUDE,
188871883,2023-08-23 00:57:33+00:00,30.0,Lenox kate spade grace Avenue 8x10 silver frame,Home,Home decor,Picture Frames,Kate Spade,2,Like new,Seller,30.0,20230801/000000000292.parquet,Home Decor,Wall Art & Frames,category_mapping_v1_1,Source fine-grained subtype reasonably matches target; spot-check mislabeled listings.,NO,,INCLUDE,
151844339,2023-08-23 01:59:06+00:00,171.0,NEW TIKTOK FAMOUS DONUT STACKED STOOL CHAIR,Home,Home decor,Home decor accents,,1,New,Buyer,171.0,20230801/000000000090.parquet,Furniture,Chair,title_rule,chair,NO,,INCLUDE,
114857581,2023-08-23 11:42:03+00:00,100.0,Coleshome 63 inch computer desk,Home,Home Office Furniture,Desks,,1,New,Buyer,100.0,20230801/000000000118.parquet,Furniture,Desk,category_mapping_v1_1,Desk subtype; desk converters/accessories may need exclusion.,NO,,INCLUDE,
86922223,2023-08-23 12:37:28+00:00,35.0,Halloween Flying Witch Pedestal Statue Decor,Home,Seasonal decor,Halloween,,1,New,Buyer,35.0,20230801/000000000090.parquet,Home Decor,Decorative Accessories,title_rule,decorative_accessory,NO,,INCLUDE,
83906080,2023-08-23 13:27:47+00:00,46.0,Hydrapeak 50oz skull tumbler w/ straw,Home,Kitchen Drinkware,Tumblers,Hydrapak,1,New,Buyer,46.0,20230801/000000000090.parquet,Kitchen & Dining,Bottles & Tumblers,category_mapping_v1_1,Drinkware group; brands/collectibles may strongly affect price.,NO,,INCLUDE,
74986257,2023-08-23 14:19:17+00:00,65.0,Starbucks MX Fushia Jewel,Home,Kitchen Drinkware,Tumblers,Starbucks,1,New,Buyer,65.0,20230801/000000000090.parquet,Kitchen & Dining,Bottles & Tumblers,category_mapping_v1_1,Drinkware group; brands/collectibles may strongly affect price.,NO,,INCLUDE,
29584696,2023-08-23 14:43:08+00:00,122.0,Starbucks LATAM Venti Tumbler Bundle NWT,Home,Kitchen Drinkware,Tumblers,Starbucks,1,New,Buyer,122.0,20230801/000000000090.parquet,Kitchen & Dining,Bottles & Tumblers,category_mapping_v1_1,Drinkware group; brands/collectibles may strongly affect price.,NO,,INCLUDE,
177354605,2023-08-23 16:51:52+00:00,28.0,Polychrome Roman Portraits Espresso Cup and Saucer Set,Home,Kitchen Drinkware,Coffee Mugs,MET,1,New,Buyer,28.0,20230801/000000000257.parquet,Kitchen & Dining,Mugs & Cups,category_mapping_v1_1,Drinkware group; include title for price distinctions.,NO,,INCLUDE,
184285713,2023-08-23 17:13:57+00:00,18.0,Nightmare Before Christmas Zero Stocking,Home,Seasonal decor,Christmas,Disney,1,New,Seller,18.0,20230801/000000000096.parquet,Home Decor,Seasonal Decorations,title_rule,seasonal_object,NO,,INCLUDE,
61026853,2023-08-23 18:39:08+00:00,28.0,Mandalorian Baby Yoda Grogu Cookie Jar,Home,Home decor,Other,Star Wars,1,New,Buyer,28.0,20230801/000000000231.parquet,Kitchen & Dining,Food Storage,title_rule,food_storage,NO,,INCLUDE,
226567485,2023-08-23 19:57:02+00:00,16.0,Rae Dunn Disney JASMINE STARRY NIGHT with gold handle mug,Home,Kitchen Drinkware,Coffee Mugs,Rae Dunn,1,New,Buyer,16.0,20230801/000000000118.parquet,Kitchen & Dining,Mugs & Cups,category_mapping_v1_1,Drinkware group; include title for price distinctions.,NO,,INCLUDE,
171509481,2023-08-23 19:58:09+00:00,148.0,NWT Disney x Rae Dunn Cinderella Bundle - Perfect!,Home,Kitchen Drinkware,Coffee Mugs,Rae Dunn,1,New,Buyer,148.0,20230801/000000000118.parquet,Kitchen & Dining,Mugs & Cups,category_mapping_v1_1,Drinkware group; include title for price distinctions.,NO,,INCLUDE,
232533630,2023-08-23 19:58:35+00:00,19.0,Rae Dunn Disney,Home,Kitchen Drinkware,Coffee Mugs,Rae Dunn,1,New,Buyer,19.0,20230801/000000000118.parquet,Kitchen & Dining,Mugs & Cups,category_mapping_v1_1,Drinkware group; include title for price distinctions.,NO,,INCLUDE,
91604444,2023-08-23 20:06:57+00:00,30.0,Hydrapeak Skull/Floral Stainless Steel Insulated Bottle,Home,Kitchen Drinkware,Water Bottles,T.J.Maxx,1,New,Seller,30.0,20230801/000000000090.parquet,Kitchen & Dining,Bottles & Tumblers,category_mapping_v1_1,Drinkware group; brands/collectibles may strongly affect price.,NO,,INCLUDE,
179412122,2023-08-23 20:31:45+00:00,18.0,THE BIG ONE Football Field Throw Blanket Green 60” x 72” Supersoft Plush NEW,Home,Kids' home store,Kids' bedding,The Big One,1,New,Buyer,18.0,20230801/000000000231.parquet,Bedding & Bath,Blankets & Comforters,title_rule,blankets,NO,,INCLUDE,
246360625,2023-08-24 03:40:40+00:00,9.0,"New Life Comfort Kid’s Ultimate Sherpa Fleece Blanket, Unicorn",Home,Kids' home store,Kids' bedding,,1,New,Buyer,9.0,20230801/000000000016.parquet,Bedding & Bath,Blankets & Comforters,title_rule,blankets,NO,,INCLUDE,
158083268,2023-08-24 03:46:35+00:00,16.0,Bubba Soft Touch Tumbler,Home,Kitchen Drinkware,Tumblers,,1,New,Buyer,16.0,20230801/000000000090.parquet,Kitchen & Dining,Bottles & Tumblers,category_mapping_v1_1,Drinkware group; brands/collectibles may strongly affect price.,NO,,INCLUDE,
44351673,2023-08-24 17:10:44+00:00,209.0,Starbucks Philippines Tiffany Blue with Bow Topper,Home,Kitchen Drinkware,Tumblers,Starbucks,1,New,Buyer,209.0,20230801/000000000231.parquet,Kitchen & Dining,Bottles & Tumblers,category_mapping_v1_1,Drinkware group; brands/collectibles may strongly affect price.,NO,,INCLUDE,
118951025,2023-08-24 17:11:43+00:00,4.0,Latching canisters,Home,Kitchen Storage,Kitchen Canisters,,1,New,Buyer,4.0,20230801/000000000166.parquet,Kitchen & Dining,Food Storage,category_mapping_v1_1,Storage containers/canisters; confirm reusable physical goods.,NO,,INCLUDE,
14800539,2023-08-24 17:58:01+00:00,100.0,Williams-Sonoma Sicily Melamine Tableware Bundle,Home,Kitchen Dinnerware,Bowls,Williams Sonoma,2,Like new,Buyer,100.0,20230801/000000000166.parquet,Kitchen & Dining,Dinnerware,category_mapping_v1_1,"Direct dinnerware subtype, but spot-check mixed sets.",NO,,INCLUDE,
54270610,2023-08-24 23:23:52+00:00,39.0,Headless Horseman Statue,Home,Seasonal decor,Halloween,,1,New,Buyer,39.0,20230801/000000000118.parquet,Home Decor,Decorative Accessories,title_rule,decorative_accessory,NO,,INCLUDE,
202820161,2023-08-25 00:14:39+00:00,36.0,North Muse Candles,Home,Home decor,Home Candles,,1,New,Buyer,36.0,20230801/000000000118.parquet,Home Decor,Candles,title_rule,candle,NO,,INCLUDE,
148828668,2023-08-25 02:51:18+00:00,25.0,Minnie Mouse stainless steel water bottle,Home,Kitchen Drinkware,Water Bottles,Disney,3,Good,Buyer,25.0,20230801/000000000118.parquet,Kitchen & Dining,Bottles & Tumblers,category_mapping_v1_1,Drinkware group; brands/collectibles may strongly affect price.,NO,,INCLUDE,
75841831,2023-08-25 02:54:49+00:00,25.0,Disney 50th Anniversary Steel Mini Water Bottle with Built in Straw,Home,Kitchen Drinkware,Water Bottles,Disney,1,New,Buyer,25.0,20230801/000000000118.parquet,Kitchen & Dining,Bottles & Tumblers,category_mapping_v1_1,Drinkware group; brands/collectibles may strongly affect price.,NO,,INCLUDE,
41724014,2023-08-25 12:22:25+00:00,250.0,Little Sleepies Classic Leopard Oversized Adult Cloud Blanket,Home,Bedding,Other,little sleepies,1,New,Buyer,250.0,20230801/000000000166.parquet,Bedding & Bath,Blankets & Comforters,title_rule,blankets,NO,,INCLUDE,
73938545,2023-08-25 17:01:47+00:00,39.0,4 Aldi Huntington Home Luxury Candles jo malone dupes..,Home,Home decor,Home Candles,,1,New,Buyer,39.0,20230801/000000000118.parquet,Home Decor,Candles,title_rule,candle,NO,,INCLUDE,
16400335,2023-08-25 17:44:45+00:00,23.0,Starbucks ceramic travel mug,Home,Kitchen Drinkware,Tumblers,Starbucks,1,New,Buyer,23.0,20230801/000000000016.parquet,Kitchen & Dining,Bottles & Tumblers,category_mapping_v1_1,Drinkware group; brands/collectibles may strongly affect price.,NO,,INCLUDE,
149699068,2023-08-25 21:07:40+00:00,10.0,Disney Mickey Halloween Castle Ornament,Home,Seasonal decor,Halloween,Disney,1,New,Buyer,10.0,20230801/000000000118.parquet,Home Decor,Seasonal Decorations,title_rule,seasonal_object,NO,,INCLUDE,
119851844,2023-08-26 01:45:05+00:00,11.0,Apana clear glass with turquoise water bottle with infuser & silicone handle,Home,Kitchen Drinkware,Water Bottles,Apana,2,Like new,Buyer,11.0,20230801/000000000257.parquet,Kitchen & Dining,Bottles & Tumblers,category_mapping_v1_1,Drinkware group; brands/collectibles may strongly affect price.,NO,,INCLUDE,
239028458,2023-08-26 03:27:02+00:00,20.0,"Harley Davidson Motorcycles Etched Clear Glass Beer Mug Tankard 7""",Home,Kitchen Barware,Beer Glasses,Harley-Davidson,3,Good,Buyer,20.0,20230801/000000000096.parquet,Kitchen & Dining,Mugs & Cups,category_mapping_v1_1,Drinkware subtype; inspect collectibles/sets.,NO,,INCLUDE,
148138480,2023-08-26 16:29:40+00:00,54.0,Set 2 Rifle Paper Co Mugs Book Lovers Club Titles Library Gold Handle 12 oz,Home,Kitchen Drinkware,Coffee Mugs,Anthropologie,2,Like new,Buyer,54.0,20230801/000000000316.parquet,Kitchen & Dining,Mugs & Cups,category_mapping_v1_1,Drinkware group; include title for price distinctions.,NO,,INCLUDE,
69689339,2023-08-26 18:31:58+00:00,40.0,Starbucks Tim Singleton 2023 Pride Rainbow Swirl tumbler,Home,Kitchen Drinkware,Tumblers,Starbucks,1,New,Seller,40.0,20230801/000000000118.parquet,Kitchen & Dining,Bottles & Tumblers,category_mapping_v1_1,Drinkware group; brands/collectibles may strongly affect price.,NO,,INCLUDE,
177439394,2023-08-26 22:34:23+00:00,13.0,36 oz insulated stainless steel jug,Home,Kitchen Drinkware,Tumblers,Igloo,1,New,Buyer,13.0,20230801/000000000118.parquet,Kitchen & Dining,Bottles & Tumblers,category_mapping_v1_1,Drinkware group; brands/collectibles may strongly affect price.,NO,,INCLUDE,
235931658,2023-08-26 22:57:32+00:00,5.0,Boots Dora The Explorer Ornament,Home,Seasonal decor,Christmas,Nick Jr.,3,Good,Buyer,5.0,20230801/000000000090.parquet,Home Decor,Seasonal Decorations,title_rule,seasonal_object,NO,,INCLUDE,
108673519,2023-08-26 23:12:52+00:00,25.0,Sulley mug with topper,Home,Kitchen Drinkware,Coffee Mugs,Rae Dunn,1,New,Buyer,25.0,20230801/000000000292.parquet,Kitchen & Dining,Mugs & Cups,category_mapping_v1_1,Drinkware group; include title for price distinctions.,NO,,INCLUDE,
247599759,2023-08-26 23:15:07+00:00,21.0,NEW! Rae Dunn x Monsters inc Mike mug with topper,Home,Kitchen Drinkware,Coffee Mugs,Rae Dunn,1,New,Buyer,21.0,20230801/000000000292.parquet,Kitchen & Dining,Mugs & Cups,category_mapping_v1_1,Drinkware group; include title for price distinctions.,NO,,INCLUDE,
5751899,2023-08-27 02:54:45+00:00,30.0,"Amazon Brand – Rivet Phinney Upholstered Dining Chair, 19.7""W, Wood (N2)",Home,Kitchen Furniture,Dining Chairs,,3,Good,Buyer,30.0,20230801/000000000292.parquet,Furniture,Chair,category_mapping_v1_1,Dining chair subtype.,NO,,INCLUDE,
191339307,2023-08-27 04:07:58+00:00,3.0,Water bottle,Home,Kitchen Drinkware,Water Bottles,Contigo,2,Like new,Buyer,3.0,20230801/000000000292.parquet,Kitchen & Dining,Bottles & Tumblers,category_mapping_v1_1,Drinkware group; brands/collectibles may strongly affect price.,NO,,INCLUDE,
201271506,2023-08-27 05:09:18+00:00,12.0,Sonic The Hedgehog Beach Towel,Home,Bedding,Throws,Sega,1,New,Buyer,12.0,20230801/000000000090.parquet,Bedding & Bath,Blankets & Comforters,category_mapping_v1_1,Bedding textile group.,NO,,INCLUDE,
202699987,2023-08-27 12:48:06+00:00,17.0,Yeti 10 oz tumbler,Home,Kitchen Drinkware,Tumblers,Yeti,1,New,Buyer,17.0,20230801/000000000231.parquet,Kitchen & Dining,Bottles & Tumblers,category_mapping_v1_1,Drinkware group; brands/collectibles may strongly affect price.,NO,,INCLUDE,
171503532,2023-08-27 15:44:18+00:00,13.0,Hallmark Artist Collection: Kim Mallory Ceramic Bird Oiseau Figurine Family gift,Home,Home decor,Home decor accents,Hallmark,1,New,Buyer,13.0,20230801/000000000257.parquet,Home Decor,Decorative Accessories,title_rule,decorative_accessory,NO,,INCLUDE,
79047881,2023-08-27 16:38:18+00:00,15.0,Rae dunn Charlie Brown football season mug,Home,Kitchen Drinkware,Coffee Mugs,Rae Dunn,1,New,Buyer,15.0,20230801/000000000231.parquet,Kitchen & Dining,Mugs & Cups,category_mapping_v1_1,Drinkware group; include title for price distinctions.,NO,,INCLUDE,
51775579,2023-08-27 18:36:20+00:00,7.0,Biltmore 610 Thread Count Egyptian Cotton 2 standard pillowcases  NWT,Home,Bedding,Bed Sheets,,1,New,Buyer,7.0,20230801/000000000231.parquet,Bedding & Bath,Sheets & Pillowcases,category_mapping_v1_1,Textiles; confirm exact set composition.,NO,,INCLUDE,
7143883,2023-08-27 22:57:00+00:00,108.0,Juicy Couture LEOPARD PRINT 8 Piece Bed Set | Queen Size Bedding Y2K Black Pink,Home,Bedding,Comforter Sets,Juicy Couture,1,New,Buyer,108.0,20230801/000000000118.parquet,Bedding & Bath,Blankets & Comforters,category_mapping_v1_1,Bedding textile group.,NO,,INCLUDE,
73315316,2023-08-28 00:31:40+00:00,150.0,H Blanket & Free Pillowcase (beige color),Home,Bedding,Throws,,1,New,Seller,150.0,20230801/000000000090.parquet,Bedding & Bath,Blankets & Comforters,category_mapping_v1_1,Bedding textile group.,NO,,INCLUDE,
232768501,2023-08-28 01:28:53+00:00,10.0,3 qt crockpot,Home,Kitchen Small Appliances,Slow Cookers,Crock Pot,3,Good,Buyer,10.0,20230801/000000000292.parquet,Appliances,Kitchen Appliance,category_mapping_v1_1,Recognizable appliance subtype; title QC for parts/accessories and miscategorizations.,NO,,INCLUDE,
84948422,2023-08-28 03:37:17+00:00,39.0,Ghost Candelabra,Home,Seasonal decor,Halloween,T.J.Maxx,1,New,Buyer,39.0,20230801/000000000118.parquet,Home Decor,Decorative Accessories,title_rule,decorative_accessory,NO,,INCLUDE,
73998865,2023-08-28 12:38:20+00:00,12.0,Tropical Fish Towel Bar,Home,Home decor,Home decor accents,,1,New,Buyer,12.0,20230801/000000000090.parquet,Bedding & Bath,Bathroom Accessories,reviewer_qc,Reviewed sample decision,YES,,INCLUDE,
216147343,2023-08-28 15:31:45+00:00,319.0,Masterclass Premium Beige Speckled 11 Piece Cookware Bundle,Home,Kitchen Cookware,Cookware Sets,Master Class,1,New,Buyer,319.0,20230801/000000000016.parquet,Kitchen & Dining,Cookware,category_mapping_v1_1,Recognizable cookware.,NO,,INCLUDE,
217651045,2023-08-28 15:41:57+00:00,75.0,Rae Dunn measuring cups teacup fall,Home,Kitchen Utensils,Measuring Cups,Rae Dunn,1,New,Buyer,75.0,20230801/000000000231.parquet,Kitchen & Dining,Kitchen Utensils & Tools,category_mapping_v1_1,Reusable kitchen utensil/tool subtype; spot-check individual listings.,NO,,INCLUDE,
113530909,2023-08-28 22:35:50+00:00,57.0,Coleshome 63 Inch Computer Desk,Home,Home Office Furniture,Desks,,1,New,Buyer,57.0,20230801/000000000144.parquet,Furniture,Desk,category_mapping_v1_1,Desk subtype; desk converters/accessories may need exclusion.,NO,,INCLUDE,
51744900,2023-08-28 23:43:41+00:00,34.0,Pickle & Dot oversized plush throw PUGS & COFFEE,Home,Bedding,Throws,,1,New,Buyer,34.0,20230801/000000000257.parquet,Bedding & Bath,Blankets & Comforters,category_mapping_v1_1,Bedding textile group.,NO,,INCLUDE,
200230211,2023-08-29 01:17:25+00:00,18.0,Mini spray bottle,Home,Kitchen Drinkware,Water Bottles,,1,New,Buyer,18.0,20230801/000000000257.parquet,Kitchen & Dining,Bottles & Tumblers,category_mapping_v1_1,Drinkware group; brands/collectibles may strongly affect price.,NO,,INCLUDE,
46845064,2023-08-29 01:22:14+00:00,17.0,Tupperware clear impressions bowl,Home,Kitchen Storage,Food Storage Containers,Tupperware,1,New,Buyer,17.0,20230801/000000000016.parquet,Kitchen & Dining,Food Storage,category_mapping_v1_1,Storage containers/canisters; confirm reusable physical goods.,NO,,INCLUDE,
14245013,2023-08-29 01:52:39+00:00,18.0,Framed Wall Art,Home,Home decor,Home decor accents,ART,2,Like new,Buyer,18.0,20230801/000000000118.parquet,Home Decor,Wall Art & Frames,title_rule,wall_art,NO,,INCLUDE,
116313714,2023-08-29 02:55:25+00:00,54.0,Hello kitty plush blanket halloween,Home,Seasonal decor,Halloween,Hello Kitty,1,New,Buyer,54.0,20230801/000000000118.parquet,Bedding & Bath,Blankets & Comforters,title_rule,blankets,NO,,INCLUDE,
7132956,2023-08-29 03:19:50+00:00,20.0,rae dunn disney abuela mug,Home,Kitchen Drinkware,Coffee Mugs,Rae Dunn,1,New,Buyer,20.0,20230801/000000000118.parquet,Kitchen & Dining,Mugs & Cups,category_mapping_v1_1,Drinkware group; include title for price distinctions.,NO,,INCLUDE,
93793597,2023-08-29 03:20:25+00:00,29.0,Rae Dunn Disney ENCANTO bundle 4 Mugs New,Home,Kitchen Drinkware,Coffee Mugs,Rae Dunn,1,New,Buyer,29.0,20230801/000000000118.parquet,Kitchen & Dining,Mugs & Cups,category_mapping_v1_1,Drinkware group; include title for price distinctions.,NO,,INCLUDE,
101236326,2023-08-29 03:20:49+00:00,20.0,NEW Rae Dunn Disney Tiana “Beignet All Day” Mug,Home,Kitchen Drinkware,Coffee Mugs,Rae Dunn,1,New,Buyer,20.0,20230801/000000000118.parquet,Kitchen & Dining,Mugs & Cups,category_mapping_v1_1,Drinkware group; include title for price distinctions.,NO,,INCLUDE,
83907457,2023-08-29 06:16:19+00:00,18.0,5 x 7 Blue Beige Floral Print Area Rug Carpet Capri Home Decorations room dining,Home,Home decor,Area Rugs,Capri,3,Good,Buyer,18.0,20230801/000000000090.parquet,Home Decor,Rug & Mat,category_mapping_v1_1,Source fine-grained subtype reasonably matches target; spot-check mislabeled listings.,NO,,INCLUDE,
74261939,2023-08-29 14:24:37+00:00,28.0,Anthropologie Petal Palette Starla Halfmann Letter S Coffee Mug 14 fl oz Ceramic,Home,Kitchen Drinkware,Coffee Mugs,Anthropologie,3,Good,Buyer,28.0,20230801/000000000090.parquet,Kitchen & Dining,Mugs & Cups,category_mapping_v1_1,Drinkware group; include title for price distinctions.,NO,,INCLUDE,
127805671,2023-08-29 14:25:25+00:00,11.0,"Anthropologie Mug by Starla M Halfmann ""G""",Home,Kitchen Drinkware,Coffee Mugs,Anthropologie,1,New,Buyer,11.0,20230801/000000000090.parquet,Kitchen & Dining,Mugs & Cups,category_mapping_v1_1,Drinkware group; include title for price distinctions.,NO,,INCLUDE,
95871872,2023-08-29 15:17:46+00:00,78.0,"Rae Dunn Alice in Wonderland Bundle TEA TIME & Alice, Mad Hatter & White Rabbit",Home,Kitchen Drinkware,Coffee Mugs,Rae Dunn,1,New,Buyer,78.0,20230801/000000000292.parquet,Kitchen & Dining,Mugs & Cups,category_mapping_v1_1,Drinkware group; include title for price distinctions.,NO,,INCLUDE,
230944699,2023-08-29 15:29:18+00:00,50.0,NEW Storehouse Seasonal Pastel Pink Ghost Blanket,Home,Seasonal decor,Christmas,,1,New,Buyer,50.0,20230801/000000000144.parquet,Bedding & Bath,Blankets & Comforters,title_rule,blankets,NO,,INCLUDE,
228568564,2023-08-29 15:29:53+00:00,34.0,NWT Novogratz Halloween 12x27 Rainbow Ghost Feather Pillow,Home,Home decor,Decorative pillows,,1,New,Buyer,34.0,20230801/000000000144.parquet,Home Decor,Decorative Pillow,category_mapping_v1_1,Source fine-grained subtype reasonably matches target; spot-check mislabeled listings.,NO,,INCLUDE,
119431516,2023-08-29 22:58:39+00:00,190.0,GOALPLUS Outdoor Post Light Fixture,Home,Home decor,Home Decor Lighting,,1,New,Seller,190.0,20230801/000000000090.parquet,Home Decor,Lamp & Lighting,category_mapping_v1_1,Source fine-grained subtype reasonably matches target; spot-check mislabeled listings.,NO,,INCLUDE,
64215922,2023-08-30 01:08:11+00:00,25.0,Mikasa Intaglia Arabella New 3 piece set,Home,Kitchen Dinnerware,Other Dinnerware,Mikasa,1,New,Buyer,25.0,20230801/000000000144.parquet,Kitchen & Dining,Dinnerware,category_mapping_v1_1,"Direct dinnerware subtype, but spot-check mixed sets.",NO,,INCLUDE,
188964370,2023-08-30 01:10:04+00:00,16.0,"Mikasa Arabella Intaglio Salt Pepper Shaker Set, White/Blue CAC 01.",Home,Kitchen Gadgets & Tools,Salt & Pepper Shakers,Mikasa,3,Good,Buyer,16.0,20230801/000000000144.parquet,Kitchen & Dining,Kitchen Utensils & Tools,category_mapping_v1_1,Reusable kitchen utensil/tool subtype; spot-check individual listings.,NO,,INCLUDE,
195359701,2023-08-30 01:14:57+00:00,10.0,Starbucks 12oz Logo Black Tumbler,Home,Kitchen Drinkware,Tumblers,Starbucks,2,Like new,Buyer,10.0,20230801/000000000016.parquet,Kitchen & Dining,Bottles & Tumblers,category_mapping_v1_1,Drinkware group; brands/collectibles may strongly affect price.,NO,,INCLUDE,
143468232,2023-08-30 01:35:46+00:00,20.0,Loft steps,Home,Bedroom Furniture,Beds,,1,New,Buyer,20.0,20230801/000000000166.parquet,Furniture,Bed Frame,category_mapping_v1_1,Furniture subtype; accessories/steps must be identified from title.,NO,,INCLUDE,
62574084,2023-08-30 06:12:01+00:00,49.0,BBW Spooky Cider Lane 3 wick Candle X2,Home,Home decor,Home Candles,Bath & Body Works,1,New,Buyer,49.0,20230801/000000000257.parquet,Home Decor,Candles,title_rule,candle,NO,,INCLUDE,
113864311,2023-08-30 17:14:40+00:00,120.0,Owala FreeSip Stainless Steel Water Bottle / 24oz / Color: Eggshell,Home,Kitchen Drinkware,Water Bottles,,1,New,Buyer,120.0,20230801/000000000090.parquet,Kitchen & Dining,Bottles & Tumblers,category_mapping_v1_1,Drinkware group; brands/collectibles may strongly affect price.,NO,,INCLUDE,
207773600,2023-08-30 19:08:57+00:00,130.0,KING Size Juicy Couture Hot Pink w/ Rhinstone Juicy Logo 4 pc Comforter Bed Set,Home,Bedding,,Juicy Couture,1,New,Buyer,130.0,20230801/000000000118.parquet,Bedding & Bath,Blankets & Comforters,title_rule,blankets,NO,,INCLUDE,
194357706,2023-08-30 22:53:39+00:00,50.0,"Rae dunn bacon , egg holder and toast plate",Home,Home decor,Home decor accents,Rae Dunn,1,New,Buyer,50.0,20230801/000000000166.parquet,Kitchen & Dining,Dinnerware,title_rule,dinnerware,NO,,INCLUDE,
104828098,2023-08-30 23:56:34+00:00,6.0,Bluey Stanley lid spinner,Home,Kitchen Drinkware,Tumblers,,1,New,Buyer,6.0,20230801/000000000118.parquet,Kitchen & Dining,Bottles & Tumblers,category_mapping_v1_1,Drinkware group; brands/collectibles may strongly affect price.,NO,,INCLUDE,
153240118,2023-09-01 05:20:05+00:00,11.0,"Ice Cube Tray 3 Pack, Upgraded Easy Release Round Ice Cube Trays, Stackable Ice",Home,Kitchen Gadgets & Tools,Ice Cube Trays,AmazonBasics,1,New,Seller,11.0,20230901/000000000080.parquet,Kitchen & Dining,Kitchen Utensils & Tools,category_mapping_v1_1,Reusable kitchen utensil/tool subtype; spot-check individual listings.,NO,,INCLUDE,
40392961,2023-09-01 05:23:09+00:00,5.0,Ice cube tray - brand new,Home,Kitchen Gadgets & Tools,Ice Cube Trays,,1,New,Seller,5.0,20230901/000000000080.parquet,Kitchen & Dining,Kitchen Utensils & Tools,category_mapping_v1_1,Reusable kitchen utensil/tool subtype; spot-check individual listings.,NO,,INCLUDE,
229917829,2023-09-01 07:06:57+00:00,50.0,Rowenta DW52 Focus Stainless Steel Soleplate Steam Iron,Home,Home appliances,Irons,Rowenta,1,New,Buyer,50.0,20230901/000000000094.parquet,Appliances,Iron & Steamer,category_mapping_v1_1,Recognizable appliance subtype.,NO,,INCLUDE,
34611808,2023-09-01 13:57:40+00:00,180.0,Shark Air Purifier 4 w,Home,Home appliances,Air purifiers,Shark,1,New,Seller,180.0,20230901/000000000026.parquet,Appliances,Air Care & Climate,title_rule,air_care,NO,,INCLUDE,
4551208,2023-09-01 16:39:42+00:00,39.0,Cynthia Rowley Halloween queen sheet,Home,Bedding,Bed Sheets,Cynthia Rowley,1,New,Buyer,39.0,20230901/000000000094.parquet,Bedding & Bath,Sheets & Pillowcases,category_mapping_v1_1,Textiles; confirm exact set composition.,NO,,INCLUDE,
68619195,2023-09-01 19:19:12+00:00,80.0,Disney Lilo & STITCH Handstand COOKIE JAR Canister EXPERT PACKAGING!,Home,Kitchen Storage,Kitchen Canisters,Disney,1,New,Buyer,80.0,20230901/000000000038.parquet,Kitchen & Dining,Food Storage,category_mapping_v1_1,Storage containers/canisters; confirm reusable physical goods.,NO,,INCLUDE,
150762082,2023-09-01 19:57:25+00:00,172.0,Pottery Barn Skeleton Cheeseboard Platter,Home,Seasonal decor,Halloween,Pottery Barn,1,New,Buyer,172.0,20230901/000000000019.parquet,Home Decor,Decorative Accessories,title_rule,decorative_accessory,NO,,INCLUDE,
238375955,2023-09-01 20:34:54+00:00,13.0,Starbucks tumbler,Home,Kitchen Drinkware,Tumblers,Starbucks,3,Good,Buyer,13.0,20230901/000000000019.parquet,Kitchen & Dining,Bottles & Tumblers,category_mapping_v1_1,Drinkware group; brands/collectibles may strongly affect price.,NO,,INCLUDE,
71266385,2023-09-01 21:31:10+00:00,200.0,Dyson Cyclone V10™ animal cordless stick vacuum (Purple),Home,Home appliances,Vacuums,Dyson,3,Good,Buyer,200.0,20230901/000000000019.parquet,Appliances,Vacuum,category_mapping_v1_1,Some listings are accessories/parts; flag during title QC.,NO,,INCLUDE,
235274648,2023-09-01 23:57:29+00:00,285.0,Simply Shabby Chic Blanket,Home,Bedding,Blankets,Simply Shabby Chic,3,Good,Buyer,285.0,20230901/000000000080.parquet,Bedding & Bath,Blankets & Comforters,category_mapping_v1_1,Bedding textile group.,NO,,INCLUDE,
218561694,2023-09-02 00:45:08+00:00,35.0,Halloween skull blanket,Home,Seasonal decor,Halloween,T.J.Maxx,1,New,Buyer,35.0,20230901/000000000094.parquet,Bedding & Bath,Blankets & Comforters,title_rule,blankets,NO,,INCLUDE,
230044473,2023-09-02 00:58:13+00:00,162.0,Ninja Specialty Coffee Maker,Home,Kitchen Coffee & Espresso Makers,,Ninja,1,New,Seller,162.0,20230901/000000000273.parquet,Appliances,Coffee & Espresso Machine,title_rule,coffee_machine,NO,,INCLUDE,
46885587,2023-09-02 01:49:19+00:00,75.0,Cupcakes & Cashmere Tik Tok Viral Ghost Blanket & Ghost Pillow Set,Home,Seasonal decor,Halloween,Cupcakes and Cashmere,1,New,Buyer,75.0,20230901/000000000273.parquet,Bedding & Bath,Blankets & Comforters,title_rule,blankets,NO,,INCLUDE,
111530323,2023-09-02 02:46:31+00:00,5.0,Blow Mold,Home,Seasonal decor,Christmas,,3,Good,Buyer,5.0,20230901/000000000078.parquet,Home Decor,Seasonal Decorations,title_rule,seasonal_object,NO,,INCLUDE,
124468411,2023-09-02 02:53:50+00:00,34.0,New Snoopy Thanksgiving plush throw,Home,Bedding,Throws,Peanuts,1,New,Buyer,34.0,20230901/000000000360.parquet,Bedding & Bath,Blankets & Comforters,category_mapping_v1_1,Bedding textile group.,NO,,INCLUDE,
123628072,2023-09-02 03:07:33+00:00,25.0,Rae Dunn The Great Pumpkin Mug,Home,Seasonal decor,Halloween,Rae Dunn,1,New,Buyer,25.0,20230901/000000000360.parquet,Kitchen & Dining,Mugs & Cups,title_rule,mugs,NO,,INCLUDE,
31928422,2023-09-02 07:10:41+00:00,10.0,Twin Size Quilt,Home,Bedding,Quilts,,3,Good,Buyer,10.0,20230901/000000000026.parquet,Bedding & Bath,Blankets & Comforters,category_mapping_v1_1,Bedding textile group.,NO,,INCLUDE,
22054364,2023-09-02 16:39:10+00:00,32.0,Snake/serpent placemats set of 6,Home,Kitchen & Table Linens,Kitchen Table Placemats,,1,New,Buyer,32.0,20230901/000000000019.parquet,Kitchen & Dining,Kitchen & Table Linens,category_mapping_v1_1,Kitchen linens; title may be seasonal-themed but item is reusable.,NO,,INCLUDE,
148404245,2023-09-02 19:51:58+00:00,109.0,Kate Spade X-Long Twin Set: Bald Leopard,Home,Bedding,Comforter Sets,Kate Spade,1,New,Buyer,109.0,20230901/000000000078.parquet,Bedding & Bath,Blankets & Comforters,category_mapping_v1_1,Bedding textile group.,NO,,INCLUDE,
37393951,2023-09-02 20:16:22+00:00,8.0,Amscan Party City Football Serving Tray,Home,Kitchen Serveware,Serving Platters,Party City,3,Good,Buyer,8.0,20230901/000000000343.parquet,Kitchen & Dining,Servingware,category_mapping_v1_1,Recognizable reusable servingware subtype; individual listings can still be misclassified.,NO,,INCLUDE,
154122027,2023-09-02 22:43:03+00:00,22.0,hydrapeak PINK ghost food jar 25 oz brand new,Home,Kitchen Storage,Food Storage Containers,,1,New,Buyer,22.0,20230901/000000000078.parquet,Kitchen & Dining,Food Storage,category_mapping_v1_1,Storage containers/canisters; confirm reusable physical goods.,NO,,INCLUDE,
132029487,2023-09-02 22:44:49+00:00,23.0,Ghost waffle maker,Home,Seasonal decor,Halloween,Dash,1,New,Buyer,23.0,20230901/000000000343.parquet,Appliances,Kitchen Appliance,title_rule,kitchen_appliance,NO,,INCLUDE,
198812471,2023-09-03 01:50:49+00:00,10.0,Mid century royal adderley salt and pepper shakers,Home,Kitchen Gadgets & Tools,Salt & Pepper Shakers,Unique Vintage,3,Good,Buyer,10.0,20230901/000000000038.parquet,Kitchen & Dining,Kitchen Utensils & Tools,category_mapping_v1_1,Reusable kitchen utensil/tool subtype; spot-check individual listings.,NO,,INCLUDE,
225223210,2023-09-03 08:19:16+00:00,54.0,Hello kitty plush halloween blanket,Home,Seasonal decor,Halloween,Hello Kitty,1,New,Buyer,54.0,20230901/000000000038.parquet,Bedding & Bath,Blankets & Comforters,title_rule,blankets,NO,,INCLUDE,
32592151,2023-09-03 09:01:44+00:00,46.0,Betsey Johnson Pink Bat Sheet Set,Home,Seasonal decor,Halloween,Betsey Johnson,1,New,Buyer,46.0,20230901/000000000360.parquet,Bedding & Bath,Sheets & Pillowcases,title_rule,sheets,NO,,INCLUDE,
49108746,2023-09-03 15:01:02+00:00,32.0,Keurig Coffee Maker,Home,Kitchen Coffee & Espresso Makers,,Keurig,3,Good,Buyer,32.0,20230901/000000000360.parquet,Appliances,Coffee & Espresso Machine,title_rule,coffee_machine,NO,,INCLUDE,
222996408,2023-09-03 16:05:43+00:00,35.0,ghost pitcher Target,Home,Seasonal decor,Halloween,Target,1,New,Buyer,35.0,20230901/000000000360.parquet,Kitchen & Dining,Servingware,title_rule,serveware,NO,,INCLUDE,
101309234,2023-09-03 19:01:47+00:00,24.0,Pink Ghost Tumbler,Home,Kitchen Drinkware,Tumblers,Wellness,1,New,Buyer,24.0,20230901/000000000026.parquet,Kitchen & Dining,Bottles & Tumblers,category_mapping_v1_1,Drinkware group; brands/collectibles may strongly affect price.,NO,,INCLUDE,
61531591,2023-09-03 21:34:46+00:00,19.0,Discovery Cover Picture Frame,Home,Home decor,Picture Frames,,2,Like new,Buyer,19.0,20230901/000000000094.parquet,Home Decor,Wall Art & Frames,category_mapping_v1_1,Source fine-grained subtype reasonably matches target; spot-check mislabeled listings.,NO,,INCLUDE,
154475507,2023-09-03 23:16:10+00:00,54.0,Cal King 3 pc premium heavy red roses floral design sherpa comforter set,Home,Bedding,Comforter Sets,,1,New,Buyer,54.0,20230901/000000000343.parquet,Bedding & Bath,Blankets & Comforters,category_mapping_v1_1,Bedding textile group.,NO,,INCLUDE,
210659887,2023-09-03 23:26:21+00:00,89.0,"Rae Dunn Onions, Potatoes, Garlic set new",Home,Kitchen Storage,Food Storage Containers,Rae Dunn,1,New,Buyer,89.0,20230901/000000000094.parquet,Kitchen & Dining,Food Storage,category_mapping_v1_1,Storage containers/canisters; confirm reusable physical goods.,NO,,INCLUDE,
8141932,2023-09-04 00:45:34+00:00,93.0,Masterclass cookware  healthy option white skillet set,Home,Kitchen Cookware,,Master Class,1,New,Buyer,93.0,20230901/000000000080.parquet,Kitchen & Dining,Cookware,title_rule,cookware,NO,,INCLUDE,
83485583,2023-09-04 03:01:55+00:00,29.0,ninja turtles plush blanket super soft cold season,Home,Bedding,Blankets,Nickelodeon,1,New,Seller,29.0,20230901/000000000078.parquet,Bedding & Bath,Blankets & Comforters,category_mapping_v1_1,Bedding textile group.,NO,,INCLUDE,
88838146,2023-09-04 05:09:13+00:00,28.0,Skeleton Food Containers,Home,Seasonal decor,Halloween,T.J.Maxx,1,New,Buyer,28.0,20230901/000000000343.parquet,Kitchen & Dining,Food Storage,title_rule,food_storage,NO,,INCLUDE,
227549233,2023-09-04 07:49:38+00:00,12.0,Roy KIRKHAM Dogs An Exclusive Design Cup England,Home,Kitchen Drinkware,Coffee Mugs,Roy Kirkham,2,Like new,Seller,12.0,20230901/000000000273.parquet,Kitchen & Dining,Mugs & Cups,category_mapping_v1_1,Drinkware group; include title for price distinctions.,NO,,INCLUDE,
87445355,2023-09-04 14:44:52+00:00,25.0,"Harley Davidson Captain America 24""x36"" Lobby Poster 1942 Liberator 2011 Marvel",Home,Artwork,Posters,Marvel,2,Like new,Buyer,25.0,20230901/000000000019.parquet,Home Decor,Wall Art & Frames,category_mapping_v1_1,Wall art/prints; collectibles may be price outliers.,NO,,INCLUDE,
198183092,2023-09-04 14:51:53+00:00,50.0,Barbie Cinemark Cup and Popcorn Bucket - flawless,Home,Kitchen Drinkware,Tumblers,,1,New,Buyer,50.0,20230901/000000000019.parquet,Kitchen & Dining,Bottles & Tumblers,category_mapping_v1_1,Drinkware group; brands/collectibles may strongly affect price.,NO,,INCLUDE,
66786122,2023-09-04 16:54:36+00:00,45.0,Hallmark ornament 2023 Disney Mysterious  Mickey Jack-O-lantern light & sound,Home,Seasonal decor,Christmas,Disney,1,New,Buyer,45.0,20230901/000000000019.parquet,Home Decor,Seasonal Decorations,title_rule,seasonal_object,NO,,INCLUDE,
69157311,2023-09-04 16:55:50+00:00,44.0,Hallmark ornament 2023 Disney Mysterious Mickey Jack-O-lantern light & sound NEW,Home,Seasonal decor,Christmas,Disney,1,New,Buyer,44.0,20230901/000000000019.parquet,Home Decor,Seasonal Decorations,title_rule,seasonal_object,NO,,INCLUDE,
125910084,2023-09-04 18:15:36+00:00,6.0,Tea & Lemon London Calling Wax Melts,Home,Home decor,Wax Melts,Bath & Body Works,1,New,Buyer,6.0,20230901/000000000019.parquet,Home Decor,Home Fragrance,title_rule,home_fragrance,NO,,INCLUDE,
124375380,2023-09-04 19:34:40+00:00,33.0,Starbucks hot pink pumpkin mug,Home,Kitchen Drinkware,Coffee Mugs,Starbucks,1,New,Buyer,33.0,20230901/000000000026.parquet,Kitchen & Dining,Mugs & Cups,category_mapping_v1_1,Drinkware group; include title for price distinctions.,NO,,INCLUDE,
62376788,2023-09-04 21:14:03+00:00,40.0,"Genevieve Aqua Floral World Market Curtains, 2 - 48"" x 84"" Panels",Home,Home decor,Window treatments,World Market,3,Good,Buyer,40.0,20230901/000000000094.parquet,Home Decor,Curtains & Window Treatments,category_mapping_v1_1,Source fine-grained subtype reasonably matches target; spot-check mislabeled listings.,NO,,INCLUDE,
164090456,2023-09-04 23:00:42+00:00,18.0,Fall or Halloween Gourd Pumpkin Mug Set,Home,Kitchen Drinkware,Coffee Mugs,T.J.Maxx,1,New,Buyer,18.0,20230901/000000000094.parquet,Kitchen & Dining,Mugs & Cups,category_mapping_v1_1,Drinkware group; include title for price distinctions.,NO,,INCLUDE,
3738482,2023-09-05 00:20:59+00:00,33.0,Nightmare Before Christmas ⋆Sally⋆ Studded Red Tumbler,Home,Seasonal decor,Halloween,Walgreens,1,New,Buyer,33.0,20230901/000000000273.parquet,Kitchen & Dining,Bottles & Tumblers,title_rule,bottles,NO,,INCLUDE,
150726864,2023-09-05 00:31:34+00:00,88.0,"Ikea Filodendron queen comforter cover, 2 shams, fabric lot",Home,Bedding,Comforter Sets,IKEA,3,Good,Buyer,88.0,20230901/000000000026.parquet,Bedding & Bath,Blankets & Comforters,category_mapping_v1_1,Bedding textile group.,NO,,INCLUDE,
165220591,2023-09-05 00:47:49+00:00,8.0,Noahs art christmas ornament,Home,Seasonal decor,Christmas,,1,New,Buyer,8.0,20230901/000000000019.parquet,Home Decor,Seasonal Decorations,title_rule,seasonal_object,NO,,INCLUDE,
35322484,2023-09-05 01:19:41+00:00,24.0,Tupperware pizza heat and eat 4 piece set,Home,Kitchen Storage,Food Storage Containers,Tupperware,2,Like new,Buyer,24.0,20230901/000000000094.parquet,Kitchen & Dining,Food Storage,category_mapping_v1_1,Storage containers/canisters; confirm reusable physical goods.,NO,,INCLUDE,
553511,2023-09-05 01:49:44+00:00,50.0,Betsey Johnson king sheets bats,Home,Bedding,Bed Sheets,Betsey Johnson,1,New,Buyer,50.0,20230901/000000000078.parquet,Bedding & Bath,Sheets & Pillowcases,category_mapping_v1_1,Textiles; confirm exact set composition.,NO,,INCLUDE,
25649039,2023-09-05 03:59:11+00:00,18.0,PartyLite Enchanted Woodland Silver Trees Candle Sleeve Cover Votive Hurricane,Home,Home decor,Home decor accents,PartyLite,3,Good,Buyer,18.0,20230901/000000000094.parquet,Home Decor,Decorative Accessories,user_override,"Candle sleeve/holder, not the candle itself.",YES,ambiguous_holder,INCLUDE,
76400820,2023-09-05 14:23:01+00:00,17.0,"Halloween Dracula Ceramic Cookie Jar Canister Black & Purple 11"" Tall",Home,Kitchen Storage,Kitchen Canisters,,3,Good,Buyer,17.0,20230901/000000000343.parquet,Kitchen & Dining,Food Storage,category_mapping_v1_1,Storage containers/canisters; confirm reusable physical goods.,NO,,INCLUDE,
244529651,2023-09-05 16:39:04+00:00,10.0,Westex Full Size 100% cotton shell/micro gel fill mattress topper,Home,Bedding,Mattress pads,,2,Like new,Buyer,10.0,20230901/000000000094.parquet,Bedding & Bath,Pillow & Bedding Accessories,category_mapping_v1_1,Bedding accessories; inspect unusual items/brands.,NO,,INCLUDE,
230057722,2023-09-05 20:13:43+00:00,35.0,Skeleton water bottle,Home,Kitchen Drinkware,Water Bottles,Hydrapak,1,New,Buyer,35.0,20230901/000000000080.parquet,Kitchen & Dining,Bottles & Tumblers,category_mapping_v1_1,Drinkware group; brands/collectibles may strongly affect price.,NO,,INCLUDE,
166401983,2023-09-05 20:21:17+00:00,64.0,New Montel Williams Healthmaster Elite 1200W Blender Black & Stainless Steel,Home,Kitchen Small Appliances,Blenders,,1,New,Buyer,64.0,20230901/000000000080.parquet,Appliances,Kitchen Appliance,category_mapping_v1_1,Recognizable appliance subtype; title QC for parts/accessories and miscategorizations.,NO,,INCLUDE,
55140605,2023-09-05 23:35:08+00:00,25.0,(5) Churchill 10” pink transferware plates-pattern “The Brook”,Home,Kitchen Dinnerware,Dinner Plates,,3,Good,Buyer,25.0,20230901/000000000038.parquet,Kitchen & Dining,Dinnerware,category_mapping_v1_1,"Direct dinnerware subtype, but spot-check mixed sets.",NO,,INCLUDE,
66585366,2023-09-06 00:59:08+00:00,22.0,(2) Philips Landscape LED 7w Light Bulbs T5 Wedge Base 2-Bulbs 120 Lumens NEW,Home,Home decor,Home Decor Lighting,Philips,1,New,Seller,22.0,20230901/000000000360.parquet,Home Decor,Lamp & Lighting,category_mapping_v1_1,Source fine-grained subtype reasonably matches target; spot-check mislabeled listings.,NO,,INCLUDE,
232722761,2023-09-06 04:20:15+00:00,50.0,Ninja cold press juicer  pro new in box,Home,Home appliances,Kitchen appliances,Ninja,1,New,Buyer,50.0,20230901/000000000019.parquet,Appliances,Kitchen Appliance,title_rule,kitchen_appliance,NO,,INCLUDE,
133987686,2023-09-06 06:11:10+00:00,40.0,PINK GHOST BLANKET TIKTOK,Home,Seasonal decor,Halloween,,1,New,Buyer,40.0,20230901/000000000080.parquet,Bedding & Bath,Blankets & Comforters,title_rule,blankets,NO,,INCLUDE,
210718013,2023-09-06 16:43:36+00:00,100.0,Brumate 40 oz,Home,Kitchen Drinkware,Water Bottles,Brumate,1,New,Buyer,100.0,20230901/000000000019.parquet,Kitchen & Dining,Bottles & Tumblers,category_mapping_v1_1,Drinkware group; brands/collectibles may strongly affect price.,NO,,INCLUDE,
118015558,2023-09-06 17:11:56+00:00,6.0,faux plant,Home,Home decor,Home decor accents,T.J.Maxx,1,New,Buyer,6.0,20230901/000000000094.parquet,Home Decor,Decorative Accessories,title_rule,decorative_accessory,NO,,INCLUDE,
55119268,2023-09-06 22:03:17+00:00,48.0,Rae Dunn Witch's Brew Pitcher,Home,Seasonal decor,Halloween,Rae Dunn,1,New,Buyer,48.0,20230901/000000000360.parquet,Kitchen & Dining,Servingware,title_rule,serveware,NO,,INCLUDE,
185164648,2023-09-06 22:29:55+00:00,13.0,Arthur Court Marble Cheese Tray & Knives,Home,Kitchen Serveware,Cheese Boards,Arthur Court,3,Good,Buyer,13.0,20230901/000000000343.parquet,Kitchen & Dining,Servingware,category_mapping_v1_1,Recognizable reusable servingware subtype; individual listings can still be misclassified.,NO,,INCLUDE,
186179656,2023-09-06 23:55:47+00:00,14.0,Madagascar topper,Home,Kitchen Drinkware,Tumblers,,1,New,Buyer,14.0,20230901/000000000026.parquet,Kitchen & Dining,Bottles & Tumblers,category_mapping_v1_1,Drinkware group; brands/collectibles may strongly affect price.,NO,,INCLUDE,
195265743,2023-09-07 02:25:22+00:00,35.0,Deik vacuum cleaner,Home,Home appliances,Vacuums & floor care,,2,Like new,Seller,35.0,20230901/000000000019.parquet,Appliances,Vacuum,category_mapping_v1_1,Some listings are accessories/parts; flag during title QC.,NO,,INCLUDE,
123437893,2023-09-07 02:28:12+00:00,38.0,I love My Boo ghost blanket,Home,Seasonal decor,Halloween,T.J.Maxx,1,New,Buyer,38.0,20230901/000000000094.parquet,Bedding & Bath,Blankets & Comforters,title_rule,blankets,NO,,INCLUDE,
179673580,2023-09-07 02:52:30+00:00,45.0,Yankee Candle Autumn Leaves 12 Pack Scented Tea Lights - x4,Home,Home decor,Home fragrance,Yankee Candle,1,New,Seller,45.0,20230901/000000000273.parquet,Home Decor,Candles,title_rule,candle,NO,,INCLUDE,
91954,2023-09-07 08:09:39+00:00,53.0,Rae Dunn beach mugs,Home,Kitchen Drinkware,Coffee Mugs,Rae Dunn,1,New,Buyer,53.0,20230901/000000000343.parquet,Kitchen & Dining,Mugs & Cups,category_mapping_v1_1,Drinkware group; include title for price distinctions.,NO,,INCLUDE,
74004571,2023-09-07 17:01:49+00:00,10.0,Mrs. & Mrs. Witch Kitchen towels x2 - wedding Buy cupcakes and cashmere,Home,Kitchen & Table Linens,Kitchen Towels,Cupcakes and Cashmere,1,New,Buyer,10.0,20230901/000000000026.parquet,Kitchen & Dining,Kitchen & Table Linens,category_mapping_v1_1,Kitchen linens; title may be seasonal-themed but item is reusable.,NO,,INCLUDE,
22481367,2023-09-07 17:52:57+00:00,148.0,Dyson V8 Animal Cordless HEPA Vacuum Cleaner,Home,Home appliances,Vacuums,Dyson,3,Good,Buyer,148.0,20230901/000000000138.parquet,Appliances,Vacuum,category_mapping_v1_1,Some listings are accessories/parts; flag during title QC.,NO,,INCLUDE,
70974456,2023-09-07 17:53:28+00:00,39.0,New Pioneer Woman Glass cutting board,Home,Kitchen & dining,,Pioneer Woman,1,New,Buyer,39.0,20230901/000000000078.parquet,Kitchen & Dining,Kitchen Utensils & Tools,title_rule,kitchen_tools,NO,,INCLUDE,
173104323,2023-09-08 01:05:36+00:00,39.0,Rae Dunn 2023 Halloween Ghost Mugs,Home,Seasonal decor,Halloween,Rae Dunn,1,New,Seller,39.0,20230901/000000000080.parquet,Kitchen & Dining,Mugs & Cups,title_rule,mugs,NO,,INCLUDE,
103943445,2023-09-08 01:06:23+00:00,50.0,Rae Dunn 2023 Halloween POISON Canister and mugs,Home,Seasonal decor,Halloween,Rae Dunn,1,New,Buyer,50.0,20230901/000000000080.parquet,Kitchen & Dining,Mugs & Cups,title_rule,mugs,NO,,INCLUDE,
109231775,2023-09-08 06:30:07+00:00,80.0,Hello kitty Halloween blanket full queen size,Home,Seasonal decor,Halloween,Hello Kitty,1,New,Buyer,80.0,20230901/000000000273.parquet,Bedding & Bath,Blankets & Comforters,title_rule,blankets,NO,,INCLUDE,
25395737,2023-09-08 07:11:31+00:00,12.0,London Kaye Halloween Full Sheet,Home,Bedding,Bed Sheets,,1,New,Buyer,12.0,20230901/000000000138.parquet,Bedding & Bath,Sheets & Pillowcases,category_mapping_v1_1,Textiles; confirm exact set composition.,NO,,INCLUDE,
35181315,2023-09-08 08:27:59+00:00,18.0,Sanrio Interesting Adventure Flatware Set (Cinnamoroll),Home,Kitchen Flatware,Flatware Sets,Sanrio,1,New,Buyer,18.0,20230901/000000000360.parquet,Kitchen & Dining,Kitchen Utensils & Tools,category_mapping_v1_1,Reusable kitchen utensil/tool subtype; spot-check individual listings.,NO,,INCLUDE,
57296755,2023-09-08 08:46:45+00:00,76.0,Handmade Rhinestone Cup,Home,Kitchen Drinkware,Tumblers,Handmade,1,New,Buyer,76.0,20230901/000000000026.parquet,Kitchen & Dining,Bottles & Tumblers,category_mapping_v1_1,Drinkware group; brands/collectibles may strongly affect price.,NO,,INCLUDE,
157846985,2023-09-08 17:14:34+00:00,10.0,Pair of enamel tin mugs-4”tall,Home,Kitchen Drinkware,Coffee Mugs,Old Navy,2,Like new,Buyer,10.0,20230901/000000000078.parquet,Kitchen & Dining,Mugs & Cups,category_mapping_v1_1,Drinkware group; include title for price distinctions.,NO,,INCLUDE,
9609732,2023-09-08 19:05:32+00:00,17.0,Southern living Tuscan  baker 9^13,Home,Kitchen Bakeware,Bakeware Sets,Southern Living,3,Good,Seller,17.0,20230901/000000000094.parquet,Kitchen & Dining,Bakeware,category_mapping_v1_1,Reusable bakeware subtype.,NO,,INCLUDE,
84099652,2023-09-09 00:29:26+00:00,21.0,24oz Stainless Steel Tumbler with Straw 2 Pack Nautica,Home,Kitchen Drinkware,Tumblers,Nautica,1,New,Buyer,21.0,20230901/000000000360.parquet,Kitchen & Dining,Bottles & Tumblers,category_mapping_v1_1,Drinkware group; brands/collectibles may strongly affect price.,NO,,INCLUDE,
193020973,2023-09-09 00:41:36+00:00,90.0,Costa Mesa Round Rattan Wrapped Accent Table Tan - Threshold™ designed with Stud,Home,Living Room Furniture,,Threshold,1,New,Buyer,90.0,20230901/000000000094.parquet,Furniture,Table,title_rule,table,NO,,INCLUDE,
236734078,2023-09-09 01:12:44+00:00,7.0,"Disney Gourmet Mickey Spoon Rest, ceramic",Home,Kitchen Gadgets & Tools,Spoon Rests,Disney,2,Like new,Buyer,7.0,20230901/000000000138.parquet,Kitchen & Dining,Kitchen Utensils & Tools,category_mapping_v1_1,Reusable kitchen utensil/tool subtype; spot-check individual listings.,NO,,INCLUDE,
182294564,2023-09-09 14:14:45+00:00,28.0,Department 56 Snowbabies A Star Shone Down Where He Lay Nativity Figurine,Home,Seasonal decor,Christmas,Department 56,3,Good,Buyer,28.0,20230901/000000000360.parquet,Home Decor,Decorative Accessories,title_rule,decorative_accessory,NO,,INCLUDE,
241403367,2023-09-09 15:05:26+00:00,40.0,Hampton Bay Brown Small Wood Lantern with Metal Top,Home,Home decor,Home Decor Lighting,Hampton Bay,1,New,Buyer,40.0,20230901/000000000360.parquet,Home Decor,Lamp & Lighting,category_mapping_v1_1,Source fine-grained subtype reasonably matches target; spot-check mislabeled listings.,NO,,INCLUDE,
237547928,2023-09-09 15:24:36+00:00,71.0,Stanley,Home,Kitchen Drinkware,Tumblers,Stanley,1,New,Buyer,71.0,20230901/000000000360.parquet,Kitchen & Dining,Bottles & Tumblers,category_mapping_v1_1,Drinkware group; brands/collectibles may strongly affect price.,NO,,INCLUDE,
181702670,2023-09-09 16:28:24+00:00,15.0,Tiered shelf for wall hanging,Home,Home decor,Home decor accents,,1,New,Buyer,15.0,20230901/000000000038.parquet,Home Decor,Wall Art & Frames,title_rule,wall_art,NO,,INCLUDE,
10095532,2023-09-09 16:53:14+00:00,8.0,Thor hammer water bottle,Home,Kitchen Drinkware,Water Bottles,,2,Like new,Buyer,8.0,20230901/000000000343.parquet,Kitchen & Dining,Bottles & Tumblers,category_mapping_v1_1,Drinkware group; brands/collectibles may strongly affect price.,NO,,INCLUDE,
81414084,2023-09-09 17:34:59+00:00,228.0,Xander Table Lamp,Home,Home decor,Home Decor Lamps,Uttermost,1,New,Buyer,228.0,20230901/000000000019.parquet,Home Decor,Lamp & Lighting,category_mapping_v1_1,Source fine-grained subtype reasonably matches target; spot-check mislabeled listings.,NO,,INCLUDE,
159036600,2023-09-09 18:14:49+00:00,65.0,Le Creuset Halloween Bat Black Matte Mini Cocotte (NIB),Home,Kitchen Drinkware,Coffee Mugs,Le Creuset,1,New,Buyer,65.0,20230901/000000000038.parquet,Kitchen & Dining,Mugs & Cups,category_mapping_v1_1,Drinkware group; include title for price distinctions.,NO,,INCLUDE,
39472389,2023-09-10 00:14:27+00:00,28.0,Candy Corn Lane Wool Felt Ghost & Pumpkin Garland,Home,Seasonal decor,Halloween,,1,New,Buyer,28.0,20230901/000000000019.parquet,Home Decor,Seasonal Decorations,title_rule,seasonal_object,NO,,INCLUDE,
208273562,2023-09-10 05:03:40+00:00,11.0,Candy Corn Ghost mug,Home,Seasonal decor,Halloween,T.J.Maxx,1,New,Buyer,11.0,20230901/000000000094.parquet,Kitchen & Dining,Mugs & Cups,title_rule,mugs,NO,,INCLUDE,
37629362,2023-09-10 10:29:29+00:00,44.0,Corona extra mini fridge,Home,Home appliances,Refrigerators,Koolatron,1,New,Buyer,44.0,20230901/000000000094.parquet,Appliances,Refrigerator,title_rule,refrigerator,NO,,INCLUDE,
46385413,2023-09-10 17:54:03+00:00,7.0,Sequins lunch box,Home,Kitchen Storage,Food Storage Containers,,1,New,Buyer,7.0,20230901/000000000026.parquet,Kitchen & Dining,Food Storage,category_mapping_v1_1,Storage containers/canisters; confirm reusable physical goods.,NO,,INCLUDE,
134705942,2023-09-10 20:02:48+00:00,18.0,Bodum Bistro Stainless Steel Travel Press,Home,Kitchen Drinkware,Tumblers,Bodum,2,Like new,Buyer,18.0,20230901/000000000026.parquet,Kitchen & Dining,Bottles & Tumblers,category_mapping_v1_1,Drinkware group; brands/collectibles may strongly affect price.,NO,,INCLUDE,
113549534,2023-09-10 20:46:28+00:00,115.0,Disney Club 33 It's a Small World 55th Anniversary Tiki Boat Mug With Flag White,Home,Kitchen Drinkware,Glassware Collections,Disney,1,New,Buyer,115.0,20230901/000000000273.parquet,Kitchen & Dining,Mugs & Cups,title_rule,mugs,NO,,INCLUDE,
226989890,2023-09-11 02:36:30+00:00,20.0,polish pottery,Home,Kitchen Dinnerware,Dinner Plates,Polish Pottery House,3,Good,Buyer,20.0,20230901/000000000273.parquet,Kitchen & Dining,Dinnerware,category_mapping_v1_1,"Direct dinnerware subtype, but spot-check mixed sets.",NO,,INCLUDE,
225807323,2023-09-11 08:58:17+00:00,14.0,2016 Starbucks Ceramic Travel Mug Tumbler Christmas Holiday Bird Holly 12 fl oz,Home,Kitchen Drinkware,Tumblers,Starbucks,2,Like new,Buyer,14.0,20230901/000000000343.parquet,Kitchen & Dining,Bottles & Tumblers,category_mapping_v1_1,Drinkware group; brands/collectibles may strongly affect price.,NO,,INCLUDE,
120533053,2023-09-11 20:55:59+00:00,14.0,Brand New Rooster Spoon Rest,Home,Kitchen Gadgets & Tools,Spoon Rests,,1,New,Buyer,14.0,20230901/000000000094.parquet,Kitchen & Dining,Kitchen Utensils & Tools,category_mapping_v1_1,Reusable kitchen utensil/tool subtype; spot-check individual listings.,NO,,INCLUDE,
151730987,2023-09-11 21:26:59+00:00,9.0,Thermoflask stainless steel water bottle 16 oz thermos with straw lid,Home,Kitchen Drinkware,Water Bottles,,2,Like new,Buyer,9.0,20230901/000000000019.parquet,Kitchen & Dining,Bottles & Tumblers,category_mapping_v1_1,Drinkware group; brands/collectibles may strongly affect price.,NO,,INCLUDE,
103691736,2023-09-11 21:36:31+00:00,125.0,Michael Myers Animated Light Up Eyes Halloween Decor Horror Movie Doll,Home,Seasonal decor,Halloween,Spirit Halloween,1,New,Buyer,125.0,20230901/000000000019.parquet,Home Decor,Seasonal Decorations,title_rule,seasonal_object,NO,,INCLUDE,
240335177,2023-09-11 23:00:26+00:00,6.0,3 beach towels,Home,Bath,Towels,,3,Good,Buyer,6.0,20230901/000000000080.parquet,Bedding & Bath,Bath Towels,category_mapping_v1_1,Home bath linens.,NO,,INCLUDE,
185654039,2023-09-11 23:41:42+00:00,29.0,Corvette evolution wall art C1 C3 C7 embossed metal,Home,Home decor,,,2,Like new,Buyer,29.0,20230901/000000000026.parquet,Home Decor,Wall Art & Frames,title_rule,wall_art,NO,,INCLUDE,
195388718,2023-09-11 23:42:42+00:00,17.0,Pioneer Woman Baking Kitchen Christmas Ornaments (Set of 3),Home,Seasonal decor,Christmas,Pioneer Woman,1,New,Buyer,17.0,20230901/000000000019.parquet,Home Decor,Seasonal Decorations,title_rule,seasonal_object,NO,,INCLUDE,
194108204,2023-09-12 00:16:51+00:00,20.0,Selena Gomez Poster,Home,Artwork,Posters,,1,New,Buyer,20.0,20230901/000000000026.parquet,Home Decor,Wall Art & Frames,category_mapping_v1_1,Wall art/prints; collectibles may be price outliers.,NO,,INCLUDE,
171839219,2023-09-12 02:22:41+00:00,3.0,Outer Banks shot glass-279179,Home,Kitchen Barware,Shot Glasses,,2,Like new,Buyer,3.0,20230901/000000000026.parquet,Kitchen & Dining,Mugs & Cups,category_mapping_v1_1,Drinkware subtype; inspect collectibles/sets.,NO,,INCLUDE,
243479599,2023-09-12 03:58:39+00:00,48.0,Astolfo Anime Dakimakura Body Pillow Cover Case - 2 Way Tricot,Home,Bedding,Pillowcases,,1,New,Seller,48.0,20230901/000000000360.parquet,Bedding & Bath,Sheets & Pillowcases,category_mapping_v1_1,Textiles; confirm exact set composition.,NO,,INCLUDE,
103790034,2023-09-12 14:14:05+00:00,17.0,Tupperware snac stor,Home,Kitchen Storage,Food Storage Containers,Tupperware,1,New,Buyer,17.0,20230901/000000000038.parquet,Kitchen & Dining,Food Storage,category_mapping_v1_1,Storage containers/canisters; confirm reusable physical goods.,NO,,INCLUDE,
97360608,2023-09-12 14:36:12+00:00,18.0,Pampered Chef Infusion Water Bottle,Home,Kitchen Drinkware,Water Bottles,The Pampered Chef,1,New,Buyer,18.0,20230901/000000000273.parquet,Kitchen & Dining,Bottles & Tumblers,category_mapping_v1_1,Drinkware group; brands/collectibles may strongly affect price.,NO,,INCLUDE,
101971518,2023-09-12 14:49:22+00:00,21.0,Tupperware bundle,Home,Kitchen Storage,Food Storage Containers,Tupperware,3,Good,Buyer,21.0,20230901/000000000080.parquet,Kitchen & Dining,Food Storage,category_mapping_v1_1,Storage containers/canisters; confirm reusable physical goods.,NO,,INCLUDE,
244814379,2023-09-12 15:10:29+00:00,269.0,KitchenAid KSM150WPAQ -Artisan 5qt Stand Mixer - Aqua Sky,Home,Home appliances,Kitchen appliances,KitchenAid,1,New,Buyer,269.0,20230901/000000000038.parquet,Appliances,Kitchen Appliance,title_rule,kitchen_appliance,NO,,INCLUDE,
60209980,2023-09-12 18:29:47+00:00,22.0,Whiskey Myers Las Vegas 2022 Poster,Home,Artwork,Posters,,1,New,Buyer,22.0,20230901/000000000138.parquet,Home Decor,Wall Art & Frames,category_mapping_v1_1,Wall art/prints; collectibles may be price outliers.,NO,,INCLUDE,
233005995,2023-09-12 21:58:03+00:00,37.0,Peanuts SNOOPY Christmas QUEEN sheet set,Home,Seasonal decor,Christmas,Berkshire,1,New,Buyer,37.0,20230901/000000000273.parquet,Bedding & Bath,Sheets & Pillowcases,title_rule,sheets,NO,,INCLUDE,
71600231,2023-09-13 00:23:41+00:00,20.0,"Spider Man Soft blanket fleece 60x""50""",Home,Bedding,Throws,,1,New,Seller,20.0,20230901/000000000038.parquet,Bedding & Bath,Blankets & Comforters,category_mapping_v1_1,Bedding textile group.,NO,,INCLUDE,
171895284,2023-09-13 01:05:25+00:00,8.0,KINTO mug Bambi 2 sets,Home,Kitchen Drinkware,Coffee Mugs,,1,New,Buyer,8.0,20230901/000000000360.parquet,Kitchen & Dining,Mugs & Cups,category_mapping_v1_1,Drinkware group; include title for price distinctions.,NO,,INCLUDE,
168660102,2023-09-13 01:14:46+00:00,10.0,Peanuts Snoopy Halloween Trick or Treat 2 pack kitchen towels,Home,Kitchen & Table Linens,Kitchen Towels,Peanuts,1,New,Buyer,10.0,20230901/000000000026.parquet,Kitchen & Dining,Kitchen & Table Linens,category_mapping_v1_1,Kitchen linens; title may be seasonal-themed but item is reusable.,NO,,INCLUDE,
113993317,2023-09-13 04:18:25+00:00,22.0,"Greta Van Fleet Raleigh, NC 2023 Poster",Home,Artwork,Posters,,1,New,Buyer,22.0,20230901/000000000094.parquet,Home Decor,Wall Art & Frames,category_mapping_v1_1,Wall art/prints; collectibles may be price outliers.,NO,,INCLUDE,
210699678,2023-09-13 05:09:43+00:00,20.0,"Tekkonkinkreet Taiyō Matsumoto, Michael Arias, Kuro, Shiro, Anime Poster",Home,Artwork,Posters,Handmade,1,New,Buyer,20.0,20230901/000000000273.parquet,Home Decor,Wall Art & Frames,category_mapping_v1_1,Wall art/prints; collectibles may be price outliers.,NO,,INCLUDE,
34382145,2023-09-13 06:02:14+00:00,29.0,Halloween Dog Pillow ghost pumpkin long decorative pillow,Home,Home decor,Decorative pillows,T.J.Maxx,1,New,Buyer,29.0,20230901/000000000138.parquet,Home Decor,Decorative Pillow,category_mapping_v1_1,Source fine-grained subtype reasonably matches target; spot-check mislabeled listings.,NO,,INCLUDE,
7634100,2023-09-13 06:20:16+00:00,26.0,Starbucks Korea 'Been there' series plastic flip top tumbler,Home,Kitchen Drinkware,Tumblers,Starbucks,3,Good,Buyer,26.0,20230901/000000000138.parquet,Kitchen & Dining,Bottles & Tumblers,category_mapping_v1_1,Drinkware group; brands/collectibles may strongly affect price.,NO,,INCLUDE,
160266649,2023-09-13 06:32:22+00:00,50.0,Starbucks tumbler incheon korea version,Home,Kitchen Drinkware,Tumblers,,1,New,Buyer,50.0,20230901/000000000138.parquet,Kitchen & Dining,Bottles & Tumblers,category_mapping_v1_1,Drinkware group; brands/collectibles may strongly affect price.,NO,,INCLUDE,
68241199,2023-09-13 16:44:55+00:00,2.0,FRED Gingerdead Men - Cookie Cutter - Skeleton Halloween Gingerbread Punk Goth,Home,Seasonal decor,Halloween,,2,Like new,Buyer,2.0,20230901/000000000138.parquet,Kitchen & Dining,Bakeware,title_rule,bakeware,NO,,INCLUDE,
94381775,2023-09-13 16:59:42+00:00,30.0,Cuisinart RBT-875PC 4 Slice Countdown Stainless Steel Toaster Wide Slots,Home,Kitchen Small Appliances,Toasters,Cuisinart,3,Good,Seller,30.0,20230901/000000000080.parquet,Appliances,Kitchen Appliance,category_mapping_v1_1,Recognizable appliance subtype; title QC for parts/accessories and miscategorizations.,NO,,INCLUDE,
89989087,2023-09-13 18:14:11+00:00,24.0,Fire-breathing Dragon Lamp or Night Light 3D-printed fire glowing lamp,Home,Kids' home store,Kids' room décor,,1,New,Seller,24.0,20230901/000000000343.parquet,Home Decor,Lamp & Lighting,title_rule,lamp,NO,,INCLUDE,
203895737,2023-09-13 21:04:49+00:00,65.0,Annemarie Davidson ghost line enamel dish /plate,Home,Home decor,Other,,2,Like new,Buyer,65.0,20230901/000000000080.parquet,Kitchen & Dining,Dinnerware,title_rule,dinnerware,NO,,INCLUDE,
31324206,2023-09-13 21:31:00+00:00,58.0,"Imusa USA Heavy Duty Cajun 13.5"" X 10"" Roasting cooking pan cast aluminum NEW",Home,Kitchen Cookware,Cookware Sets,,1,New,Buyer,58.0,20230901/000000000273.parquet,Kitchen & Dining,Cookware,category_mapping_v1_1,Recognizable cookware.,NO,,INCLUDE,
233318077,2023-09-13 22:06:17+00:00,38.0,halloween stitch cookie jar,Home,Seasonal decor,Halloween,Disney,1,New,Buyer,38.0,20230901/000000000094.parquet,Kitchen & Dining,Food Storage,title_rule,food_storage,NO,,INCLUDE,
44807706,2023-09-14 01:39:25+00:00,38.0,Owala Freesip Stainless Steel 40 oz Water Bottle Whole Foods Exclusive Neon Moon,Home,Kitchen Drinkware,Water Bottles,,1,New,Buyer,38.0,20230901/000000000094.parquet,Kitchen & Dining,Bottles & Tumblers,category_mapping_v1_1,Drinkware group; brands/collectibles may strongly affect price.,NO,,INCLUDE,
154665831,2023-09-14 12:30:37+00:00,5.0,Phi Mu letters picture frame,Home,Home decor,Picture Frames,,3,Good,Buyer,5.0,20230901/000000000094.parquet,Home Decor,Wall Art & Frames,category_mapping_v1_1,Source fine-grained subtype reasonably matches target; spot-check mislabeled listings.,NO,,INCLUDE,
133830043,2023-09-14 13:35:18+00:00,87.0,High Back Ergonomic Mesh Office Chair with Adjustable Padded Headrest-rog339,Home,Home Office Furniture,Office Chairs,,1,New,Seller,87.0,20230901/000000000019.parquet,Furniture,Chair,category_mapping_v1_1,Office chair subtype.,NO,,INCLUDE,
47736364,2023-09-14 14:51:09+00:00,15.0,Betsey Johnson Halloween haunted skulls & roses standard pillowcases,Home,Seasonal decor,Halloween,Betsey Johnson,1,New,Buyer,15.0,20230901/000000000026.parquet,Bedding & Bath,Sheets & Pillowcases,title_rule,sheets,NO,,INCLUDE,
210687200,2023-09-14 20:44:39+00:00,19.0,Pier 1 Imports White Dolomite Ruffled 11” Pedestal Cake Stand/Server,Home,Kitchen Serveware,Dessert & Cake Stands,Pier 1 Imports,2,Like new,Buyer,19.0,20230901/000000000343.parquet,Kitchen & Dining,Servingware,category_mapping_v1_1,Recognizable reusable servingware subtype; individual listings can still be misclassified.,NO,,INCLUDE,
84031661,2023-09-14 22:57:30+00:00,20.0,Skull bleeding candles black/silver,Home,Seasonal decor,Halloween,T.J.Maxx,1,New,Buyer,20.0,20230901/000000000038.parquet,Home Decor,Candles,title_rule,candle,NO,,INCLUDE,
143352146,2023-09-15 13:26:16+00:00,15.0,Halloween Ghost Holding Cat Mug,Home,Seasonal decor,Halloween,T.J.Maxx,1,New,Buyer,15.0,20230901/000000000273.parquet,Kitchen & Dining,Mugs & Cups,title_rule,mugs,NO,,INCLUDE,
52724088,2023-09-15 15:44:13+00:00,20.0,My neighbor Totoro umbrella LED lamp,Home,Home decor,Home Decor Lighting,Ghibli,2,Like new,Buyer,20.0,20230901/000000000078.parquet,Home Decor,Lamp & Lighting,category_mapping_v1_1,Source fine-grained subtype reasonably matches target; spot-check mislabeled listings.,NO,,INCLUDE,
172958419,2023-09-15 22:18:18+00:00,10.0,Halloween Witch Decor Jointed Felt  Wall Hanging  Friendly Spook  Decoration,Home,Seasonal decor,Halloween,,2,Like new,Buyer,10.0,20230901/000000000019.parquet,Home Decor,Wall Art & Frames,title_rule,wall_art,NO,,INCLUDE,
74557433,2023-09-15 22:55:32+00:00,26.0,Owala 32 oz. FreeSip Stainless Steel Water Bottle Color: Candy Store DKS,Home,Kitchen Drinkware,Water Bottles,Baden Sports,1,New,Seller,26.0,20230901/000000000026.parquet,Kitchen & Dining,Bottles & Tumblers,category_mapping_v1_1,Drinkware group; brands/collectibles may strongly affect price.,NO,,INCLUDE,
79712276,2023-09-15 23:50:24+00:00,62.0,FREE SHIPPING!!! stanley 40 oz citron tie dye,Home,Kitchen Drinkware,Tumblers,Stanley,1,New,Seller,62.0,20230901/000000000094.parquet,Kitchen & Dining,Bottles & Tumblers,category_mapping_v1_1,Drinkware group; brands/collectibles may strongly affect price.,NO,,INCLUDE,
17058902,2023-09-16 02:28:59+00:00,29.0,Halloween Rae Dunn Queen Size Plush Blanket Bedroom,Home,Bedding,Blankets,Rae Dunn,1,New,Buyer,29.0,20230901/000000000019.parquet,Bedding & Bath,Blankets & Comforters,category_mapping_v1_1,Bedding textile group.,NO,,INCLUDE,
139445755,2023-09-16 04:06:58+00:00,24.0,Victoria's Secret sherpa star throw,Home,Bedding,Throws,Victoria's Secret,1,New,Buyer,24.0,20230901/000000000360.parquet,Bedding & Bath,Blankets & Comforters,category_mapping_v1_1,Bedding textile group.,NO,,INCLUDE,
163554897,2023-09-16 04:53:16+00:00,126.0,Mcgee style velvet ornament lot of 30 total.,Home,Seasonal decor,Christmas,Hobby Lobby,1,New,Buyer,126.0,20230901/000000000360.parquet,Home Decor,Seasonal Decorations,title_rule,seasonal_object,NO,,INCLUDE,
7015468,2023-09-16 04:59:08+00:00,115.0,Lot of 30 Studio McGee Style DUPE Velvet Flocked Ball Christmas Ornament set,Home,Seasonal decor,Christmas,Hobby Lobby,1,New,Buyer,115.0,20230901/000000000360.parquet,Home Decor,Seasonal Decorations,title_rule,seasonal_object,NO,,INCLUDE,
15079799,2023-09-16 16:12:24+00:00,15.0,Anthropologie ARCTIC MONOGRAM TREE Ornament Snow Globe Bottle Brush Letter “G”,Home,Seasonal decor,Christmas,Anthropologie,1,New,Buyer,15.0,20230901/000000000094.parquet,Home Decor,Seasonal Decorations,title_rule,seasonal_object,NO,,INCLUDE,
168615319,2023-09-16 16:14:07+00:00,15.0,Anthropologie ARCTIC MONOGRAM Ornament Bottle Brush Tree Mushroom Letter “E”,Home,Seasonal decor,Christmas,Anthropologie,1,New,Buyer,15.0,20230901/000000000094.parquet,Home Decor,Seasonal Decorations,title_rule,seasonal_object,NO,,INCLUDE,
183941411,2023-09-16 18:13:42+00:00,45.0,Cuisinart Food Processor DLC-5 TX Kitchen Cooking Meal Prep Pulse,Home,Home appliances,Kitchen appliances,Cuisinart,3,Good,Buyer,45.0,20230901/000000000360.parquet,Appliances,Kitchen Appliance,title_rule,kitchen_appliance,NO,,INCLUDE,
35593509,2023-09-16 18:38:30+00:00,22.0,"Life Comfort Ultimate Throw 50""×60"" Neutral Colors White/Browns Used#83m",Home,Bedding,Throws,,3,Good,Buyer,22.0,20230901/000000000080.parquet,Bedding & Bath,Blankets & Comforters,category_mapping_v1_1,Bedding textile group.,NO,,INCLUDE,
146700874,2023-09-16 19:37:19+00:00,18.0,"Publix Thanksgiving The Pilgrim Pair Serving Platter 18” X 13"" Fall Harvest READ",Home,Kitchen Serveware,Serving Platters,,1,New,Buyer,18.0,20230901/000000000094.parquet,Kitchen & Dining,Servingware,category_mapping_v1_1,Recognizable reusable servingware subtype; individual listings can still be misclassified.,NO,,INCLUDE,
207850883,2023-09-16 19:56:45+00:00,68.0,"Artland Splendor Goblet Glasses, Set of 4",Home,Kitchen Drinkware,Drinking Glasses,Artland,1,New,Buyer,68.0,20230901/000000000343.parquet,Kitchen & Dining,Mugs & Cups,category_mapping_v1_1,Drinkware group; include title for price distinctions.,NO,,INCLUDE,
177908506,2023-09-16 20:24:25+00:00,58.0,Disney Parks 2023 Halloween Mickey Mouse Pumpkin Tumbler Cup Starbucks NEW,Home,Kitchen Drinkware,Tumblers,Starbucks,1,New,Buyer,58.0,20230901/000000000078.parquet,Kitchen & Dining,Bottles & Tumblers,category_mapping_v1_1,Drinkware group; brands/collectibles may strongly affect price.,NO,,INCLUDE,
66784554,2023-09-17 10:09:11+00:00,14.0,NEW Pastel Pink Halloween 18 oz WITCHES BREW cauldron ceramic mug,Home,Seasonal decor,Halloween,Boutique,1,New,Buyer,14.0,20230901/000000000343.parquet,Kitchen & Dining,Mugs & Cups,title_rule,mugs,NO,,INCLUDE,
40007309,2023-09-17 12:02:27+00:00,7.0,Rae Dunn Lazy Bones Mug,Home,Seasonal decor,Halloween,Rae Dunn,1,New,Buyer,7.0,20230901/000000000094.parquet,Kitchen & Dining,Mugs & Cups,title_rule,mugs,NO,,INCLUDE,
50129773,2023-09-17 14:09:56+00:00,46.0,minnie mouse pumpkin cookie jar,Home,Seasonal decor,Halloween,Disney,1,New,Buyer,46.0,20230901/000000000360.parquet,Kitchen & Dining,Food Storage,title_rule,food_storage,NO,,INCLUDE,
67387665,2023-09-17 17:04:24+00:00,24.0,Roaster Comet xl 3 pc vented top lock handles 18 in aluminum roaster,Home,Kitchen Cookware,,Unique Vintage,3,Good,Buyer,24.0,20230901/000000000038.parquet,Kitchen & Dining,Cookware,title_rule,cookware,NO,,INCLUDE,
39320197,2023-09-17 19:22:28+00:00,35.0,Corgi Ghost Pumpkin Halloween Blanket,Home,Bedding,Blankets,T.J.Maxx,1,New,Buyer,35.0,20230901/000000000026.parquet,Bedding & Bath,Blankets & Comforters,category_mapping_v1_1,Bedding textile group.,NO,,INCLUDE,
66982267,2023-09-17 22:35:31+00:00,57.0,Starbucks Halloween Green Drip Glow In The Dark Slime Tumbler NWT,Home,Kitchen Drinkware,Tumblers,Starbucks,1,New,Buyer,57.0,20230901/000000000019.parquet,Kitchen & Dining,Bottles & Tumblers,category_mapping_v1_1,Drinkware group; brands/collectibles may strongly affect price.,NO,,INCLUDE,
25166595,2023-09-18 02:32:45+00:00,38.0,Mickey Mouse Ghost cookie jar,Home,Seasonal decor,Halloween,Disney,1,New,Buyer,38.0,20230901/000000000094.parquet,Kitchen & Dining,Food Storage,title_rule,food_storage,NO,,INCLUDE,
240659673,2023-09-18 04:32:35+00:00,8.0,Sunkey Glass Water Bottle 32 oz high borosilicate - reusable,Home,Kitchen Drinkware,Water Bottles,,3,Good,Buyer,8.0,20230901/000000000343.parquet,Kitchen & Dining,Bottles & Tumblers,category_mapping_v1_1,Drinkware group; brands/collectibles may strongly affect price.,NO,,INCLUDE,
191182132,2023-09-18 12:32:26+00:00,7.0,Shower Head Extension,Home,Bath,Bathroom accessories,,2,Like new,Buyer,7.0,20230901/000000000019.parquet,Bedding & Bath,Bathroom Accessories,title_rule,bath_accessories,NO,,INCLUDE,
2064061,2023-09-18 13:05:30+00:00,6.0,2 autumn candle rings,Home,Home decor,Home decor accents,Handmade,2,Like new,Buyer,6.0,20230901/000000000094.parquet,Home Decor,Candles,title_rule,candle,NO,,INCLUDE,
35330134,2023-09-18 16:41:14+00:00,59.0,stanley tumbler 30oz cream stripe,Home,Kitchen Drinkware,Tumblers,Stanley,1,New,Buyer,59.0,20230901/000000000080.parquet,Kitchen & Dining,Bottles & Tumblers,category_mapping_v1_1,Drinkware group; brands/collectibles may strongly affect price.,NO,,INCLUDE,
143368900,2023-09-18 18:39:16+00:00,29.0,Pioneer Woman Fresh Floral Stainless Steel Tumbler,Home,Kitchen Drinkware,Tumblers,Pioneer Woman,1,New,Buyer,29.0,20230901/000000000026.parquet,Kitchen & Dining,Bottles & Tumblers,category_mapping_v1_1,Drinkware group; brands/collectibles may strongly affect price.,NO,,INCLUDE,
109226352,2023-09-19 02:44:13+00:00,38.0,The Farmhouse By Rachel Ashwell Pumpkin Queen Sheet Set for Halloween Or Fall,Home,Bedding,Bed Sheets,,1,New,Buyer,38.0,20230901/000000000038.parquet,Bedding & Bath,Sheets & Pillowcases,category_mapping_v1_1,Textiles; confirm exact set composition.,NO,,INCLUDE,
71177542,2023-09-19 09:52:14+00:00,35.0,2 Bath & Body Works ENDLESS WEEKEND Large 3-Wick Candle 14.5 oz.,Home,Home decor,Home Candles,Bath & Body Works,1,New,Buyer,35.0,20230901/000000000019.parquet,Home Decor,Candles,title_rule,candle,NO,,INCLUDE,
157199024,2023-09-19 14:54:21+00:00,9.0,Tuxton Shari's Ceramic Coffee Mug!,Home,Kitchen Drinkware,Coffee Mugs,,3,Good,Buyer,9.0,20230901/000000000094.parquet,Kitchen & Dining,Mugs & Cups,category_mapping_v1_1,Drinkware group; include title for price distinctions.,NO,,INCLUDE,
234932310,2023-09-19 15:26:07+00:00,23.0,CANDLE BETTER HOMES & GARDENS CANDY CANE & CREAM 2 WICK 18oz PREMIUM WAX CANDLE,Home,Home decor,Home Candles,Better Homes & Gardens,1,New,Seller,23.0,20230901/000000000360.parquet,Home Decor,Candles,title_rule,candle,NO,,INCLUDE,
226547052,2023-09-19 20:55:31+00:00,16.0,NIB Barbuzzo Buckshot Shell Shot Glasses 2 ounce Set of 4,Home,Kitchen Barware,Shot Glasses,Barbuzzo,1,New,Seller,16.0,20230901/000000000343.parquet,Kitchen & Dining,Mugs & Cups,category_mapping_v1_1,Drinkware subtype; inspect collectibles/sets.,NO,,INCLUDE,
71511907,2023-09-19 22:03:50+00:00,33.25,Biltmore Festival Bedding Collection,Home,Bedding,Comforter Sets,,3,Good,Buyer,33.25,20230901/000000000138.parquet,Bedding & Bath,Blankets & Comforters,category_mapping_v1_1,Bedding textile group.,NO,,INCLUDE,
84831469,2023-09-20 12:02:06+00:00,16.0,Large glitter tumbler,Home,Kitchen Drinkware,Tumblers,,2,Like new,Buyer,16.0,20230901/000000000026.parquet,Kitchen & Dining,Bottles & Tumblers,category_mapping_v1_1,Drinkware group; brands/collectibles may strongly affect price.,NO,,INCLUDE,
166187803,2023-09-20 14:59:17+00:00,66.5,Starbucks slime cup 2023,Home,Kitchen Drinkware,Tumblers,Starbucks,1,New,Buyer,66.5,20230901/000000000038.parquet,Kitchen & Dining,Bottles & Tumblers,category_mapping_v1_1,Drinkware group; brands/collectibles may strongly affect price.,NO,,INCLUDE,
41676822,2023-09-20 16:18:01+00:00,9.0,Egg timer,Home,Kitchen Gadgets & Tools,Kitchen Timers,OXO,1,New,Seller,9.0,20230901/000000000078.parquet,Kitchen & Dining,Kitchen Utensils & Tools,category_mapping_v1_1,Reusable kitchen utensil/tool subtype; spot-check individual listings.,NO,,INCLUDE,
209506817,2023-09-20 18:41:59+00:00,30.0,1980s ship clock retro,Home,Home decor,Home decor accents,,2,Like new,Buyer,30.0,20230901/000000000273.parquet,Home Decor,Clock,reviewer_qc,Reviewed sample decision,YES,,INCLUDE,
8221975,2023-09-20 18:44:55+00:00,20.0,On Hold Ferdinand Lamp by Laurel Foundry Modern,Home,Home decor,Home Decor Lamps,,1,New,Buyer,20.0,20230901/000000000080.parquet,Home Decor,Lamp & Lighting,category_mapping_v1_1,Source fine-grained subtype reasonably matches target; spot-check mislabeled listings.,NO,,INCLUDE,
54152216,2023-09-20 21:24:55+00:00,6.0,FOR Angel69 Wood Craft Wood Wick 15oz Jar Candle Paradise Spa,Home,Home decor,Home Candles,,1,New,Seller,6.0,20230901/000000000138.parquet,Home Decor,Candles,title_rule,candle,NO,,INCLUDE,
216933856,2023-09-21 15:06:30+00:00,10.0,Wilton train cake pan 1975,Home,Kitchen Bakeware,Cake Pans,Wilton,3,Good,Buyer,10.0,20230901/000000000026.parquet,Kitchen & Dining,Bakeware,category_mapping_v1_1,Reusable bakeware subtype.,NO,,INCLUDE,
84757078,2023-09-21 15:26:33+00:00,65.0,Bath and Body Works Banana cream pie 3 wick candle,Home,Home decor,Home Candles,Bath & Body Works,1,New,Buyer,65.0,20230901/000000000273.parquet,Home Decor,Candles,title_rule,candle,NO,,INCLUDE,
239971092,2023-09-21 15:36:50+00:00,18.0,"Metalcore Dropouts Tour 2023 Poster, Music Poster, Wall Poster, Metalcore Dropou",Home,Artwork,Posters,Autograph,1,New,Buyer,18.0,20230901/000000000343.parquet,Home Decor,Wall Art & Frames,category_mapping_v1_1,Wall art/prints; collectibles may be price outliers.,NO,,INCLUDE,
213379509,2023-09-21 16:34:10+00:00,10.0,Sanrio Halloween Garland Banner,Home,Seasonal decor,Halloween,Sanrio,3,Good,Buyer,10.0,20230901/000000000026.parquet,Home Decor,Seasonal Decorations,title_rule,seasonal_object,NO,,INCLUDE,
170609049,2023-09-21 16:46:51+00:00,6.0,"Bad Bunny Flannel 50""X60"" Large Blanket",Home,Bedding,Blankets,,1,New,Seller,6.0,20230901/000000000094.parquet,Bedding & Bath,Blankets & Comforters,category_mapping_v1_1,Bedding textile group.,NO,,INCLUDE,
2668082,2023-09-21 18:54:51+00:00,60.0,Stanley 40oz Primrose GLOW NEW COLOR,Home,Kitchen Drinkware,Tumblers,Stanley,1,New,Buyer,60.0,20230901/000000000094.parquet,Kitchen & Dining,Bottles & Tumblers,category_mapping_v1_1,Drinkware group; brands/collectibles may strongly affect price.,NO,,INCLUDE,
83963723,2023-09-21 19:26:06+00:00,8.0,Tupperware 11oz tumbler dripless lids,Home,Kitchen Serveware,Beverage Dispensers,Tupperware,3,Good,Buyer,8.0,20230901/000000000343.parquet,Kitchen & Dining,Servingware,category_mapping_v1_1,Recognizable reusable servingware subtype; individual listings can still be misclassified.,NO,,INCLUDE,
77168217,2023-09-21 19:50:59+00:00,75.0,Stanley 40oz Hot Pink Camelia Quencher Tumbler,Home,Kitchen Drinkware,Tumblers,Stanley,1,New,Buyer,75.0,20230901/000000000080.parquet,Kitchen & Dining,Bottles & Tumblers,category_mapping_v1_1,Drinkware group; brands/collectibles may strongly affect price.,NO,,INCLUDE,
2406326,2023-09-21 20:06:20+00:00,30.0,Halloween Gold Spider Dish / Bowl / Tray,Home,Seasonal decor,Halloween,,1,New,Buyer,30.0,20230901/000000000343.parquet,Kitchen & Dining,Dinnerware,title_rule,dinnerware,NO,,INCLUDE,
8032769,2023-09-21 21:11:23+00:00,99.0,Stanley 30 oz Bundle | Pine Gradient x Camelia Gradient,Home,Kitchen Drinkware,Tumblers,Stanley,1,New,Buyer,99.0,20230901/000000000080.parquet,Kitchen & Dining,Bottles & Tumblers,category_mapping_v1_1,Drinkware group; brands/collectibles may strongly affect price.,NO,,INCLUDE,
165741789,2023-09-21 22:17:15+00:00,3.0,Cheese grater,Home,Kitchen Cookware,,,1,New,Buyer,3.0,20230901/000000000038.parquet,Kitchen & Dining,Kitchen Utensils & Tools,title_rule,kitchen_tools,NO,,INCLUDE,
207667491,2023-09-22 00:47:37+00:00,20.0,Rowenta X-Cel Steam handheld steamer,Home,Home appliances,Irons,Rowenta,3,Good,Buyer,20.0,20230901/000000000019.parquet,Appliances,Iron & Steamer,category_mapping_v1_1,Recognizable appliance subtype.,NO,,INCLUDE,
59657515,2023-09-22 04:12:42+00:00,15.0,Lenox Walt Disney 2018 Merry and Bright Mickey Mouse Ornament,Home,Seasonal decor,Christmas,Disney,2,Like new,Buyer,15.0,20230901/000000000026.parquet,Home Decor,Seasonal Decorations,title_rule,seasonal_object,NO,,INCLUDE,
17279832,2023-09-22 06:05:36+00:00,8.0,Disney Whisker Haven Palace Pets kids plate by Zak Designs,Home,Kitchen & dining,,Zak Designs,1,New,Buyer,8.0,20230901/000000000078.parquet,Kitchen & Dining,Dinnerware,title_rule,dinnerware,NO,,INCLUDE,
139464872,2023-09-22 11:48:16+00:00,25.0,Tupperware Hamburger set,Home,Kitchen Storage,Food Storage Containers,Tupperware,4,Fair,Buyer,25.0,20230901/000000000094.parquet,Kitchen & Dining,Food Storage,category_mapping_v1_1,Storage containers/canisters; confirm reusable physical goods.,NO,,INCLUDE,
150921467,2023-09-22 12:43:21+00:00,26.0,Fiesta 24-Ounce Gusto Bowl manufactured by The Homer Laughlin China Company.,Home,Kitchen Dinnerware,,Fiesta,2,Like new,Buyer,26.0,20230901/000000000273.parquet,Kitchen & Dining,Dinnerware,title_rule,dinnerware,NO,,INCLUDE,
241313736,2023-09-22 21:58:46+00:00,15.0,Pier 1 Flower Nesting Measuring Cups,Home,Kitchen Utensils,Measuring Cups,Pier One,3,Good,Buyer,15.0,20230901/000000000026.parquet,Kitchen & Dining,Kitchen Utensils & Tools,category_mapping_v1_1,Reusable kitchen utensil/tool subtype; spot-check individual listings.,NO,,INCLUDE,
131211582,2023-09-22 22:47:27+00:00,20.0,Scentsy Huckleberry Wreath Wax Bar - Lot of 4 bars,Home,Home decor,Home fragrance,Scentsy,1,New,Buyer,20.0,20230901/000000000038.parquet,Home Decor,Home Fragrance,title_rule,home_fragrance,NO,,INCLUDE,
227561398,2023-09-23 01:36:13+00:00,21.85,Bath and Body Works Vampire Blood Concentrated Room Spray Bundle,Home,Home decor,Home Candles,Bath & Body Works,1,New,Buyer,21.85,20230901/000000000026.parquet,Home Decor,Home Fragrance,title_rule,home_fragrance,NO,,INCLUDE,
173184500,2023-09-23 03:34:28+00:00,14.0,Pokemon eeveelutions blanket,Home,Bedding,Blankets,Pokemon,1,New,Buyer,14.0,20230901/000000000094.parquet,Bedding & Bath,Blankets & Comforters,category_mapping_v1_1,Bedding textile group.,NO,,INCLUDE,
55288754,2023-09-23 03:49:01+00:00,51.0,SERPENT Placemats-Vinyl Placemats Set of 6 Serpents,Home,Kitchen & Table Linens,Kitchen Table Placemats,,1,New,Buyer,51.0,20230901/000000000343.parquet,Kitchen & Dining,Kitchen & Table Linens,category_mapping_v1_1,Kitchen linens; title may be seasonal-themed but item is reusable.,NO,,INCLUDE,
50898693,2023-09-23 19:44:44+00:00,46.0,Berry Heart Baker,Home,Kitchen Bakeware,Bakeware Sets,Princess House,1,New,Seller,46.0,20230901/000000000080.parquet,Kitchen & Dining,Bakeware,category_mapping_v1_1,Reusable bakeware subtype.,NO,,INCLUDE,
230861137,2023-09-23 22:59:05+00:00,36.0,Bella Retro Coffee Maker,Home,Home appliances,Kitchen appliances,Bella,2,Like new,Buyer,36.0,20230901/000000000019.parquet,Appliances,Coffee & Espresso Machine,title_rule,coffee_machine,NO,,INCLUDE,
201345697,2023-09-23 23:23:40+00:00,11.0,6x6 flameless candle,Home,Home decor,Home Candles,,2,Like new,Buyer,11.0,20230901/000000000094.parquet,Home Decor,Candles,reviewer_qc,Reviewed sample decision,YES,,INCLUDE,
161751435,2023-09-24 01:31:11+00:00,10.45,Halloween mug,Home,Seasonal decor,Halloween,T.J.Maxx,2,Like new,Buyer,10.45,20230901/000000000019.parquet,Kitchen & Dining,Mugs & Cups,title_rule,mugs,NO,,INCLUDE,
168787761,2023-09-24 03:24:33+00:00,50.0,King sheet set day of the dead sugar skull dia de los muertos black/white,Home,Bedding,Bed Sheets,,1,New,Buyer,50.0,20230901/000000000019.parquet,Bedding & Bath,Sheets & Pillowcases,category_mapping_v1_1,Textiles; confirm exact set composition.,NO,,INCLUDE,
62215862,2023-09-24 14:07:00+00:00,70.0,Starbucks slime cup 2023,Home,Kitchen Drinkware,Tumblers,Starbucks,1,New,Buyer,70.0,20230901/000000000019.parquet,Kitchen & Dining,Bottles & Tumblers,category_mapping_v1_1,Drinkware group; brands/collectibles may strongly affect price.,NO,,INCLUDE,
77150503,2023-09-24 16:06:23+00:00,11.4,STITCH MEAL PREP CONTAINERS BRAND NEW,Home,Kitchen Storage,Food Storage Containers,,1,New,Buyer,11.4,20230901/000000000026.parquet,Kitchen & Dining,Food Storage,category_mapping_v1_1,Storage containers/canisters; confirm reusable physical goods.,NO,,INCLUDE,
40309422,2023-09-24 16:50:34+00:00,9.0,Plastic serving tray moon and clouds,Home,Home decor,Home decor accents,Target,2,Like new,Buyer,9.0,20230901/000000000038.parquet,Kitchen & Dining,Servingware,title_rule,serveware,NO,,INCLUDE,
171608111,2023-09-24 16:53:48+00:00,90.0,NWT Halloween Hello Kitty Blanket,Home,Seasonal decor,Halloween,Hello Kitty,1,New,Buyer,90.0,20230901/000000000019.parquet,Bedding & Bath,Blankets & Comforters,reviewer_qc,Reviewed sample decision,YES,,INCLUDE,
217831531,2023-09-24 22:02:57+00:00,49.4,Bath and Body Works Midnight Graveyard Candle Bundle,Home,Home decor,Home Candles,Bath & Body Works,1,New,Buyer,49.4,20230901/000000000026.parquet,Home Decor,Candles,title_rule,candle,NO,,INCLUDE,
173858028,2023-09-24 22:08:08+00:00,69.0,The Nightmare Before Christmas Jack and Sally Statues,Home,Seasonal decor,Halloween,Disney,1,New,Buyer,69.0,20230901/000000000019.parquet,Home Decor,Decorative Accessories,title_rule,decorative_accessory,NO,,INCLUDE,
76053698,2023-09-24 22:13:05+00:00,31.0,Disney 50th anniversary blanket,Home,Bedding,Blankets,Disney,1,New,Buyer,31.0,20230901/000000000273.parquet,Bedding & Bath,Blankets & Comforters,category_mapping_v1_1,Bedding textile group.,NO,,INCLUDE,
7239485,2023-09-24 22:42:00+00:00,22.0,New Temptations salt and pepper shakers,Home,Seasonal decor,Christmas,TEMPTATIONS,2,Like new,Buyer,22.0,20230901/000000000038.parquet,Kitchen & Dining,Servingware,title_rule,serveware,NO,,INCLUDE,
183931859,2023-09-24 22:56:26+00:00,20.0,Jack Home Halloween Dogs in costumes Blanket,Home,Seasonal decor,Halloween,T.J.Maxx,1,New,Buyer,20.0,20230901/000000000080.parquet,Bedding & Bath,Blankets & Comforters,title_rule,blankets,NO,,INCLUDE,
234032806,2023-09-24 23:45:18+00:00,15.0,Pair of Irwindale trivets,Home,Kitchen Serveware,Trivets,,3,Good,Seller,15.0,20230901/000000000360.parquet,Kitchen & Dining,Servingware,category_mapping_v1_1,Recognizable reusable servingware subtype; individual listings can still be misclassified.,NO,,INCLUDE,
96158072,2023-09-25 01:28:17+00:00,15.0,New Issac Mizrahi Pumpkin Napkin Rings,Home,Kitchen & Table Linens,Kitchen Napkin Rings,Isaac Mizrahi,1,New,Buyer,15.0,20230901/000000000019.parquet,Kitchen & Dining,Kitchen Utensils & Tools,category_mapping_v1_1,Reusable kitchen tools and accessories.,NO,,INCLUDE,
72102506,2023-09-25 11:21:31+00:00,22.0,Mr. Bingle Photo Ornament is marketed and sold by Dillard’s Dept. Store- NWT,Home,Seasonal decor,Christmas,Dillard's,1,New,Buyer,22.0,20230901/000000000360.parquet,Home Decor,Seasonal Decorations,title_rule,seasonal_object,NO,,INCLUDE,
186578659,2023-09-25 17:16:55+00:00,92.15,scooby doo blow mold,Home,Seasonal decor,Christmas,Scooby Doo,1,New,Buyer,92.15,20230901/000000000343.parquet,Home Decor,Seasonal Decorations,title_rule,seasonal_object,NO,,INCLUDE,
159070592,2023-09-25 18:58:19+00:00,12.0,"Motion Sensing, stick on light Amber LED",Home,Home decor,Home Decor Lighting,,1,New,Buyer,12.0,20230901/000000000343.parquet,Home Decor,Lamp & Lighting,category_mapping_v1_1,Source fine-grained subtype reasonably matches target; spot-check mislabeled listings.,NO,,INCLUDE,
102273265,2023-09-25 19:08:11+00:00,4.0,"Halloween decor, LED Witch",Home,Seasonal decor,Halloween,,1,New,Buyer,4.0,20230901/000000000026.parquet,Home Decor,Seasonal Decorations,title_rule,seasonal_object,NO,,INCLUDE,
144096116,2023-09-25 20:26:31+00:00,17.0,Yankee Candle Large Single Wick Jar Tutti Fruity Scented Candle Fragrance NEW,Home,Home decor,Home Candles,Yankee Candle,1,New,Buyer,17.0,20230901/000000000343.parquet,Home Decor,Candles,title_rule,candle,NO,,INCLUDE,
17532218,2023-09-25 21:01:48+00:00,145.0,20” Carved Solid Wood Swan End Table Dana 2,Home,Home decor,Home decor accents,,2,Like new,Buyer,145.0,20230901/000000000019.parquet,Furniture,Table,reviewer_qc,Reviewed sample decision,YES,,INCLUDE,
238453742,2023-09-25 21:28:26+00:00,12.0,Pioneer Woman Water Bottle,Home,Kitchen Drinkware,Water Bottles,Pioneer Woman,2,Like new,Buyer,12.0,20230901/000000000094.parquet,Kitchen & Dining,Bottles & Tumblers,category_mapping_v1_1,Drinkware group; brands/collectibles may strongly affect price.,NO,,INCLUDE,
233719458,2023-09-25 22:16:52+00:00,50.0,6 pack pathway lights plus 2 flood lights($179 on Amzn),Home,Home decor,Home Decor Lighting,,1,New,Buyer,50.0,20230901/000000000094.parquet,Home Decor,Lamp & Lighting,category_mapping_v1_1,Source fine-grained subtype reasonably matches target; spot-check mislabeled listings.,NO,,INCLUDE,
106088418,2023-09-25 22:37:51+00:00,14.0,Rae Dunn home sweet home vases,Home,Home decor,Home decor accents,Rae Dunn,1,New,Buyer,14.0,20230901/000000000138.parquet,Home Decor,Decorative Accessories,title_rule,decorative_accessory,NO,,INCLUDE,
74116441,2023-09-26 06:15:58+00:00,17.0,Heirloom Merry Mischief Makers Ornament NEW,Home,Seasonal decor,Christmas,Heirloom,1,New,Buyer,17.0,20230901/000000000019.parquet,Home Decor,Seasonal Decorations,title_rule,seasonal_object,NO,,INCLUDE,
87496693,2023-09-26 19:21:19+00:00,38.0,SUPREME CHOPSTICKS RED ACCESSORY W/ BOX LOGO,Home,Kitchen Utensils,Other Kitchen Utensils,Supreme,1,New,Buyer,38.0,20230901/000000000094.parquet,Kitchen & Dining,Kitchen Utensils & Tools,title_rule,kitchen_tools,NO,,INCLUDE,
188069967,2023-09-27 00:13:33+00:00,15.34,Two insulated tumbler cups,Home,Kitchen Drinkware,Tumblers,Aladdin,1,New,Buyer,15.34,20230901/000000000026.parquet,Kitchen & Dining,Bottles & Tumblers,category_mapping_v1_1,Drinkware group; brands/collectibles may strongly affect price.,NO,,INCLUDE,
156347971,2023-09-27 03:03:27+00:00,40.0,Starbucks pink pumpkin mug,Home,Kitchen Drinkware,Tumblers,Starbucks,1,New,Buyer,40.0,20230901/000000000343.parquet,Kitchen & Dining,Bottles & Tumblers,category_mapping_v1_1,Drinkware group; brands/collectibles may strongly affect price.,NO,,INCLUDE,
66701187,2023-09-27 03:32:11+00:00,11.0,Mason Craft Bowl,Home,Kitchen Serveware,Serving Bowls,Mason's,3,Good,Buyer,11.0,20230901/000000000026.parquet,Kitchen & Dining,Servingware,category_mapping_v1_1,Recognizable reusable servingware subtype; individual listings can still be misclassified.,NO,,INCLUDE,
116601700,2023-09-27 13:05:56+00:00,45.0,Cuisinart 4-Slice Belgian Waffle Maker,Home,Home appliances,Kitchen appliances,Cuisinart,1,New,Buyer,45.0,20230901/000000000080.parquet,Appliances,Kitchen Appliance,title_rule,kitchen_appliance,NO,,INCLUDE,
54949404,2023-09-27 14:32:07+00:00,10.0,Nightmare Before Christmas Oversized Plush Throw Blanket,Home,Bedding,Throws,Disney,1,New,Buyer,10.0,20230901/000000000094.parquet,Bedding & Bath,Blankets & Comforters,category_mapping_v1_1,Bedding textile group.,NO,,INCLUDE,
32281530,2023-09-27 18:57:07+00:00,72.0,A PAIR OF QUENCHER H2.0 FLOWSTATE TUMBLER 20 OZ,Home,Kitchen Drinkware,Tumblers,Stanley,1,New,Buyer,72.0,20230901/000000000094.parquet,Kitchen & Dining,Bottles & Tumblers,category_mapping_v1_1,Drinkware group; brands/collectibles may strongly affect price.,NO,,INCLUDE,
31101711,2023-09-27 21:46:54+00:00,15.0,License Plate,Home,Home decor,Other,,2,Like new,Buyer,15.0,20230901/000000000273.parquet,Kitchen & Dining,Dinnerware,title_rule,dinnerware,NO,,INCLUDE,
45497885,2023-09-27 22:50:49+00:00,4.75,Van Hygan & Smythe Semper Fi Honor Photo Frame,Home,Home decor,Picture Frames,,2,Like new,Buyer,4.75,20230901/000000000019.parquet,Home Decor,Wall Art & Frames,category_mapping_v1_1,Source fine-grained subtype reasonably matches target; spot-check mislabeled listings.,NO,,INCLUDE,
134109593,2023-09-28 00:53:01+00:00,54.0,Hello Kitty Christmas Blanket,Home,Bedding,Throws,Hello Kitty,1,New,Buyer,54.0,20230901/000000000273.parquet,Bedding & Bath,Blankets & Comforters,category_mapping_v1_1,Bedding textile group.,NO,,INCLUDE,
16584420,2023-09-28 14:12:22+00:00,19.0,Epicurean pizza peel with silicone handle,Home,Kitchen Utensils,Kitchen Peelers,Epicurean,3,Good,Buyer,19.0,20230901/000000000343.parquet,Kitchen & Dining,Kitchen Utensils & Tools,category_mapping_v1_1,Reusable kitchen utensil/tool subtype; spot-check individual listings.,NO,,INCLUDE,
96837668,2023-09-28 18:52:29+00:00,38.0,"Nespresso Essenza Mini Espresso Machine by Breville,0.6 Liters, Piano Black",Home,Kitchen Coffee & Espresso Makers,Espresso & Cappuccino Machines,Nespresso,2,Like new,Buyer,38.0,20230901/000000000094.parquet,Appliances,Coffee & Espresso Machine,category_mapping_v1_1,Coffee machine/grinder; inspect non-electric items and parts.,NO,,INCLUDE,
168697097,2023-09-28 19:57:27+00:00,5.0,X2 Way To Celebrate ghost Peva tablecloth,Home,Seasonal decor,Halloween,,1,New,Buyer,5.0,20230901/000000000094.parquet,Kitchen & Dining,Kitchen & Table Linens,title_rule,table_linens,NO,,INCLUDE,
226066580,2023-09-28 21:43:25+00:00,15.0,Brumate 22oz NAV Rose Gold New,Home,Kitchen Drinkware,Tumblers,Brumate,1,New,Buyer,15.0,20230901/000000000138.parquet,Kitchen & Dining,Bottles & Tumblers,category_mapping_v1_1,Drinkware group; brands/collectibles may strongly affect price.,NO,,INCLUDE,
91200387,2023-09-29 03:19:19+00:00,72.0,Shark Navigator Deluxe for Carpet and Bare Floor Powerful,Home,Home appliances,Vacuums,Shark,1,New,Buyer,72.0,20230901/000000000019.parquet,Appliances,Vacuum,category_mapping_v1_1,Some listings are accessories/parts; flag during title QC.,NO,,INCLUDE,
131773265,2023-09-29 11:22:19+00:00,6.0,Jewelry organizer for hanging,Home,Storage & organization,Jewelry boxes & organizers,,3,Good,Buyer,6.0,20230901/000000000343.parquet,Storage & Organization,Jewelry Storage,title_rule,jewelry_storage,NO,,INCLUDE,
39428853,2023-09-29 13:56:18+00:00,20.0,"The Struts 9. 30 Club Washington DC July 16, 2023 Poster",Home,Artwork,Posters,,1,New,Buyer,20.0,20230901/000000000360.parquet,Home Decor,Wall Art & Frames,category_mapping_v1_1,Wall art/prints; collectibles may be price outliers.,NO,,INCLUDE,
39687175,2023-09-29 16:06:28+00:00,19.0,johanna parker mr & mrs claus mug set,Home,Seasonal decor,Christmas,johanna parker,1,New,Buyer,19.0,20230901/000000000138.parquet,Kitchen & Dining,Mugs & Cups,title_rule,mugs,NO,,INCLUDE,
10245300,2023-09-29 22:36:56+00:00,53.0,Stanley 30oz Rose Quartz Swirl Quencher Tumbler NEW,Home,Kitchen Drinkware,Tumblers,Stanley,1,New,Buyer,53.0,20230901/000000000080.parquet,Kitchen & Dining,Bottles & Tumblers,category_mapping_v1_1,Drinkware group; brands/collectibles may strongly affect price.,NO,,INCLUDE,
113529866,2023-10-01 00:56:15+00:00,31.0,Owala 40 oz. FreeSip Stainless Steel Water Bottle Color: Heatwave k3473,Home,Kitchen Drinkware,Water Bottles,,1,New,Seller,31.0,20231001/000000000087.parquet,Kitchen & Dining,Bottles & Tumblers,category_mapping_v1_1,Drinkware group; brands/collectibles may strongly affect price.,NO,,INCLUDE,
144212594,2023-10-01 01:00:47+00:00,31.0,Owala 40 oz. FreeSip Stainless Steel Water Bottle Color: Surfs Edge 8438Kh,Home,Kitchen Drinkware,Water Bottles,,1,New,Seller,31.0,20231001/000000000087.parquet,Kitchen & Dining,Bottles & Tumblers,category_mapping_v1_1,Drinkware group; brands/collectibles may strongly affect price.,NO,,INCLUDE,
44768212,2023-10-01 01:01:15+00:00,26.0,Owala 32 oz. FreeSip Stainless Steel Water Bottle Color: Karate Queen 483h,Home,Kitchen Drinkware,Water Bottles,,1,New,Seller,26.0,20231001/000000000087.parquet,Kitchen & Dining,Bottles & Tumblers,category_mapping_v1_1,Drinkware group; brands/collectibles may strongly affect price.,NO,,INCLUDE,
49664632,2023-10-01 01:01:45+00:00,22.0,Owala 24 oz. FreeSip Stainless Steel Water Bottle Color: Karate Queen 3473K,Home,Kitchen Drinkware,Water Bottles,,1,New,Seller,22.0,20231001/000000000087.parquet,Kitchen & Dining,Bottles & Tumblers,category_mapping_v1_1,Drinkware group; brands/collectibles may strongly affect price.,NO,,INCLUDE,
91722422,2023-10-01 02:24:03+00:00,52.0,Stanley Pink Camelia gradient - 30oz tumbler new release,Home,Kitchen Drinkware,Tumblers,Stanley,1,New,Buyer,52.0,20231001/000000000014.parquet,Kitchen & Dining,Bottles & Tumblers,category_mapping_v1_1,Drinkware group; brands/collectibles may strongly affect price.,NO,,INCLUDE,
64881002,2023-10-01 04:24:49+00:00,26.0,Bath and Body Works Butterfly Candle,Home,Home decor,Home Candles,Bath & Body Works,1,New,Buyer,26.0,20231001/000000000322.parquet,Home Decor,Candles,title_rule,candle,NO,,INCLUDE,
93562455,2023-10-01 14:28:54+00:00,25.0,Rae Dunn Sunny Egg and Toast plates,Home,Home decor,Home decor accents,Rae Dunn,1,New,Buyer,25.0,20231001/000000000084.parquet,Kitchen & Dining,Dinnerware,title_rule,dinnerware,NO,,INCLUDE,
220261391,2023-10-01 17:42:59+00:00,12.0,"Cobwebs & Cauldrons Iridescent White Skull Shaped Ceramic Mug with butterfly,new",Home,Seasonal decor,Halloween,,1,New,Buyer,12.0,20231001/000000000084.parquet,Kitchen & Dining,Mugs & Cups,title_rule,mugs,NO,,INCLUDE,
138461498,2023-10-01 20:49:38+00:00,17.1,Scentsational Honey Blossom 3 wick Candle,Home,Home decor,Home Candles,SCENTSATIONAL,2,Like new,Buyer,17.1,20231001/000000000174.parquet,Home Decor,Candles,title_rule,candle,NO,,INCLUDE,
150812487,2023-10-01 22:50:01+00:00,75.0,Stanley Tumbler 40oz Hot Pink Camelia Gradient,Home,Kitchen Drinkware,Tumblers,Stanley,1,New,Buyer,75.0,20231001/000000000084.parquet,Kitchen & Dining,Bottles & Tumblers,category_mapping_v1_1,Drinkware group; brands/collectibles may strongly affect price.,NO,,INCLUDE,
4976530,2023-10-02 03:12:17+00:00,40.0,storage bins price includes 3 bins,Home,Home decor,Home decor accents,,1,New,Seller,40.0,20231001/000000000322.parquet,Storage & Organization,Storage Bins & Baskets,reviewer_qc,Reviewed sample decision,YES,,INCLUDE,
67112629,2023-10-02 13:17:31+00:00,27.0,"Rae Dunn Fall Blessed,Harvest Thankful Garland",Home,Seasonal decor,Thanksgiving,Rae Dunn,1,New,Buyer,27.0,20231001/000000000084.parquet,Home Decor,Seasonal Decorations,title_rule,seasonal_object,NO,,INCLUDE,
32485769,2023-10-02 13:18:06+00:00,28.5,RAE DUNN FALLS WELCOME OUTDOOR MAT,Home,Home decor,Doormats,Rae Dunn,1,New,Buyer,28.5,20231001/000000000084.parquet,Home Decor,Rug & Mat,category_mapping_v1_1,Source fine-grained subtype reasonably matches target; spot-check mislabeled listings.,NO,,INCLUDE,
204239214,2023-10-02 13:53:16+00:00,35.0,Johanna Parker 2023 Halloween Frankenstein Mugs,Home,Seasonal decor,Halloween,johanna parker,1,New,Buyer,35.0,20231001/000000000329.parquet,Kitchen & Dining,Mugs & Cups,title_rule,mugs,NO,,INCLUDE,
74425292,2023-10-02 14:46:50+00:00,30.0,Full Set of Pottery Barn Santa Mugs,Home,Kitchen Drinkware,Coffee Mugs,Pottery Barn,1,New,Seller,30.0,20231001/000000000084.parquet,Kitchen & Dining,Mugs & Cups,category_mapping_v1_1,Drinkware group; include title for price distinctions.,NO,,INCLUDE,
183613179,2023-10-02 15:00:13+00:00,49.0,Pendleton Twin Flannel Sheet Set 3 Piece,Home,Bedding,Bed Sheets,Pendleton,1,New,Buyer,49.0,20231001/000000000035.parquet,Bedding & Bath,Sheets & Pillowcases,category_mapping_v1_1,Textiles; confirm exact set composition.,NO,,INCLUDE,
92869323,2023-10-02 15:02:50+00:00,11.0,Rae Dunn Christmas Tree Candle & Bare Your Soles,Home,Home decor,Home Candles,Rae Dunn,3,Good,Buyer,11.0,20231001/000000000372.parquet,Home Decor,Candles,title_rule,candle,NO,,INCLUDE,
142408175,2023-10-02 17:34:25+00:00,6.0,Coffee / Tea Mug - Seinfeld - George Costanza,Home,Kitchen Drinkware,Coffee Mugs,,3,Good,Buyer,6.0,20231001/000000000084.parquet,Kitchen & Dining,Mugs & Cups,category_mapping_v1_1,Drinkware group; include title for price distinctions.,NO,,INCLUDE,
179485033,2023-10-02 19:13:39+00:00,216.6,4 New Ralph Lauren Glen Plaid Shot Glass Set,Home,Kitchen Barware,Shot Glasses,Ralph Lauren,1,New,Buyer,216.6,20231001/000000000241.parquet,Kitchen & Dining,Mugs & Cups,category_mapping_v1_1,Drinkware subtype; inspect collectibles/sets.,NO,,INCLUDE,
7178540,2023-10-02 19:18:08+00:00,8.55,Charisma Full Flat and Pilowcase Sheet Set,Home,Bedding,Bed Sheets,Charisma,1,New,Buyer,8.55,20231001/000000000241.parquet,Bedding & Bath,Sheets & Pillowcases,category_mapping_v1_1,Textiles; confirm exact set composition.,NO,,INCLUDE,
115471444,2023-10-03 15:41:30+00:00,40.85,"24” Scary sound Black Cat Blowmold New color changing eyes , SPOOKY Halloween",Home,Seasonal decor,Halloween,,2,Like new,Buyer,40.85,20231001/000000000372.parquet,Home Decor,Seasonal Decorations,title_rule,seasonal_object,NO,,INCLUDE,
220337407,2023-10-03 16:25:16+00:00,75.0,Stanley 40oz Stainless Steel H2.0 Flowstate Quencher Tumbler in Basic Brown,Home,Kitchen Drinkware,Tumblers,Stanley,3,Good,Buyer,75.0,20231001/000000000372.parquet,Kitchen & Dining,Bottles & Tumblers,category_mapping_v1_1,Drinkware group; brands/collectibles may strongly affect price.,NO,,INCLUDE,
55935234,2023-10-03 18:02:13+00:00,205.0,Disney Haunted Mansion Christmas Tree Topper EXCLUSIVE,Home,Seasonal decor,Christmas,Hallmark,1,New,Buyer,205.0,20231001/000000000084.parquet,Home Decor,Seasonal Decorations,title_rule,seasonal_object,NO,,INCLUDE,
63217405,2023-10-03 22:20:10+00:00,38.0,Rae Dunn Fall Measuring Cups,Home,Kitchen Utensils,Measuring Cups,Rae Dunn,1,New,Buyer,38.0,20231001/000000000329.parquet,Kitchen & Dining,Kitchen Utensils & Tools,category_mapping_v1_1,Reusable kitchen utensil/tool subtype; spot-check individual listings.,NO,,INCLUDE,
190701349,2023-10-03 23:16:45+00:00,29.0,Marilyn Monroe Gangster Glow In The Dark Wall Clock New!,Home,Home decor,Clocks,,1,New,Buyer,29.0,20231001/000000000035.parquet,Home Decor,Clock,category_mapping_v1_1,Source fine-grained subtype reasonably matches target; spot-check mislabeled listings.,NO,,INCLUDE,
35370000,2023-10-04 00:51:57+00:00,47.0,Wicker end table,Home,Home decor,Baskets,Unique Vintage,3,Good,Buyer,47.0,20231001/000000000174.parquet,Storage & Organization,Storage Bins & Baskets,category_mapping_v1_1,Source fine-grained subtype reasonably matches target; spot-check mislabeled listings.,NO,,INCLUDE,
238677070,2023-10-04 02:25:33+00:00,18.0,Starbucks Hawaii mug,Home,Kitchen Drinkware,Coffee Mugs,Starbucks,2,Like new,Buyer,18.0,20231001/000000000035.parquet,Kitchen & Dining,Mugs & Cups,category_mapping_v1_1,Drinkware group; include title for price distinctions.,NO,,INCLUDE,
201042132,2023-10-04 05:38:23+00:00,13.54,*Beautiful* New Pioneer Woman Sweet Rose Stoneware Crock Utensil Holder,Home,Kitchen Storage,Kitchen Canisters,Pioneer Woman,2,Like new,Seller,13.54,20231001/000000000322.parquet,Kitchen & Dining,Food Storage,category_mapping_v1_1,Storage containers/canisters; confirm reusable physical goods.,NO,,INCLUDE,
113420513,2023-10-04 15:44:48+00:00,90.0,Krista Horton Era bromate,Home,Kitchen Drinkware,Tumblers,Brumate,1,New,Buyer,90.0,20231001/000000000241.parquet,Kitchen & Dining,Bottles & Tumblers,category_mapping_v1_1,Drinkware group; brands/collectibles may strongly affect price.,NO,,INCLUDE,
81910947,2023-10-04 17:59:11+00:00,10.0,"Bed Canopy with Fluorescent Stars Glow in Dark for Baby, Kids, Girls Or Adults,",Home,Bedding,Bed Sheets,,1,New,Buyer,10.0,20231001/000000000035.parquet,Bedding & Bath,Sheets & Pillowcases,category_mapping_v1_1,Textiles; confirm exact set composition.,NO,,INCLUDE,
79430170,2023-10-04 21:08:13+00:00,17.0,"BNIB Isaac Mizrahi ""Little Boo's"" hand  towels",Home,Kitchen & Table Linens,Kitchen Towels,Isaac Mizrahi,1,New,Buyer,17.0,20231001/000000000322.parquet,Kitchen & Dining,Kitchen & Table Linens,category_mapping_v1_1,Kitchen linens; title may be seasonal-themed but item is reusable.,NO,,INCLUDE,
45105819,2023-10-04 21:12:26+00:00,20.0,Ghost Tree Pumpkin Halloween Hand towels set,Home,Seasonal decor,Halloween,Isaac Mizrahi,1,New,Buyer,20.0,20231001/000000000322.parquet,Bedding & Bath,Bath Towels,title_rule,bath_towels,NO,,INCLUDE,
82325234,2023-10-04 22:03:22+00:00,14.0,Wilton 25 Piece Metal Holiday Cookie Cutters,Home,Kitchen Baking & Cake Accessories,Cookie Cutters,Wilton,2,Like new,Buyer,14.0,20231001/000000000087.parquet,Kitchen & Dining,Bakeware,category_mapping_v1_1,Reusable baking accessory.,NO,,INCLUDE,
125999266,2023-10-05 09:09:08+00:00,10.83,10 Strawberry Street Bat Mug,Home,Seasonal decor,Halloween,10 Strawberry Street,1,New,Buyer,10.83,20231001/000000000084.parquet,Kitchen & Dining,Mugs & Cups,title_rule,mugs,NO,,INCLUDE,
55008556,2023-10-05 09:10:38+00:00,25.0,Hydrapeak Skull Tumbler,Home,Kitchen Drinkware,Tumblers,,1,New,Buyer,25.0,20231001/000000000084.parquet,Kitchen & Dining,Bottles & Tumblers,category_mapping_v1_1,Drinkware group; brands/collectibles may strongly affect price.,NO,,INCLUDE,
240112258,2023-10-05 09:21:10+00:00,23.0,Hydrapeak tumbler spiderwebs Halloween,Home,Seasonal decor,Halloween,Hydrapak,1,New,Buyer,23.0,20231001/000000000084.parquet,Kitchen & Dining,Bottles & Tumblers,title_rule,bottles,NO,,INCLUDE,
157386293,2023-10-05 12:57:23+00:00,26.0,NWT Starbucks Matte Mustard Yellow Soft Touch SS Tumbler,Home,Kitchen Drinkware,Tumblers,Starbucks,1,New,Buyer,26.0,20231001/000000000087.parquet,Kitchen & Dining,Bottles & Tumblers,category_mapping_v1_1,Drinkware group; brands/collectibles may strongly affect price.,NO,,INCLUDE,
40736416,2023-10-05 14:50:50+00:00,17.1,Rubbermaid fresh works produce saver containers,Home,Kitchen Storage,Food Storage Containers,Rubbermaid,3,Good,Buyer,17.1,20231001/000000000174.parquet,Kitchen & Dining,Food Storage,category_mapping_v1_1,Storage containers/canisters; confirm reusable physical goods.,NO,,INCLUDE,
186981472,2023-10-05 15:40:00+00:00,34.2,BOO! Ghost Cookie Jar by Johanna Parker,Home,Seasonal decor,Halloween,johanna parker,1,New,Buyer,34.2,20231001/000000000241.parquet,Kitchen & Dining,Food Storage,title_rule,food_storage,NO,,INCLUDE,
245454370,2023-10-05 16:20:01+00:00,20.0,Pearl Jam Chicago Event At United Center Sept 5th 2023  poster,Home,Artwork,Posters,,1,New,Buyer,20.0,20231001/000000000084.parquet,Home Decor,Wall Art & Frames,category_mapping_v1_1,Wall art/prints; collectibles may be price outliers.,NO,,INCLUDE,
58261981,2023-10-05 17:58:42+00:00,65.0,Halloween Hocus Pocus Witch Broom Broomstick Wooden Tiered Tray Stand Display,Home,Seasonal decor,Halloween,,1,New,Buyer,65.0,20231001/000000000322.parquet,Home Decor,Decorative Accessories,title_rule,decorative_accessory,NO,,INCLUDE,
1915400,2023-10-05 18:03:47+00:00,13.0,Mud Pie ceramic and clay pumpkin serving tray- new,Home,Kitchen Serveware,Serving Platters,Mud Pie,2,Like new,Buyer,13.0,20231001/000000000035.parquet,Kitchen & Dining,Servingware,category_mapping_v1_1,Recognizable reusable servingware subtype; individual listings can still be misclassified.,NO,,INCLUDE,
43870528,2023-10-05 19:14:14+00:00,10.0,2004 Starbucks Coffee Shot Glass,Home,Kitchen Drinkware,Coffee Mugs,Starbucks,3,Good,Buyer,10.0,20231001/000000000322.parquet,Kitchen & Dining,Mugs & Cups,category_mapping_v1_1,Drinkware group; include title for price distinctions.,NO,,INCLUDE,
38851027,2023-10-05 19:53:18+00:00,49.0,Rose Lalonde Homestuck Mug,Home,Kitchen Drinkware,Coffee Mugs,,2,Like new,Buyer,49.0,20231001/000000000241.parquet,Kitchen & Dining,Mugs & Cups,category_mapping_v1_1,Drinkware group; include title for price distinctions.,NO,,INCLUDE,
35329720,2023-10-06 04:58:39+00:00,22.0,pimpernel set of 4 Santa hardboard placemats,Home,Seasonal decor,Christmas,Pimpernel,2,Like new,Buyer,22.0,20231001/000000000351.parquet,Kitchen & Dining,Kitchen & Table Linens,title_rule,table_linens,NO,,INCLUDE,
162210882,2023-10-06 16:51:59+00:00,80.0,Blueberry Marshmallow Bar candle,Home,Home decor,Home Candles,Bath & Body Works,1,New,Seller,80.0,20231001/000000000174.parquet,Home Decor,Candles,title_rule,candle,NO,,INCLUDE,
103797825,2023-10-06 18:10:17+00:00,39.0,Disney Beauty and the Beast Belle Brand new 40 oz double wall stainless tumbler,Home,Kitchen Drinkware,Tumblers,Disney,1,New,Buyer,39.0,20231001/000000000087.parquet,Kitchen & Dining,Bottles & Tumblers,category_mapping_v1_1,Drinkware group; brands/collectibles may strongly affect price.,NO,,INCLUDE,
208260,2023-10-06 18:55:14+00:00,33.25,New! Betsey Johnson Pink Ghost Halloween Blanket,Home,Seasonal decor,Halloween,Betsey Johnson,1,New,Buyer,33.25,20231001/000000000329.parquet,Bedding & Bath,Blankets & Comforters,title_rule,blankets,NO,,INCLUDE,
98621053,2023-10-06 21:26:46+00:00,37.0,Molten Brown Ylang- Ylang Room Spray,Home,Home decor,Home fragrance,MOLTON BROWN London,3,Good,Buyer,37.0,20231001/000000000241.parquet,Home Decor,Home Fragrance,title_rule,home_fragrance,NO,,INCLUDE,
213149683,2023-10-06 21:43:33+00:00,15.0,Starbucks Reserve,Home,Kitchen Drinkware,Tumblers,Starbucks,1,New,Buyer,15.0,20231001/000000000174.parquet,Kitchen & Dining,Bottles & Tumblers,category_mapping_v1_1,Drinkware group; brands/collectibles may strongly affect price.,NO,,INCLUDE,
2085617,2023-10-06 22:26:41+00:00,20.0,BBW Hello Beautiful Single Wick candles,Home,Home decor,Home Candles,Bath & Body Works,2,Like new,Buyer,20.0,20231001/000000000372.parquet,Home Decor,Candles,title_rule,candle,NO,,INCLUDE,
152371641,2023-10-07 00:03:35+00:00,23.0,Hallmark Stockings Hung With Care Musical Snowman Plush Jingle Pals 2017 WORKS,Home,Seasonal decor,Christmas,Hallmark,3,Good,Buyer,23.0,20231001/000000000174.parquet,Home Decor,Seasonal Decorations,title_rule,seasonal_object,NO,,INCLUDE,
65105012,2023-10-07 00:56:22+00:00,10.0,4 Black square framed mirrors from IKEA,Home,Home decor,Mirrors,IKEA,4,Fair,Buyer,10.0,20231001/000000000035.parquet,Home Decor,Mirror,category_mapping_v1_1,Source fine-grained subtype reasonably matches target; spot-check mislabeled listings.,NO,,INCLUDE,
40068858,2023-10-07 02:16:41+00:00,30.0,Pioneer woman,Home,Kitchen Storage,Kitchen Canisters,Pioneer Woman,1,New,Buyer,30.0,20231001/000000000322.parquet,Kitchen & Dining,Food Storage,category_mapping_v1_1,Storage containers/canisters; confirm reusable physical goods.,NO,,INCLUDE,
36889925,2023-10-07 05:27:40+00:00,55.0,Handmade Quilt sloth Llama flamingo koala child crib lap blanket.,Home,Bedding,Quilts,Handmade,1,New,Buyer,55.0,20231001/000000000084.parquet,Bedding & Bath,Blankets & Comforters,category_mapping_v1_1,Bedding textile group.,NO,,INCLUDE,
12840351,2023-10-07 05:29:46+00:00,25.0,NWT Plush Llama & Cactus Throw Blanket,Home,Bedding,Throws,,1,New,Buyer,25.0,20231001/000000000084.parquet,Bedding & Bath,Blankets & Comforters,category_mapping_v1_1,Bedding textile group.,NO,,INCLUDE,
19184557,2023-10-07 05:40:10+00:00,17.0,Heritage Kids blue and white llama plush blanket,Home,Bedding,Throws,,1,New,Buyer,17.0,20231001/000000000084.parquet,Bedding & Bath,Blankets & Comforters,category_mapping_v1_1,Bedding textile group.,NO,,INCLUDE,
171321223,2023-10-07 05:43:02+00:00,15.0,golden girls blanket,Home,Bedding,Throws,,1,New,Buyer,15.0,20231001/000000000084.parquet,Bedding & Bath,Blankets & Comforters,category_mapping_v1_1,Bedding textile group.,NO,,INCLUDE,
220862409,2023-10-07 06:27:05+00:00,45.0,The Golden Girls Live Like Rose Dress Like Blanche Blanket,Home,Bedding,Blankets,Handmade,1,New,Seller,45.0,20231001/000000000084.parquet,Bedding & Bath,Blankets & Comforters,category_mapping_v1_1,Bedding textile group.,NO,,INCLUDE,
28393165,2023-10-07 18:04:54+00:00,65.0,BBW Two Hinoki Wood & Lavender Candles,Home,Home decor,Home Candles,Bath & Body Works,1,New,Buyer,65.0,20231001/000000000035.parquet,Home Decor,Candles,title_rule,candle,NO,,INCLUDE,
139893512,2023-10-07 18:57:56+00:00,40.0,Ryze mushroom coffee,Home,Kitchen Drinkware,Coffee Mugs,,1,New,Buyer,40.0,20231001/000000000241.parquet,Kitchen & Dining,Mugs & Cups,category_mapping_v1_1,Drinkware group; include title for price distinctions.,NO,,INCLUDE,
27400221,2023-10-07 22:23:21+00:00,12.0,hyde and eek ghost mug,Home,Seasonal decor,Halloween,Target,1,New,Buyer,12.0,20231001/000000000035.parquet,Kitchen & Dining,Mugs & Cups,title_rule,mugs,NO,,INCLUDE,
34528361,2023-10-07 23:04:34+00:00,18.0,All Of Me - Masayoshi Takanaka Poster6681,Home,Artwork,Posters,Autograph,1,New,Buyer,18.0,20231001/000000000241.parquet,Home Decor,Wall Art & Frames,category_mapping_v1_1,Wall art/prints; collectibles may be price outliers.,NO,,INCLUDE,
156120346,2023-10-08 01:41:31+00:00,75.0,Keurig k slim + Iced single serve coffee maker,Home,Home appliances,Kitchen appliances,Keurig,1,New,Buyer,75.0,20231001/000000000084.parquet,Appliances,Coffee & Espresso Machine,title_rule,coffee_machine,NO,,INCLUDE,
173682960,2023-10-08 02:29:25+00:00,45.0,Starbucks Ensenada Been There Series Across the Globe Collection Mug,Home,Kitchen Drinkware,Coffee Mugs,Starbucks,1,New,Buyer,45.0,20231001/000000000014.parquet,Kitchen & Dining,Mugs & Cups,category_mapping_v1_1,Drinkware group; include title for price distinctions.,NO,,INCLUDE,
71530954,2023-10-08 06:22:03+00:00,20.0,Elton John Farewell Yellow Brick Road 2022 Las Vegas Poster,Home,Artwork,Posters,Handmade,1,New,Buyer,20.0,20231001/000000000084.parquet,Home Decor,Wall Art & Frames,category_mapping_v1_1,Wall art/prints; collectibles may be price outliers.,NO,,INCLUDE,
90599501,2023-10-08 09:14:59+00:00,125.0,Thomas Kinkade Santa Claus Tabletop Crystal Figurine : Santa Claus is On His Way,Home,Seasonal decor,Christmas,,1,New,Buyer,125.0,20231001/000000000014.parquet,Home Decor,Decorative Accessories,title_rule,decorative_accessory,NO,,INCLUDE,
203457764,2023-10-08 17:03:40+00:00,14.25,Empty Zales ring boxes,Home,Storage & organization,Jewelry boxes & organizers,Zales,2,Like new,Buyer,14.25,20231001/000000000084.parquet,Storage & Organization,Jewelry Storage,reviewer_qc,Reviewed sample decision,YES,,INCLUDE,
183889576,2023-10-08 18:18:11+00:00,70.0,Starbucks 2023 halloween slime cup,Home,Kitchen Drinkware,Tumblers,Starbucks,1,New,Buyer,70.0,20231001/000000000087.parquet,Kitchen & Dining,Bottles & Tumblers,category_mapping_v1_1,Drinkware group; brands/collectibles may strongly affect price.,NO,,INCLUDE,
38260981,2023-10-08 18:22:58+00:00,12.35,BBW Gingham Gorgeous Candle New,Home,Home decor,Home Candles,Bath & Body Works,1,New,Buyer,12.35,20231001/000000000084.parquet,Home Decor,Candles,title_rule,candle,NO,,INCLUDE,
177805948,2023-10-08 20:25:05+00:00,3.0,DJ Machines Disco Light Stage Colorful Crystal LED RGB Flashlight LED Bulbs 4 di,Home,Home decor,Home Decor Lamps,,1,New,Buyer,3.0,20231001/000000000087.parquet,Home Decor,Lamp & Lighting,category_mapping_v1_1,Source fine-grained subtype reasonably matches target; spot-check mislabeled listings.,NO,,INCLUDE,
111834344,2023-10-08 22:48:49+00:00,22.0,"Vicks Filtered Cool Moisture Humidifier Model V3100VD1, 1.0 Gallon Brand New NIB",Home,Home appliances,Humidifiers,,1,New,Buyer,22.0,20231001/000000000372.parquet,Appliances,Air Care & Climate,category_mapping_v1_1,Listings may be replacement parts or miscoded non-appliances; title review advised.,NO,,INCLUDE,
162684975,2023-10-08 22:48:59+00:00,8.0,Starbucks Glass Arizona Water Bottle,Home,Kitchen Drinkware,Tumblers,Starbucks,1,New,Buyer,8.0,20231001/000000000084.parquet,Kitchen & Dining,Bottles & Tumblers,category_mapping_v1_1,Drinkware group; brands/collectibles may strongly affect price.,NO,,INCLUDE,
131359833,2023-10-09 01:18:00+00:00,30.0,Christmas Swag Lights Designers includes Two 150 Clear Bulbs Indoor Outdoor,Home,Home decor,Home Decor Lighting,,1,New,Buyer,30.0,20231001/000000000084.parquet,Home Decor,Lamp & Lighting,category_mapping_v1_1,Source fine-grained subtype reasonably matches target; spot-check mislabeled listings.,NO,,INCLUDE,
106711824,2023-10-09 12:53:15+00:00,450.0,Vitamix Professional Series 750,Home,Kitchen Small Appliances,Blenders,Vitamix,1,New,Seller,450.0,20231001/000000000087.parquet,Appliances,Kitchen Appliance,category_mapping_v1_1,Recognizable appliance subtype; title QC for parts/accessories and miscategorizations.,NO,,INCLUDE,
100931753,2023-10-09 16:47:28+00:00,11.0,Towels bundle,Home,Bath,Towels,,3,Good,Buyer,11.0,20231001/000000000351.parquet,Bedding & Bath,Bath Towels,category_mapping_v1_1,Home bath linens.,NO,,INCLUDE,
8442344,2023-10-09 20:17:14+00:00,10.0,Bath and Body Works Candles,Home,Home decor,Home Candles,Bath & Body Works,1,New,Buyer,10.0,20231001/000000000322.parquet,Home Decor,Candles,title_rule,candle,NO,,INCLUDE,
16176964,2023-10-09 20:32:27+00:00,9.29,Halloween Snoopy Peanuts Applique Table Runner 17”x70”| Holiday Party Decor,Home,Kitchen & Table Linens,Kitchen Table Runners,,2,Like new,Buyer,9.29,20231001/000000000014.parquet,Kitchen & Dining,Kitchen & Table Linens,category_mapping_v1_1,Kitchen linens; title may be seasonal-themed but item is reusable.,NO,,INCLUDE,
170343163,2023-10-09 20:44:36+00:00,39.9,Pastel Pink Gingerbread Man Throw Blanket,Home,Seasonal decor,Christmas,Marshalls,1,New,Buyer,39.9,20231001/000000000087.parquet,Bedding & Bath,Blankets & Comforters,title_rule,blankets,NO,,INCLUDE,
238004466,2023-10-09 21:37:28+00:00,10.29,halloween salt and pepper shakers,Home,Seasonal decor,Halloween,,3,Good,Buyer,10.29,20231001/000000000372.parquet,Kitchen & Dining,Servingware,title_rule,serveware,NO,,INCLUDE,
204529121,2023-10-09 22:08:22+00:00,20.0,Starbucks 2019 Halloween Reusable Hot Cups,Home,Kitchen Drinkware,Tumblers,Starbucks,1,New,Buyer,20.0,20231001/000000000351.parquet,Kitchen & Dining,Bottles & Tumblers,category_mapping_v1_1,Drinkware group; brands/collectibles may strongly affect price.,NO,,INCLUDE,
209481285,2023-10-10 00:02:06+00:00,43.32,London Fog King Flannel Sheet Set,Home,Bedding,Bed Sheets,London Fog,1,New,Buyer,43.32,20231001/000000000322.parquet,Bedding & Bath,Sheets & Pillowcases,category_mapping_v1_1,Textiles; confirm exact set composition.,NO,,INCLUDE,
39080651,2023-10-10 00:19:00+00:00,55.0,Stanley 30oz Camelia Hot Pink Flip Straw Tumbler NEW,Home,Kitchen Drinkware,Water Bottles,Stanley,1,New,Buyer,55.0,20231001/000000000087.parquet,Kitchen & Dining,Bottles & Tumblers,category_mapping_v1_1,Drinkware group; brands/collectibles may strongly affect price.,NO,,INCLUDE,
228305517,2023-10-10 00:50:24+00:00,10.0,Rae Dunn blue Coffee Tea mug,Home,Kitchen Drinkware,Coffee Mugs,Rae Dunn,1,New,Buyer,10.0,20231001/000000000241.parquet,Kitchen & Dining,Mugs & Cups,category_mapping_v1_1,Drinkware group; include title for price distinctions.,NO,,INCLUDE,
100539830,2023-10-10 03:19:39+00:00,12.0,Crate & Barrel Saint Nick Mug,Home,Kitchen Drinkware,Coffee Mugs,Crate & Barrel,1,New,Buyer,12.0,20231001/000000000174.parquet,Kitchen & Dining,Mugs & Cups,category_mapping_v1_1,Drinkware group; include title for price distinctions.,NO,,INCLUDE,
79055791,2023-10-10 15:17:13+00:00,14.44,"Serving platter serving tray, by La Madison de Catherine, made Provence France",Home,Kitchen Serveware,Serving Platters,,2,Like new,Buyer,14.44,20231001/000000000174.parquet,Kitchen & Dining,Servingware,category_mapping_v1_1,Recognizable reusable servingware subtype; individual listings can still be misclassified.,NO,,INCLUDE,
78857359,2023-10-11 04:10:58+00:00,24.7,HydraPeak Skulls + Flowers 32oz Wide Mouth Stainless Steel Insulated Bottle NEW,Home,Kitchen Drinkware,Tumblers,,1,New,Seller,24.7,20231001/000000000241.parquet,Kitchen & Dining,Bottles & Tumblers,category_mapping_v1_1,Drinkware group; brands/collectibles may strongly affect price.,NO,,INCLUDE,
142443547,2023-10-11 10:47:26+00:00,81.0,Marimekko Unikko Red Poppy Queen Size Comforter and Sham Set,Home,Bedding,Comforter Sets,Marimekko,2,Like new,Buyer,81.0,20231001/000000000322.parquet,Bedding & Bath,Blankets & Comforters,category_mapping_v1_1,Bedding textile group.,NO,,INCLUDE,
132045433,2023-10-11 13:43:52+00:00,15.0,Jack O Lantern bowl,Home,Seasonal decor,Halloween,,2,Like new,Buyer,15.0,20231001/000000000329.parquet,Kitchen & Dining,Dinnerware,title_rule,dinnerware,NO,,INCLUDE,
3642465,2023-10-11 15:27:25+00:00,14.0,1 Tiffany Ornament boxed,Home,Seasonal decor,Christmas,Handmade,1,New,Buyer,14.0,20231001/000000000014.parquet,Home Decor,Seasonal Decorations,title_rule,seasonal_object,NO,,INCLUDE,
206452579,2023-10-11 15:33:45+00:00,23.75,FNAF blanket,Home,Bedding,Throws,,1,New,Seller,23.75,20231001/000000000372.parquet,Bedding & Bath,Blankets & Comforters,category_mapping_v1_1,Bedding textile group.,NO,,INCLUDE,
36126098,2023-10-11 15:44:29+00:00,10.0,Five Nights at Freddy’s Movie Poster HD,Home,Artwork,Posters,Universal Studios,1,New,Buyer,10.0,20231001/000000000372.parquet,Home Decor,Wall Art & Frames,category_mapping_v1_1,Wall art/prints; collectibles may be price outliers.,NO,,INCLUDE,
143314559,2023-10-11 16:22:54+00:00,68.0,Anthropologie Set Of 4 Eva Highball Glass Set,Home,Kitchen Drinkware,Drinking Glasses,Anthropologie,1,New,Buyer,68.0,20231001/000000000035.parquet,Kitchen & Dining,Mugs & Cups,category_mapping_v1_1,Drinkware group; include title for price distinctions.,NO,,INCLUDE,
144792008,2023-10-11 16:28:17+00:00,42.0,Hello Kitty christmas blanket,Home,Bedding,Blankets,Sanrio,1,New,Buyer,42.0,20231001/000000000329.parquet,Bedding & Bath,Blankets & Comforters,category_mapping_v1_1,Bedding textile group.,NO,,INCLUDE,
130065057,2023-10-11 19:21:23+00:00,50.0,Disney Parks 2023 EPCOT Starbucks Tumbler,Home,Kitchen Drinkware,Tumblers,Starbucks,1,New,Buyer,50.0,20231001/000000000322.parquet,Kitchen & Dining,Bottles & Tumblers,category_mapping_v1_1,Drinkware group; brands/collectibles may strongly affect price.,NO,,INCLUDE,
35200543,2023-10-12 01:43:23+00:00,33.39,Nutribullet Blender NB-100 Rose Gold Complete  Tested And Working,Home,Kitchen Small Appliances,Blenders,NutriBullet,3,Good,Buyer,33.39,20231001/000000000014.parquet,Appliances,Kitchen Appliance,category_mapping_v1_1,Recognizable appliance subtype; title QC for parts/accessories and miscategorizations.,NO,,INCLUDE,
88146597,2023-10-12 06:22:24+00:00,22.0,IN THIS MOMENT  HELLYEAH 2016 Hellpop Poster,Home,Artwork,Posters,,1,New,Buyer,22.0,20231001/000000000014.parquet,Home Decor,Wall Art & Frames,category_mapping_v1_1,Wall art/prints; collectibles may be price outliers.,NO,,INCLUDE,
136380578,2023-10-12 09:16:55+00:00,21.0,Pumpkin Shapet Fall Holiday Decor Photo Frame,Home,Seasonal decor,Halloween,Shabby Chic,1,New,Buyer,21.0,20231001/000000000084.parquet,Home Decor,Wall Art & Frames,title_rule,wall_art,NO,,INCLUDE,
199961042,2023-10-12 12:01:59+00:00,22.0,Bath and Body Works everlasting magic 3 wick candle,Home,Home decor,Home Candles,Bath & Body Works,1,New,Buyer,22.0,20231001/000000000322.parquet,Home Decor,Candles,title_rule,candle,NO,,INCLUDE,
182541945,2023-10-12 13:10:50+00:00,12.0,1997 talking singing Christmas wreath,Home,Seasonal decor,Christmas,,1,New,Buyer,12.0,20231001/000000000087.parquet,Home Decor,Seasonal Decorations,title_rule,seasonal_object,NO,,INCLUDE,
20643365,2023-10-12 14:23:56+00:00,22.0,Misfits 2023 Summer Concert Poster 16x24,Home,Artwork,Posters,,1,New,Buyer,22.0,20231001/000000000322.parquet,Home Decor,Wall Art & Frames,category_mapping_v1_1,Wall art/prints; collectibles may be price outliers.,NO,,INCLUDE,
23766559,2023-10-12 15:17:36+00:00,41.8,LG CordZero A9 A929 A927 A916 A912 Motorized Carpet Nozzle Head AUTHENTIC,Home,Home appliances,Vacuums,LG,3,Good,Buyer,41.8,20231001/000000000084.parquet,Appliances,Vacuum,category_mapping_v1_1,Some listings are accessories/parts; flag during title QC.,NO,,INCLUDE,
58220557,2023-10-12 16:12:00+00:00,23.75,Peanuts FULL size Halloween Sheet Set,Home,Bedding,Bed Sheets,Peanuts,1,New,Buyer,23.75,20231001/000000000035.parquet,Bedding & Bath,Sheets & Pillowcases,category_mapping_v1_1,Textiles; confirm exact set composition.,NO,,INCLUDE,
188310862,2023-10-12 17:11:50+00:00,17.0,Pfaltzgraff Napoli crock,Home,Kitchen Storage,Kitchen Canisters,Pfaltzgraff,3,Good,Buyer,17.0,20231001/000000000084.parquet,Kitchen & Dining,Food Storage,category_mapping_v1_1,Storage containers/canisters; confirm reusable physical goods.,NO,,INCLUDE,
211368001,2023-10-12 17:28:33+00:00,45.0,New Starbucks X Line Friends Brown & Cony Stainless Steel Tumbler 12oz Tumbler,Home,Kitchen Drinkware,Tumblers,Starbucks,1,New,Buyer,45.0,20231001/000000000084.parquet,Kitchen & Dining,Bottles & Tumblers,category_mapping_v1_1,Drinkware group; brands/collectibles may strongly affect price.,NO,,INCLUDE,
247035994,2023-10-12 20:32:17+00:00,35.0,Disney Micket Mouse Mysterious Mickey Jack-o’-Lantern Ornament With Light -lot1,Home,Seasonal decor,Halloween,Hallmark,1,New,Buyer,35.0,20231001/000000000351.parquet,Home Decor,Seasonal Decorations,title_rule,seasonal_object,NO,,INCLUDE,
26566316,2023-10-12 20:59:43+00:00,159.0,Threadery Signature Pima Cotton 1000 Thread Count Sheet Set King,Home,Bedding,Bed Sheets,,1,New,Buyer,159.0,20231001/000000000241.parquet,Bedding & Bath,Sheets & Pillowcases,category_mapping_v1_1,Textiles; confirm exact set composition.,NO,,INCLUDE,
63299234,2023-10-12 21:22:06+00:00,30.0,Hallmark Haunted Mansion Ornament,Home,Seasonal decor,Christmas,Hallmark,1,New,Buyer,30.0,20231001/000000000174.parquet,Home Decor,Seasonal Decorations,title_rule,seasonal_object,NO,,INCLUDE,
241014666,2023-10-12 21:46:03+00:00,16.0,Bon Jovi Tumbler,Home,Kitchen Drinkware,Tumblers,Handmade,1,New,Buyer,16.0,20231001/000000000087.parquet,Kitchen & Dining,Bottles & Tumblers,category_mapping_v1_1,Drinkware group; brands/collectibles may strongly affect price.,NO,,INCLUDE,
245359122,2023-10-12 23:19:25+00:00,22.0,NEW! TUPPERWARE DISNEY 100 COFFEE TO GO CUP 16 OZ,Home,Kitchen Drinkware,Coffee Mugs,Tupperware,1,New,Buyer,22.0,20231001/000000000329.parquet,Kitchen & Dining,Mugs & Cups,category_mapping_v1_1,Drinkware group; include title for price distinctions.,NO,,INCLUDE,
39134755,2023-10-13 00:25:08+00:00,33.25,The grinch extra large stainless steel tumbler 40 oz,Home,Kitchen Drinkware,Tumblers,The Grinch,1,New,Buyer,33.25,20231001/000000000351.parquet,Kitchen & Dining,Bottles & Tumblers,category_mapping_v1_1,Drinkware group; brands/collectibles may strongly affect price.,NO,,INCLUDE,
85337265,2023-10-13 00:54:28+00:00,22.0,Lenox Ornamental Glow Nordic Votive Tealight Deer Trees Bulb Porcelain Bisque,Home,Home decor,Candle Holders,Lenox,2,Like new,Buyer,22.0,20231001/000000000241.parquet,Home Decor,Decorative Accessories,category_mapping_v1_1,Source fine-grained subtype reasonably matches target; spot-check mislabeled listings.,NO,,INCLUDE,
9432396,2023-10-13 02:48:50+00:00,17.0,Hyde and EEK Featherly Friends Ghost Costume Bird Boo! Halloween Decor 2023,Home,Seasonal decor,Halloween,Target,1,New,Buyer,17.0,20231001/000000000087.parquet,Home Decor,Seasonal Decorations,title_rule,seasonal_object,NO,,INCLUDE,
146707431,2023-10-13 02:52:18+00:00,40.0,Hammercraft Club Aluminum Dutch Oven Bale Handle- 4 1/2 Quart,Home,Kitchen Cookware,Dutch Ovens,,3,Good,Buyer,40.0,20231001/000000000084.parquet,Kitchen & Dining,Cookware,category_mapping_v1_1,Recognizable cookware.,NO,,INCLUDE,
204874730,2023-10-13 05:10:36+00:00,20.0,Middle Earth Map Lord of the Rings Hobbit Tumbler,Home,Kitchen Drinkware,Tumblers,Handmade,1,New,Buyer,20.0,20231001/000000000322.parquet,Kitchen & Dining,Bottles & Tumblers,category_mapping_v1_1,Drinkware group; brands/collectibles may strongly affect price.,NO,,INCLUDE,
48336542,2023-10-13 05:26:26+00:00,20.0,Sunlite 12pk Petite Flicker Chandelier Flame Tip Clear Candelabra (E12) Base,Home,Home decor,Home Decor Lighting,,1,New,Buyer,20.0,20231001/000000000084.parquet,Home Decor,Lamp & Lighting,category_mapping_v1_1,Source fine-grained subtype reasonably matches target; spot-check mislabeled listings.,NO,,INCLUDE,
141343629,2023-10-13 05:45:29+00:00,200.0,LG CordZero A9 Cordless Stick Vacuum - Blossom Pink (A912PM),Home,Home appliances,Vacuums,LG,1,New,Buyer,200.0,20231001/000000000241.parquet,Appliances,Vacuum,category_mapping_v1_1,Some listings are accessories/parts; flag during title QC.,NO,,INCLUDE,
219053285,2023-10-13 10:25:57+00:00,37.0,NEW Starbucks 2023 Oil Slick Bling Black Studded Tumbler,Home,Kitchen Drinkware,Tumblers,Starbucks,1,New,Buyer,37.0,20231001/000000000087.parquet,Kitchen & Dining,Bottles & Tumblers,category_mapping_v1_1,Drinkware group; brands/collectibles may strongly affect price.,NO,,INCLUDE,
154512329,2023-10-13 19:10:09+00:00,7.0,Document Frame 10X13,Home,Home decor,Picture Frames,,1,New,Buyer,7.0,20231001/000000000014.parquet,Home Decor,Wall Art & Frames,category_mapping_v1_1,Source fine-grained subtype reasonably matches target; spot-check mislabeled listings.,NO,,INCLUDE,
61834412,2023-10-13 19:20:35+00:00,7.0,Dash Microwave Popcorn,Home,Kitchen Cookware,Other Cookware,Dash,2,Like new,Buyer,7.0,20231001/000000000322.parquet,Appliances,Microwave,title_rule,microwave,NO,,INCLUDE,
36914402,2023-10-13 21:55:01+00:00,8.0,Cat Pumpkin Mug,Home,Seasonal decor,Halloween,T.J.Maxx,2,Like new,Buyer,8.0,20231001/000000000241.parquet,Kitchen & Dining,Mugs & Cups,title_rule,mugs,NO,,INCLUDE,
129888596,2023-10-14 00:53:55+00:00,30.0,Grinch Tumbler,Home,Kitchen Drinkware,Tumblers,Hobby Lobby,1,New,Buyer,30.0,20231001/000000000241.parquet,Kitchen & Dining,Bottles & Tumblers,category_mapping_v1_1,Drinkware group; brands/collectibles may strongly affect price.,NO,,INCLUDE,
183773603,2023-10-14 06:28:12+00:00,10.0,Starbucks Color Changing Reusable Cold /Hot Cups 6 Pk W/lids 16oz Holiday 2022,Home,Kitchen Drinkware,Tumblers,Starbucks,1,New,Buyer,10.0,20231001/000000000351.parquet,Kitchen & Dining,Bottles & Tumblers,category_mapping_v1_1,Drinkware group; brands/collectibles may strongly affect price.,NO,,INCLUDE,
105600485,2023-10-14 06:32:04+00:00,10.0,Starbucks reusable hot cups,Home,Kitchen Drinkware,Travel Mugs,Starbucks,1,New,Buyer,10.0,20231001/000000000351.parquet,Kitchen & Dining,Bottles & Tumblers,category_mapping_v1_1,Drinkware group; brands/collectibles may strongly affect price.,NO,,INCLUDE,
1475335,2023-10-14 18:42:41+00:00,6.65,Yijan Australia Aborigine Creation Mug,Home,Kitchen Drinkware,Coffee Mugs,,2,Like new,Buyer,6.65,20231001/000000000035.parquet,Kitchen & Dining,Mugs & Cups,category_mapping_v1_1,Drinkware group; include title for price distinctions.,NO,,INCLUDE,
200393314,2023-10-14 19:56:23+00:00,15.34,New hocus-pocus Disney trick or treat pillowcase 30” x 20” Sanderson sisters,Home,Seasonal decor,Halloween,Disney,1,New,Buyer,15.34,20231001/000000000372.parquet,Bedding & Bath,Sheets & Pillowcases,title_rule,sheets,NO,,INCLUDE,
2880800,2023-10-14 23:07:02+00:00,36.1,Halloween Pug Dog Throw Blanket,Home,Seasonal decor,Halloween,,1,New,Buyer,36.1,20231001/000000000084.parquet,Bedding & Bath,Blankets & Comforters,title_rule,blankets,NO,,INCLUDE,
162097090,2023-10-14 23:16:28+00:00,18.0,Peppermint and Pine Gingerbread Mug,Home,Seasonal decor,Christmas,Peppermint,1,New,Buyer,18.0,20231001/000000000351.parquet,Kitchen & Dining,Mugs & Cups,reviewer_qc,Reviewed sample decision,YES,,INCLUDE,
26225447,2023-10-14 23:35:08+00:00,35.0,The grinch extra large stainless steel tumbler 40 oz,Home,Kitchen Drinkware,Tumblers,The Grinch,1,New,Buyer,35.0,20231001/000000000087.parquet,Kitchen & Dining,Bottles & Tumblers,category_mapping_v1_1,Drinkware group; brands/collectibles may strongly affect price.,NO,,INCLUDE,
93948811,2023-10-15 01:10:22+00:00,18.0,Poster Cyberpunk Edgerunners 2022 Tv Show,Home,Artwork,Posters,Autograph,1,New,Buyer,18.0,20231001/000000000322.parquet,Home Decor,Wall Art & Frames,category_mapping_v1_1,Wall art/prints; collectibles may be price outliers.,NO,,INCLUDE,
28627138,2023-10-15 01:51:45+00:00,90.0,hydrojug traveler leopard  print,Home,Kitchen Drinkware,Tumblers,HydroJug,1,New,Buyer,90.0,20231001/000000000351.parquet,Kitchen & Dining,Bottles & Tumblers,category_mapping_v1_1,Drinkware group; brands/collectibles may strongly affect price.,NO,,INCLUDE,
147710476,2023-10-15 02:36:53+00:00,40.0,Labrador Retriever Puppy Salt and Pepper Shaker Holder With Clear Shakers,Home,Kitchen & dining,,,1,New,Seller,40.0,20231001/000000000087.parquet,Kitchen & Dining,Servingware,title_rule,serveware,NO,,INCLUDE,
110530971,2023-10-15 02:53:47+00:00,61.0,Corelle 16pc Square Dinnerware,Home,Kitchen Dinnerware,,Corelle,1,New,Buyer,61.0,20231001/000000000035.parquet,Kitchen & Dining,Dinnerware,title_rule,dinnerware,NO,,INCLUDE,
72825970,2023-10-15 04:25:49+00:00,18.0,The Old Pottery Company Ceramic Sugar and Coffee Canisters,Home,Kitchen Storage,Kitchen Canisters,,2,Like new,Buyer,18.0,20231001/000000000035.parquet,Kitchen & Dining,Food Storage,category_mapping_v1_1,Storage containers/canisters; confirm reusable physical goods.,NO,,INCLUDE,
147951315,2023-10-15 07:01:00+00:00,53.0,Santa claus buste statue,Home,Seasonal decor,Christmas,Hobby Lobby,1,New,Buyer,53.0,20231001/000000000174.parquet,Home Decor,Decorative Accessories,title_rule,decorative_accessory,NO,,INCLUDE,
1894393,2023-10-15 07:36:12+00:00,6.0,CAKEY CAT GABY'S DOLL'S HOUSE 8790,Home,Kitchen Baking & Cake Accessories,Cookie Cutters,,1,New,Buyer,6.0,20231001/000000000035.parquet,Kitchen & Dining,Bakeware,category_mapping_v1_1,Reusable baking accessory.,NO,,INCLUDE,
191299919,2023-10-15 08:03:21+00:00,12.0,Tupperware Snack Cups Summer Celebration,Home,Kitchen Storage,Food Storage Containers,Tupperware,1,New,Buyer,12.0,20231001/000000000084.parquet,Kitchen & Dining,Food Storage,category_mapping_v1_1,Storage containers/canisters; confirm reusable physical goods.,NO,,INCLUDE,
80718577,2023-10-15 10:37:57+00:00,200.0,West Elm Mid-Century Tripod Table Lamps,Home,Home decor,Home Decor Lamps,West Elm,3,Good,Buyer,200.0,20231001/000000000372.parquet,Home Decor,Lamp & Lighting,category_mapping_v1_1,Source fine-grained subtype reasonably matches target; spot-check mislabeled listings.,NO,,INCLUDE,
166017611,2023-10-15 13:23:17+00:00,18.05,New Tupperware measuring cups and measuring spoons,Home,Kitchen Utensils,Measuring Cups,Tupperware,1,New,Buyer,18.05,20231001/000000000241.parquet,Kitchen & Dining,Kitchen Utensils & Tools,category_mapping_v1_1,Reusable kitchen utensil/tool subtype; spot-check individual listings.,NO,,INCLUDE,
35927877,2023-10-15 15:02:21+00:00,20.0,Green curtains window,Home,Home decor,Home decor accents,,3,Good,Buyer,20.0,20231001/000000000174.parquet,Home Decor,Curtains & Window Treatments,title_rule,curtain,NO,,INCLUDE,
47437447,2023-10-15 17:56:48+00:00,25.0,Threshold Framed Print,Home,Home decor,Home decor accents,Threshold,1,New,Buyer,25.0,20231001/000000000174.parquet,Home Decor,Wall Art & Frames,title_rule,wall_art,NO,,INCLUDE,
58206823,2023-10-15 18:41:06+00:00,20.0,Jim Shore Salt in my Veins Sailor mini with pipe figurine MIB,Home,Home decor,Home decor accents,Jim Shore,1,New,Buyer,20.0,20231001/000000000329.parquet,Home Decor,Decorative Accessories,title_rule,decorative_accessory,NO,,INCLUDE,
102977005,2023-10-15 19:18:31+00:00,36.0,Bath and Body Works Candles,Home,Home decor,Home Candles,Bath & Body Works,1,New,Buyer,36.0,20231001/000000000087.parquet,Home Decor,Candles,title_rule,candle,NO,,INCLUDE,
25854688,2023-10-15 22:56:24+00:00,10.0,Essential oils,Home,Home decor,Home fragrance,Bath & Body Works,2,Like new,Seller,10.0,20231001/000000000174.parquet,Home Decor,Home Fragrance,title_rule,home_fragrance,NO,,INCLUDE,
47755054,2023-10-15 23:51:48+00:00,19.0,Martha Stewart Christmas Red Gingerbread Kitchen Towels Set Of 2-Mini Oven Mitts,Home,Seasonal decor,Christmas,Martha Stewart,1,New,Buyer,19.0,20231001/000000000174.parquet,Kitchen & Dining,Kitchen & Table Linens,title_rule,table_linens,NO,,INCLUDE,
246751697,2023-10-16 01:24:44+00:00,4.0,Anthropologie Monogram L Mug,Home,Kitchen Drinkware,Coffee Mugs,Anthropologie,3,Good,Buyer,4.0,20231001/000000000087.parquet,Kitchen & Dining,Mugs & Cups,category_mapping_v1_1,Drinkware group; include title for price distinctions.,NO,,INCLUDE,
22477445,2023-10-16 05:25:36+00:00,48.0,Serta® Soothing Cool Gel Memory Foam Pillow,Home,Bedding,Bed pillows,Serta,1,New,Buyer,48.0,20231001/000000000035.parquet,Bedding & Bath,Pillow & Bedding Accessories,category_mapping_v1_1,Bedding accessories; inspect unusual items/brands.,NO,,INCLUDE,
163410884,2023-10-16 13:31:57+00:00,18.0,6 piece taco set,Home,Kitchen Serveware,Serving Platters,,1,New,Buyer,18.0,20231001/000000000084.parquet,Kitchen & Dining,Servingware,category_mapping_v1_1,Recognizable reusable servingware subtype; individual listings can still be misclassified.,NO,,INCLUDE,
63255468,2023-10-16 16:15:50+00:00,12.0,Starbucks Oregon  coffee mug,Home,Kitchen Drinkware,Coffee Mugs,Starbucks,1,New,Buyer,12.0,20231001/000000000241.parquet,Kitchen & Dining,Mugs & Cups,category_mapping_v1_1,Drinkware group; include title for price distinctions.,NO,,INCLUDE,
86870416,2023-10-16 17:05:59+00:00,39.0,Anthro Estudio Flores Sissinghurst Castle Bowl NEW,Home,Kitchen Dinnerware,Bowls,Anthropologie,1,New,Buyer,39.0,20231001/000000000084.parquet,Kitchen & Dining,Dinnerware,category_mapping_v1_1,"Direct dinnerware subtype, but spot-check mixed sets.",NO,,INCLUDE,
161595698,2023-10-17 00:34:34+00:00,25.0,Spooky MUG PINK AND WHITE,Home,Seasonal decor,Halloween,T.J.Maxx,1,New,Buyer,25.0,20231001/000000000087.parquet,Kitchen & Dining,Mugs & Cups,title_rule,mugs,NO,,INCLUDE,
244979859,2023-10-17 00:57:52+00:00,80.0,Checkered Throw Brown - Threshold 60x80 cotton - NWT  fall Hard to find!!!,Home,Bedding,Blankets,Threshold,1,New,Buyer,80.0,20231001/000000000372.parquet,Bedding & Bath,Blankets & Comforters,category_mapping_v1_1,Bedding textile group.,NO,,INCLUDE,
183938232,2023-10-17 03:54:56+00:00,9.0,Tapestry,Home,Home decor,Tapestries,,2,Like new,Seller,9.0,20231001/000000000087.parquet,Home Decor,Wall Art & Frames,category_mapping_v1_1,Source fine-grained subtype reasonably matches target; spot-check mislabeled listings.,NO,,INCLUDE,
236720078,2023-10-17 04:10:15+00:00,26.6,Pottery barn kids pink dot toddler sheet set,Home,Bedding,Bed Sheets,Pottery Barn Kids,3,Good,Buyer,26.6,20231001/000000000014.parquet,Bedding & Bath,Sheets & Pillowcases,category_mapping_v1_1,Textiles; confirm exact set composition.,NO,,INCLUDE,
46053593,2023-10-17 04:47:51+00:00,60.0,Hello Kitty daisy blanket,Home,Bedding,Throws,Hello Kitty,1,New,Buyer,60.0,20231001/000000000084.parquet,Bedding & Bath,Blankets & Comforters,category_mapping_v1_1,Bedding textile group.,NO,,INCLUDE,
209239366,2023-10-17 15:17:08+00:00,99.99,"Keurig K-Supreme SMART Coffee Maker, Brews 6-12oz Cup Sizes, Gray",Home,Kitchen Coffee & Espresso Makers,,Keurig,3,Good,Buyer,99.99,20231001/000000000329.parquet,Appliances,Coffee & Espresso Machine,title_rule,coffee_machine,NO,,INCLUDE,
78763122,2023-10-17 15:25:37+00:00,50.0,Lot of 24 NEW GATORADE 32 oz. Contour Squeeze Squirt Water Bottle 32 oz BPA Free,Home,Kitchen Drinkware,Water Bottles,Gatorade,1,New,Buyer,50.0,20231001/000000000174.parquet,Kitchen & Dining,Bottles & Tumblers,category_mapping_v1_1,Drinkware group; brands/collectibles may strongly affect price.,NO,,INCLUDE,
104306012,2023-10-17 18:14:39+00:00,10.0,2 Ps Vegetable & Fruit Peeler Set- Stainless Steel Potato Peeler Non-Slip Handle,Home,Kitchen Utensils,Kitchen Peelers,,1,New,Seller,10.0,20231001/000000000241.parquet,Kitchen & Dining,Kitchen Utensils & Tools,category_mapping_v1_1,Reusable kitchen utensil/tool subtype; spot-check individual listings.,NO,,INCLUDE,
161162810,2023-10-17 18:41:43+00:00,46.64,Rae Dunn plaid sweets  AND treats,Home,Kitchen Storage,Kitchen Canisters,Rae Dunn,2,Like new,Buyer,46.64,20231001/000000000372.parquet,Kitchen & Dining,Food Storage,category_mapping_v1_1,Storage containers/canisters; confirm reusable physical goods.,NO,,INCLUDE,
133293782,2023-10-17 22:53:18+00:00,42.0,williams sonoma Christmas GARLAND vntg White mugs coffee cocoa cider 10oz Set-6,Home,Seasonal decor,Christmas,Williams Sonoma,3,Good,Seller,42.0,20231001/000000000014.parquet,Kitchen & Dining,Mugs & Cups,title_rule,mugs,NO,,INCLUDE,
186508051,2023-10-18 00:50:30+00:00,19.0,Farmhouse pottery Vermont mugs,Home,Kitchen Drinkware,Coffee Mugs,,3,Good,Buyer,19.0,20231001/000000000084.parquet,Kitchen & Dining,Mugs & Cups,category_mapping_v1_1,Drinkware group; include title for price distinctions.,NO,,INCLUDE,
223044730,2023-10-18 01:39:34+00:00,10.0,"Mary Engelbreit ME 2.5"" Resin Alphabet Letter ""H"" Figurine Horse 1999",Home,Home decor,Home decor accents,Mary Engelbreit,3,Good,Buyer,10.0,20231001/000000000329.parquet,Home Decor,Decorative Accessories,title_rule,decorative_accessory,NO,,INCLUDE,
163628222,2023-10-18 16:23:41+00:00,15.34,2X Starbucks Summer 2022 Orange Mango Luster Drip Glazed Ceramic Mug 12oz,Home,Kitchen Drinkware,Coffee Mugs,Starbucks,1,New,Buyer,15.34,20231001/000000000351.parquet,Kitchen & Dining,Mugs & Cups,category_mapping_v1_1,Drinkware group; include title for price distinctions.,NO,,INCLUDE,
231203149,2023-10-18 16:57:43+00:00,36.0,Bath & Body Works Caramel Drizzle 3-wick Candle,Home,Home decor,Home Candles,Bath & Body Works,1,New,Buyer,36.0,20231001/000000000084.parquet,Home Decor,Candles,title_rule,candle,NO,,INCLUDE,
53174585,2023-10-18 17:50:46+00:00,99.0,Hydro Flask Whole Foods Water Bottle 32 oz. Taproot.,Home,Kitchen Drinkware,Water Bottles,Hydro Flask,1,New,Buyer,99.0,20231001/000000000035.parquet,Kitchen & Dining,Bottles & Tumblers,category_mapping_v1_1,Drinkware group; brands/collectibles may strongly affect price.,NO,,INCLUDE,
133473839,2023-10-18 19:43:02+00:00,18.0,"Stay Wild Moon Child 'POSITIVE ENERGY' Coffee Mug Cup, new!",Home,Kitchen Drinkware,Coffee Mugs,,1,New,Buyer,18.0,20231001/000000000372.parquet,Kitchen & Dining,Mugs & Cups,category_mapping_v1_1,Drinkware group; include title for price distinctions.,NO,,INCLUDE,
193285128,2023-10-18 22:49:24+00:00,12.22,Rae Dunn Disney Snow White kitchen,Home,Kitchen Bakeware,Pie Tins,Rae Dunn,1,New,Buyer,12.22,20231001/000000000241.parquet,Kitchen & Dining,Bakeware,category_mapping_v1_1,Reusable bakeware subtype.,NO,,INCLUDE,
19335128,2023-10-19 01:37:07+00:00,18.0,Cupcakes and Cashmere Gingerbread Man Hand Towel Set,Home,Kitchen & Table Linens,Kitchen Towels,Cupcakes and Cashmere,1,New,Buyer,18.0,20231001/000000000174.parquet,Kitchen & Dining,Kitchen & Table Linens,category_mapping_v1_1,Kitchen linens; title may be seasonal-themed but item is reusable.,NO,,INCLUDE,
194879008,2023-10-19 01:48:07+00:00,6.0,Napkin Rings,Home,Kitchen & Table Linens,Kitchen Napkin Rings,,2,Like new,Buyer,6.0,20231001/000000000174.parquet,Kitchen & Dining,Kitchen Utensils & Tools,category_mapping_v1_1,Reusable kitchen tools and accessories.,NO,,INCLUDE,
33485428,2023-10-19 01:52:59+00:00,48.0,aspen winter forest christmas tree candle,Home,Seasonal decor,Christmas,Department 56,1,New,Buyer,48.0,20231001/000000000035.parquet,Home Decor,Candles,title_rule,candle,NO,,INCLUDE,
153268957,2023-10-19 03:46:53+00:00,12.0,NWT Halloween Black Cat + Jack-O-Lantern Throw Pillows,Home,Seasonal decor,Halloween,,1,New,Buyer,12.0,20231001/000000000087.parquet,Home Decor,Decorative Pillow,title_rule,decorative_pillow,NO,,INCLUDE,
78645758,2023-10-19 06:44:16+00:00,61.37,Hello Kitty grey viral plush throw blanket,Home,Bedding,Blankets,Hello Kitty,1,New,Buyer,61.37,20231001/000000000084.parquet,Bedding & Bath,Blankets & Comforters,category_mapping_v1_1,Bedding textile group.,NO,,INCLUDE,
179780716,2023-10-19 13:49:37+00:00,42.0,Stanley Adventure Quencher 40oz white glow NWT (2),Home,Kitchen Drinkware,Tumblers,Stanley,1,New,Buyer,42.0,20231001/000000000087.parquet,Kitchen & Dining,Bottles & Tumblers,category_mapping_v1_1,Drinkware group; brands/collectibles may strongly affect price.,NO,,INCLUDE,
170081906,2023-10-19 18:24:06+00:00,15.0,Bath and Body Works BLUEBERRY PUMPKIN PATCH 3 wick candle,Home,Home decor,Home Candles,Bath & Body Works,1,New,Buyer,15.0,20231001/000000000035.parquet,Home Decor,Candles,title_rule,candle,NO,,INCLUDE,
159643926,2023-10-19 18:52:40+00:00,20.0,2 Bath & Body Works Pumpkin Dulce de Leche 3-wick Candles,Home,Home decor,Home Candles,Bath & Body Works,1,New,Buyer,20.0,20231001/000000000035.parquet,Home Decor,Candles,title_rule,candle,NO,,INCLUDE,
94482204,2023-10-19 19:26:43+00:00,16.24,Rae Dunn I’ll Get You My Pretty Mug,Home,Kitchen Drinkware,Coffee Mugs,Rae Dunn,1,New,Buyer,16.24,20231001/000000000084.parquet,Kitchen & Dining,Mugs & Cups,category_mapping_v1_1,Drinkware group; include title for price distinctions.,NO,,INCLUDE,
134776829,2023-10-19 20:06:59+00:00,20.0,Mass Effect Andromeda LED Lamp Loot Crate Exclusive NEW!,Home,Home decor,Home Decor Lamps,Loot Crate,1,New,Buyer,20.0,20231001/000000000087.parquet,Home Decor,Lamp & Lighting,category_mapping_v1_1,Source fine-grained subtype reasonably matches target; spot-check mislabeled listings.,NO,,INCLUDE,
210948948,2023-10-19 21:33:02+00:00,7.0,*White Bunny Magnet Kitchen Timer!,Home,Kitchen Gadgets & Tools,Kitchen Timers,,1,New,Buyer,7.0,20231001/000000000084.parquet,Kitchen & Dining,Kitchen Utensils & Tools,category_mapping_v1_1,Reusable kitchen utensil/tool subtype; spot-check individual listings.,NO,,INCLUDE,
207525481,2023-10-19 21:51:03+00:00,65.0,Pioneer Woman Linen Dutch Oven Pumpkin 2.QT,Home,Kitchen Cookware,Dutch Ovens,Pioneer Woman,1,New,Buyer,65.0,20231001/000000000014.parquet,Kitchen & Dining,Cookware,category_mapping_v1_1,Recognizable cookware.,NO,,INCLUDE,
121924574,2023-10-19 21:58:18+00:00,28.0,Gibson Grand nobility 46 peice stoneware set,Home,Kitchen Dinnerware,Dinnerware Sets,Gibson,1,New,Seller,28.0,20231001/000000000084.parquet,Kitchen & Dining,Dinnerware,category_mapping_v1_1,"Direct dinnerware subtype, but spot-check mixed sets.",NO,,INCLUDE,
137596748,2023-10-20 01:06:51+00:00,49.0,stanley 40 oz hot PINK,Home,Kitchen Drinkware,Tumblers,Stanley,1,New,Buyer,49.0,20231001/000000000174.parquet,Kitchen & Dining,Bottles & Tumblers,category_mapping_v1_1,Drinkware group; brands/collectibles may strongly affect price.,NO,,INCLUDE,
26645052,2023-10-20 02:48:33+00:00,14.0,NWT Super Cute Gingerbread Silicone Mold 2023 only 1 available,Home,Kitchen Bakeware,,,1,New,Buyer,14.0,20231001/000000000087.parquet,Kitchen & Dining,Bakeware,title_rule,bakeware,NO,,INCLUDE,
206910952,2023-10-20 12:48:37+00:00,13.0,Bath and body works car air freshener,Home,Home decor,Home Candles,Bath & Body Works,1,New,Buyer,13.0,20231001/000000000372.parquet,Home Decor,Home Fragrance,title_rule,home_fragrance,NO,,INCLUDE,
13019036,2023-10-20 14:10:33+00:00,13.0,Target Bullseye Halloween Bat Glass Suncatcher Wall Art,Home,Seasonal decor,Halloween,Target,1,New,Buyer,13.0,20231001/000000000087.parquet,Home Decor,Wall Art & Frames,title_rule,wall_art,NO,,INCLUDE,
222450098,2023-10-20 16:14:18+00:00,59.16,PINK stanley 40 oz,Home,Kitchen Drinkware,Tumblers,Stanley,1,New,Buyer,59.16,20231001/000000000087.parquet,Kitchen & Dining,Bottles & Tumblers,category_mapping_v1_1,Drinkware group; brands/collectibles may strongly affect price.,NO,,INCLUDE,
98029594,2023-10-20 17:17:13+00:00,35.0,Master Class Gingerbread Man Cheese/Cutting Board,Home,Seasonal decor,Christmas,Master Class,1,New,Buyer,35.0,20231001/000000000087.parquet,Kitchen & Dining,Kitchen Utensils & Tools,title_rule,kitchen_tools,NO,,INCLUDE,
208626133,2023-10-20 18:02:53+00:00,700.0,"Four (4) New In Box 17"" Helix Exterior Light Bronze Sconces",Home,Home decor,Home Decor Lighting,Helix,1,New,Buyer,700.0,20231001/000000000241.parquet,Home Decor,Lamp & Lighting,category_mapping_v1_1,Source fine-grained subtype reasonably matches target; spot-check mislabeled listings.,NO,,INCLUDE,
234162114,2023-10-20 19:11:09+00:00,52.25,"Beautiful By Drew Barrymore 3 QT  Digital Air Fryer, White  Icing, Brand New!",Home,Home appliances,Kitchen appliances,,1,New,Buyer,52.25,20231001/000000000351.parquet,Appliances,Kitchen Appliance,title_rule,kitchen_appliance,NO,,INCLUDE,
172328272,2023-10-20 20:22:14+00:00,30.0,New The Grinch oversized super soft throw blanket TikTok viral,Home,Seasonal decor,Christmas,Dr. Seuss,1,New,Buyer,30.0,20231001/000000000174.parquet,Bedding & Bath,Blankets & Comforters,title_rule,blankets,NO,,INCLUDE,
244558181,2023-10-20 23:37:58+00:00,48.0,John Derian target mushroom pillow nwt,Home,Home decor,Decorative pillows,John Derian,1,New,Buyer,48.0,20231001/000000000014.parquet,Home Decor,Decorative Pillow,category_mapping_v1_1,Source fine-grained subtype reasonably matches target; spot-check mislabeled listings.,NO,,INCLUDE,
106010169,2023-10-20 23:41:37+00:00,17.0,Goldenessence Autumn Harvest Scented Plug In Air Freshener Set New,Home,Home decor,Fragrance Oils,,1,New,Buyer,17.0,20231001/000000000174.parquet,Home Decor,Home Fragrance,title_rule,home_fragrance,NO,,INCLUDE,
120237981,2023-10-21 01:27:01+00:00,75.0,Hello Kitty blanket christmas,Home,Seasonal decor,Christmas,Hello Kitty,1,New,Buyer,75.0,20231001/000000000014.parquet,Bedding & Bath,Blankets & Comforters,title_rule,blankets,NO,,INCLUDE,
162562882,2023-10-21 01:42:12+00:00,46.0,Hello Kitty Christmas Inflatable Holiday Decoration,Home,Seasonal decor,Christmas,Hello Kitty,1,New,Buyer,46.0,20231001/000000000035.parquet,Home Decor,Seasonal Decorations,title_rule,seasonal_object,NO,,INCLUDE,
63230791,2023-10-21 02:33:50+00:00,14.99,Rae Dunn Black Noodles Bowl,Home,Kitchen Dinnerware,,Rae Dunn,1,New,Buyer,14.99,20231001/000000000372.parquet,Kitchen & Dining,Dinnerware,title_rule,dinnerware,NO,,INCLUDE,
175606436,2023-10-21 06:10:15+00:00,18.0,Red Hot Chili Peppers Tour 2023 Poster,Home,Artwork,Posters,Autograph,1,New,Buyer,18.0,20231001/000000000322.parquet,Home Decor,Wall Art & Frames,category_mapping_v1_1,Wall art/prints; collectibles may be price outliers.,NO,,INCLUDE,
53604527,2023-10-21 09:02:47+00:00,64.0,Hello Kitty Paisley Plush Throw Blanket 634577 DL,Home,Bedding,Throws,Vera Bradley,1,New,Seller,64.0,20231001/000000000087.parquet,Bedding & Bath,Blankets & Comforters,category_mapping_v1_1,Bedding textile group.,NO,,INCLUDE,
48292980,2023-10-21 17:05:20+00:00,9.0,Skeleton skull poncho air plant calavera figurine Day of the dead (male),Home,Home decor,Home decor accents,,3,Good,Buyer,9.0,20231001/000000000087.parquet,Home Decor,Decorative Accessories,title_rule,decorative_accessory,NO,,INCLUDE,
130958240,2023-10-21 18:03:43+00:00,36.0,Mummy Cookie Jar,Home,Seasonal decor,Halloween,10 Strawberry Street,1,New,Seller,36.0,20231001/000000000035.parquet,Kitchen & Dining,Food Storage,title_rule,food_storage,NO,,INCLUDE,
112889249,2023-10-21 19:39:34+00:00,19.0,Pink Gingerbread House Mug - Peppermint and Pine,Home,Seasonal decor,Christmas,T.J.Maxx,1,New,Buyer,19.0,20231001/000000000351.parquet,Kitchen & Dining,Mugs & Cups,title_rule,mugs,NO,,INCLUDE,
23008892,2023-10-21 21:11:08+00:00,13.54,Wicker basket bundle lot,Home,Home decor,Baskets,Unique Vintage,3,Good,Buyer,13.54,20231001/000000000087.parquet,Storage & Organization,Storage Bins & Baskets,category_mapping_v1_1,Source fine-grained subtype reasonably matches target; spot-check mislabeled listings.,NO,,INCLUDE,
158044784,2023-10-21 21:15:49+00:00,22.0,Halloween Boxer Dog Halloween Mug. NWT,Home,Kitchen Drinkware,Coffee Mugs,,1,New,Buyer,22.0,20231001/000000000322.parquet,Kitchen & Dining,Mugs & Cups,category_mapping_v1_1,Drinkware group; include title for price distinctions.,NO,,INCLUDE,
13508015,2023-10-21 21:20:19+00:00,15.0,Crate & Barrel Veggie Design Serving Dish Plate Platter,Home,Kitchen Serveware,Serving Platters,Crate & Barrel,3,Good,Buyer,15.0,20231001/000000000014.parquet,Kitchen & Dining,Servingware,category_mapping_v1_1,Recognizable reusable servingware subtype; individual listings can still be misclassified.,NO,,INCLUDE,
149789462,2023-10-21 21:31:28+00:00,12.0,Cool Clarinet - 2023 Hallmark Miniature Ornament - NIB,Home,Seasonal decor,Christmas,Hallmark,1,New,Buyer,12.0,20231001/000000000241.parquet,Home Decor,Seasonal Decorations,title_rule,seasonal_object,NO,,INCLUDE,
79632788,2023-10-22 00:10:05+00:00,100.0,Disney Mickey & Minnie Mouse with Jack-O-Lantern Statues,Home,Seasonal decor,Halloween,Disney,1,New,Buyer,100.0,20231001/000000000174.parquet,Home Decor,Decorative Accessories,title_rule,decorative_accessory,NO,,INCLUDE,
141923025,2023-10-22 00:52:05+00:00,18.0,Jonathan alder happy homes napkins,Home,Kitchen & Table Linens,Kitchen Cloth Napkins,Jonathan Adler,3,Good,Seller,18.0,20231001/000000000035.parquet,Kitchen & Dining,Kitchen & Table Linens,category_mapping_v1_1,Kitchen linens; title may be seasonal-themed but item is reusable.,NO,,INCLUDE,
244921125,2023-10-22 02:28:09+00:00,20.0,Johanna Parker Patriotic Mug Set of 3 Carnival Cottage - NWT,Home,Seasonal decor,Patriotic,johanna parker,1,New,Buyer,20.0,20231001/000000000329.parquet,Kitchen & Dining,Mugs & Cups,title_rule,mugs,NO,,INCLUDE,
6096888,2023-10-22 03:56:01+00:00,85.0,Bath and body works Parline Delight Candle,Home,Home decor,Home Candles,Bath & Body Works,1,New,Buyer,85.0,20231001/000000000322.parquet,Home Decor,Candles,title_rule,candle,NO,,INCLUDE,
120711950,2023-10-22 04:29:39+00:00,42.75,"WÜSTHOF Gourmet 6.5"" Offset Slotted Spatula,Silver/Black",Home,Kitchen Cookware,,Wusthof,1,New,Buyer,42.75,20231001/000000000241.parquet,Kitchen & Dining,Kitchen Utensils & Tools,title_rule,kitchen_tools,NO,,INCLUDE,
122682454,2023-10-22 11:36:27+00:00,25.0,Montauk 10 lb Plaid Sherpa Weighted Throw,Home,Bedding,Blankets,,2,Like new,Buyer,25.0,20231001/000000000084.parquet,Bedding & Bath,Blankets & Comforters,category_mapping_v1_1,Bedding textile group.,NO,,INCLUDE,
133525205,2023-10-22 13:01:47+00:00,10.0,A BEAUTIFUL NEW LARGE RESPECT THE BEARD COFFEE CUP,Home,Kitchen Drinkware,Coffee Mugs,Clay Art,2,Like new,Buyer,10.0,20231001/000000000241.parquet,Kitchen & Dining,Mugs & Cups,category_mapping_v1_1,Drinkware group; include title for price distinctions.,NO,,INCLUDE,
114244944,2023-10-22 16:54:05+00:00,14.0,Sagebrook Home Hugging Frogs Figurine,Home,Home decor,Home decor accents,Unique Vintage,3,Good,Buyer,14.0,20231001/000000000372.parquet,Home Decor,Decorative Accessories,title_rule,decorative_accessory,NO,,INCLUDE,
216754256,2023-10-22 17:37:40+00:00,12.0,CARS MOVIE COOKIE CUTTER SET,Home,Kitchen Baking & Cake Accessories,Cookie Cutters,,1,New,Seller,12.0,20231001/000000000084.parquet,Kitchen & Dining,Bakeware,category_mapping_v1_1,Reusable baking accessory.,NO,,INCLUDE,
112600737,2023-10-22 21:35:29+00:00,22.0,Rae Dunn  Pumpkin FALL Beads Garland,Home,Seasonal decor,Thanksgiving,Rae Dunn,1,New,Buyer,22.0,20231001/000000000084.parquet,Home Decor,Seasonal Decorations,title_rule,seasonal_object,NO,,INCLUDE,
214417412,2023-10-22 22:56:33+00:00,13.0,"Lazy Boy Pillow Covers 20"" Brand New",Home,Home decor,Decorative pillows,La-Z-Boy,2,Like new,Buyer,13.0,20231001/000000000014.parquet,Home Decor,Decorative Pillow,category_mapping_v1_1,Source fine-grained subtype reasonably matches target; spot-check mislabeled listings.,NO,,INCLUDE,
202677266,2023-10-22 23:54:49+00:00,8.0,Bath and Body Works room spray Palo Santo,Home,Home decor,Home fragrance,Bath & Body Works,2,Like new,Buyer,8.0,20231001/000000000084.parquet,Home Decor,Home Fragrance,title_rule,home_fragrance,NO,,INCLUDE,
68061139,2023-10-22 23:57:18+00:00,19.0,New Peppermint Pines Pink Gingerbread Mug,Home,Seasonal decor,Christmas,Peppermint,1,New,Buyer,19.0,20231001/000000000035.parquet,Kitchen & Dining,Mugs & Cups,title_rule,mugs,NO,,INCLUDE,
225605434,2023-10-23 00:54:06+00:00,8.0,Moon light,Home,Home decor,Home Decor Lighting,,2,Like new,Seller,8.0,20231001/000000000351.parquet,Home Decor,Lamp & Lighting,category_mapping_v1_1,Source fine-grained subtype reasonably matches target; spot-check mislabeled listings.,NO,,INCLUDE,
83016761,2023-10-23 01:11:00+00:00,34.0,Santa & Reindeer Mugs with Candy Cane Spoons,Home,Seasonal decor,Christmas,Argington,1,New,Buyer,34.0,20231001/000000000174.parquet,Kitchen & Dining,Mugs & Cups,title_rule,mugs,NO,,INCLUDE,
180228147,2023-10-23 14:04:28+00:00,35.0,"PAULA DEEN 3QT. STONEWARE CASSEROLE w/ LID, MINT CONDITION, LIGHT BLUE",Home,Kitchen Cookware,Dutch Ovens,Paula Deen,3,Good,Seller,35.0,20231001/000000000174.parquet,Kitchen & Dining,Cookware,category_mapping_v1_1,Recognizable cookware.,NO,,INCLUDE,
131461459,2023-10-23 14:57:50+00:00,54.0,Pumpkin silver pottery barn,Home,Home decor,Home decor accents,Pottery Barn,2,Like new,Buyer,54.0,20231001/000000000035.parquet,Home Decor,Decorative Accessories,title_rule,decorative_accessory,NO,,INCLUDE,
195877955,2023-10-23 15:07:50+00:00,25.0,Pottery Barn decorative pumpkin,Home,Seasonal decor,Halloween,Pottery Barn,2,Like new,Buyer,25.0,20231001/000000000035.parquet,Home Decor,Decorative Accessories,title_rule,decorative_accessory,NO,,INCLUDE,
162875565,2023-10-23 15:13:52+00:00,15.67,Pottery Barn mosaic gourd,Home,Home decor,Home decor accents,Pottery Barn,2,Like new,Buyer,15.67,20231001/000000000035.parquet,Home Decor,Decorative Accessories,title_rule,decorative_accessory,NO,,INCLUDE,
187788396,2023-10-23 16:26:40+00:00,22.0,Lady Gaga The Chromatica Ball 2022 Poster 16x24,Home,Artwork,Posters,,1,New,Buyer,22.0,20231001/000000000014.parquet,Home Decor,Wall Art & Frames,category_mapping_v1_1,Wall art/prints; collectibles may be price outliers.,NO,,INCLUDE,
244143501,2023-10-23 16:49:45+00:00,59.0,Ember Mug Temperature,Home,Kitchen Coffee & Espresso Makers,,EMBR,3,Good,Buyer,59.0,20231001/000000000084.parquet,Kitchen & Dining,Mugs & Cups,title_rule,mugs,NO,,INCLUDE,
16039122,2023-10-23 16:53:40+00:00,45.0,Cupcakes and Cashmere Gingerbread Pillow Set Boy and Girl Christmas Decor 2023,Home,Seasonal decor,Christmas,Cupcakes and Cashmere,1,New,Buyer,45.0,20231001/000000000084.parquet,Home Decor,Seasonal Decorations,title_rule,seasonal_object,NO,,INCLUDE,
236472948,2023-10-23 16:54:16+00:00,38.0,Christmas Gingerbread House pillows,Home,Home decor,Decorative pillows,Marshalls,1,New,Buyer,38.0,20231001/000000000084.parquet,Home Decor,Decorative Pillow,category_mapping_v1_1,Source fine-grained subtype reasonably matches target; spot-check mislabeled listings.,NO,,INCLUDE,
102984284,2023-10-23 17:10:40+00:00,14.0,Onieda Flatware,Home,Kitchen Flatware,Flatware Sets,Oneida,3,Good,Buyer,14.0,20231001/000000000014.parquet,Kitchen & Dining,Kitchen Utensils & Tools,category_mapping_v1_1,Reusable kitchen utensil/tool subtype; spot-check individual listings.,NO,,INCLUDE,
28627131,2023-10-23 18:47:34+00:00,32.0,The Grinch Oversized Christmas Throw Blanket,Home,Bedding,Throws,The Grinch,1,New,Buyer,32.0,20231001/000000000174.parquet,Bedding & Bath,Blankets & Comforters,category_mapping_v1_1,Bedding textile group.,NO,,INCLUDE,
68240598,2023-10-23 19:58:12+00:00,49.0,Set of 2 gingerbread pillows,Home,Home decor,Decorative pillows,T.J.Maxx,1,New,Buyer,49.0,20231001/000000000084.parquet,Home Decor,Decorative Pillow,category_mapping_v1_1,Source fine-grained subtype reasonably matches target; spot-check mislabeled listings.,NO,,INCLUDE,
147052029,2023-10-23 21:19:27+00:00,55.0,Marbella Princess House Set 8 piezas,Home,Kitchen Drinkware,Coffee Mugs,Princess House,1,New,Buyer,55.0,20231001/000000000174.parquet,Kitchen & Dining,Mugs & Cups,category_mapping_v1_1,Drinkware group; include title for price distinctions.,NO,,INCLUDE,
111239217,2023-10-23 21:20:03+00:00,16.9,maines best blueberry cotton candy bath and body works candle,Home,Home decor,Home Candles,Bath & Body Works,1,New,Buyer,16.9,20231001/000000000322.parquet,Home Decor,Candles,title_rule,candle,NO,,INCLUDE,
116517317,2023-10-23 23:17:37+00:00,18.0,Taylor Swift The Eras Tour July 2023 Denver Co Official Venue Poster,Home,Artwork,Posters,Autograph,1,New,Buyer,18.0,20231001/000000000322.parquet,Home Decor,Wall Art & Frames,category_mapping_v1_1,Wall art/prints; collectibles may be price outliers.,NO,,INCLUDE,
226937670,2023-10-23 23:36:43+00:00,20.0,2 Bath & Body Works Lavender Vetiver 3-wick Candles,Home,Home decor,Home Candles,Bath & Body Works,1,New,Buyer,20.0,20231001/000000000035.parquet,Home Decor,Candles,title_rule,candle,NO,,INCLUDE,
201973019,2023-10-24 00:23:05+00:00,15.0,stainless steel automatic clam shucker,Home,Kitchen Utensils,Kitchen Slicers & Mandolines,,3,Good,Buyer,15.0,20231001/000000000322.parquet,Kitchen & Dining,Kitchen Utensils & Tools,category_mapping_v1_1,Reusable kitchen utensil/tool subtype; spot-check individual listings.,NO,,INCLUDE,
217874952,2023-10-24 11:49:43+00:00,30.0,Partylite Infinity Reflections,Home,Home decor,Candle Holders,PartyLite,2,Like new,Buyer,30.0,20231001/000000000035.parquet,Home Decor,Decorative Accessories,category_mapping_v1_1,Source fine-grained subtype reasonably matches target; spot-check mislabeled listings.,NO,,INCLUDE,
4030955,2023-10-24 13:10:38+00:00,15.0,Project 62 Coiled Rope Fishtail Weave Basket with Faux Leather Accent - Gray,Home,Home decor,Baskets,Project 62,1,New,Buyer,15.0,20231001/000000000322.parquet,Storage & Organization,Storage Bins & Baskets,category_mapping_v1_1,Source fine-grained subtype reasonably matches target; spot-check mislabeled listings.,NO,,INCLUDE,
189378570,2023-10-24 14:06:46+00:00,14.0,Lamp | Home | Business | Office | Decor,Home,Home decor,Home Decor Lamps,,2,Like new,Buyer,14.0,20231001/000000000372.parquet,Home Decor,Lamp & Lighting,category_mapping_v1_1,Source fine-grained subtype reasonably matches target; spot-check mislabeled listings.,NO,,INCLUDE,
231571115,2023-10-24 15:52:14+00:00,19.0,Starbucks cups bundle,Home,Kitchen Drinkware,Coffee Mugs,Starbucks,1,New,Buyer,19.0,20231001/000000000322.parquet,Kitchen & Dining,Mugs & Cups,category_mapping_v1_1,Drinkware group; include title for price distinctions.,NO,,INCLUDE,
112587795,2023-10-24 16:13:55+00:00,52.25,Viral Tree Candle,Home,Seasonal decor,Christmas,T.J.Maxx,3,Good,Buyer,52.25,20231001/000000000329.parquet,Home Decor,Candles,title_rule,candle,NO,,INCLUDE,
201255795,2023-10-24 19:57:20+00:00,25.0,Corning Visions Set of 2,Home,Kitchen Cookware,Cookware Sets,CorningWare,3,Good,Buyer,25.0,20231001/000000000014.parquet,Kitchen & Dining,Cookware,category_mapping_v1_1,Recognizable cookware.,NO,,INCLUDE,
212350621,2023-10-24 22:07:59+00:00,67.0,Disney The Haunted Mansion Collection Victor Geist Ornament With Light and Sound,Home,Seasonal decor,Christmas,Hallmark,1,New,Buyer,67.0,20231001/000000000087.parquet,Home Decor,Seasonal Decorations,title_rule,seasonal_object,NO,,INCLUDE,
100296179,2023-10-25 22:16:48+00:00,85.74,simple modern ghost trek,Home,Kitchen Drinkware,Tumblers,,1,New,Buyer,85.74,20231001/000000000351.parquet,Kitchen & Dining,Bottles & Tumblers,category_mapping_v1_1,Drinkware group; brands/collectibles may strongly affect price.,NO,,INCLUDE,
71236668,2023-10-25 23:58:51+00:00,10.0,Rae Dunn PUMPKIN,Home,Kitchen Drinkware,Tumblers,Rae Dunn,1,New,Buyer,10.0,20231001/000000000174.parquet,Kitchen & Dining,Bottles & Tumblers,category_mapping_v1_1,Drinkware group; brands/collectibles may strongly affect price.,NO,,INCLUDE,
26011053,2023-10-26 02:19:06+00:00,22.0,Mummy Halloween ornament,Home,Seasonal decor,Halloween,,2,Like new,Buyer,22.0,20231001/000000000087.parquet,Home Decor,Seasonal Decorations,title_rule,seasonal_object,NO,,INCLUDE,
139760625,2023-10-26 02:36:24+00:00,12.0,222 FIFTH Enchanted Woods Owl Bowls (set of 4),Home,Kitchen Dinnerware,Bowls,222 Fifth,3,Good,Buyer,12.0,20231001/000000000084.parquet,Kitchen & Dining,Dinnerware,category_mapping_v1_1,"Direct dinnerware subtype, but spot-check mixed sets.",NO,,INCLUDE,
33234398,2023-10-26 06:17:53+00:00,18.0,Decorative Door Knobs Tin Wrap Wall Art Set of 3,Home,Home decor,Home decor accents,,3,Good,Buyer,18.0,20231001/000000000322.parquet,Home Decor,Wall Art & Frames,title_rule,wall_art,NO,,INCLUDE,
243824684,2023-10-26 13:43:22+00:00,36.1,Matilda Jane roll up blanket,Home,Bedding,Blankets,Matilda Jane,3,Good,Buyer,36.1,20231001/000000000084.parquet,Bedding & Bath,Blankets & Comforters,category_mapping_v1_1,Bedding textile group.,NO,,INCLUDE,
140443777,2023-10-26 13:55:34+00:00,14.25,Pilgrims Harvest American Atelier Dinner Plate Turkey Cornucopia Thanksgiving,Home,Kitchen Dinnerware,,American Atelier,3,Good,Buyer,14.25,20231001/000000000322.parquet,Kitchen & Dining,Dinnerware,title_rule,dinnerware,NO,,INCLUDE,
222340366,2023-10-26 15:15:01+00:00,75.0,GamerSupps - Waifu Cup S3.4: Nya,Home,Kitchen Drinkware,Tumblers,,1,New,Buyer,75.0,20231001/000000000329.parquet,Kitchen & Dining,Bottles & Tumblers,category_mapping_v1_1,Drinkware group; brands/collectibles may strongly affect price.,NO,,INCLUDE,
103055384,2023-10-26 16:09:49+00:00,13.0,Wax Melts Lot of 8,Home,Home decor,Wax Melts,SCENTSATIONAL,1,New,Buyer,13.0,20231001/000000000087.parquet,Home Decor,Home Fragrance,title_rule,home_fragrance,NO,,INCLUDE,
206713873,2023-10-26 17:03:06+00:00,9.02,Opalhouse Catitude Cat Mug NWT,Home,Kitchen Drinkware,Coffee Mugs,Opalhouse,1,New,Buyer,9.02,20231001/000000000329.parquet,Kitchen & Dining,Mugs & Cups,category_mapping_v1_1,Drinkware group; include title for price distinctions.,NO,,INCLUDE,
234245016,2023-10-26 20:42:41+00:00,15.0,Mexican Embroidery Apron / mandil Mexicano,Home,Kitchen & Table Linens,Kitchen Aprons,Handmade,1,New,Seller,15.0,20231001/000000000014.parquet,Kitchen & Dining,Kitchen Utensils & Tools,category_mapping_v1_1,Reusable kitchen tools and accessories.,NO,,INCLUDE,
72481494,2023-10-26 22:16:51+00:00,20.0,Blue’s Clues Plush Blanket,Home,Bedding,Throws,Nick Jr.,2,Like new,Buyer,20.0,20231001/000000000241.parquet,Bedding & Bath,Blankets & Comforters,category_mapping_v1_1,Bedding textile group.,NO,,INCLUDE,
148144549,2023-10-26 23:53:33+00:00,33.25,Betsey Johnson Queen Sheet  set- bow pink Christmas tree snowflake,Home,Bedding,Bed Sheets,Betsey Johnson,1,New,Buyer,33.25,20231001/000000000329.parquet,Bedding & Bath,Sheets & Pillowcases,category_mapping_v1_1,Textiles; confirm exact set composition.,NO,,INCLUDE,
138231353,2023-10-27 00:04:17+00:00,35.15,grinch tumbler (Stanley style),Home,Kitchen Drinkware,Tumblers,The Grinch,1,New,Buyer,35.15,20231001/000000000241.parquet,Kitchen & Dining,Bottles & Tumblers,category_mapping_v1_1,Drinkware group; brands/collectibles may strongly affect price.,NO,,INCLUDE,
82871561,2023-10-27 02:57:30+00:00,85.0,"14"" x 18"" Evergreen Oval Framed Wall Art - Threshold™ designed with Studio McGee",Home,Home decor,Home decor accents,Threshold,1,New,Buyer,85.0,20231001/000000000084.parquet,Home Decor,Wall Art & Frames,title_rule,wall_art,NO,,INCLUDE,
34397790,2023-10-27 15:11:01+00:00,18.0,Firesong by MIKASA Set Creamer & Sugar Bowl & Lid,Home,Kitchen Drinkware,Coffee Mugs,Mikasa,3,Good,Buyer,18.0,20231001/000000000035.parquet,Kitchen & Dining,Mugs & Cups,category_mapping_v1_1,Drinkware group; include title for price distinctions.,NO,,INCLUDE,
206811102,2023-10-27 18:37:44+00:00,18.0,Victoria’s Secret Pink Marshmallow knit blanket 50/60” NWT,Home,Bedding,Blankets,PINK,1,New,Buyer,18.0,20231001/000000000329.parquet,Bedding & Bath,Blankets & Comforters,category_mapping_v1_1,Bedding textile group.,NO,,INCLUDE,
71289780,2023-10-27 20:24:17+00:00,40.0,Hello Kitty Plush Throw Pink Flower - Tiktok Viral,Home,Bedding,Throws,Hello Kitty,1,New,Buyer,40.0,20231001/000000000087.parquet,Bedding & Bath,Blankets & Comforters,category_mapping_v1_1,Bedding textile group.,NO,,INCLUDE,
46519887,2023-10-27 21:20:33+00:00,35.0,Rae Dunn blanket,Home,Bedding,Throws,Rae Dunn,1,New,Buyer,35.0,20231001/000000000329.parquet,Bedding & Bath,Blankets & Comforters,category_mapping_v1_1,Bedding textile group.,NO,,INCLUDE,
48902591,2023-10-27 21:44:55+00:00,10.0,Guns N' Roses Rock Band Christmas Tree Ornament,Home,Seasonal decor,Christmas,,1,New,Buyer,10.0,20231001/000000000174.parquet,Home Decor,Seasonal Decorations,title_rule,seasonal_object,NO,,INCLUDE,
124475833,2023-10-28 00:17:46+00:00,20.0,Set of 2 halloween hand bowl for candy or dips,Home,Kitchen Dinnerware,,,1,New,Buyer,20.0,20231001/000000000035.parquet,Kitchen & Dining,Dinnerware,title_rule,dinnerware,NO,,INCLUDE,
149284505,2023-10-28 03:37:54+00:00,24.0,Set of 2 Dip Bowls by Mudpie Dip 1 and 2 Dips the Thing Stacked Cups,Home,Kitchen Serveware,Serving Bowls,,3,Good,Buyer,24.0,20231001/000000000035.parquet,Kitchen & Dining,Servingware,category_mapping_v1_1,Recognizable reusable servingware subtype; individual listings can still be misclassified.,NO,,INCLUDE,
93072276,2023-10-28 13:57:14+00:00,45.0,Rae Dunn Christmas ornaments set of 2,Home,Seasonal decor,Christmas,Rae Dunn,1,New,Buyer,45.0,20231001/000000000084.parquet,Home Decor,Seasonal Decorations,title_rule,seasonal_object,NO,,INCLUDE,
4702970,2023-10-28 16:17:45+00:00,35.0,NEW! TUPPERWARE ILUMINA TREASURES OF THE SEA BOWLS (3) 200 ML,Home,Kitchen Storage,Food Storage Containers,Tupperware,1,New,Buyer,35.0,20231001/000000000014.parquet,Kitchen & Dining,Food Storage,category_mapping_v1_1,Storage containers/canisters; confirm reusable physical goods.,NO,,INCLUDE,
75501419,2023-10-28 16:32:13+00:00,55.0,glossier holiday tumbler,Home,Kitchen Drinkware,Water Bottles,Glossier,1,New,Buyer,55.0,20231001/000000000035.parquet,Kitchen & Dining,Bottles & Tumblers,category_mapping_v1_1,Drinkware group; brands/collectibles may strongly affect price.,NO,,INCLUDE,
153298504,2023-10-28 21:03:05+00:00,25.0,Tupperware Eco Flamingo Water Bottle,Home,Kitchen Drinkware,Water Bottles,Tupperware,1,New,Buyer,25.0,20231001/000000000014.parquet,Kitchen & Dining,Bottles & Tumblers,category_mapping_v1_1,Drinkware group; brands/collectibles may strongly affect price.,NO,,INCLUDE,
235892829,2023-10-28 23:29:39+00:00,33.0,Starbucks 16oz Stainless Steel Logo Tumbler LOT,Home,Kitchen Drinkware,Tumblers,Starbucks,3,Good,Seller,33.0,20231001/000000000322.parquet,Kitchen & Dining,Bottles & Tumblers,category_mapping_v1_1,Drinkware group; brands/collectibles may strongly affect price.,NO,,INCLUDE,
95899742,2023-10-28 23:30:45+00:00,14.0,Starbucks Mermaid Tail Stainless Steel Tumbler Travel Mug Cup Lid 16 oz,Home,Kitchen Drinkware,Tumblers,Starbucks,3,Good,Buyer,14.0,20231001/000000000322.parquet,Kitchen & Dining,Bottles & Tumblers,category_mapping_v1_1,Drinkware group; brands/collectibles may strongly affect price.,NO,,INCLUDE,
32655512,2023-10-29 11:38:57+00:00,22.0,Hello Kitty halloween wall decor,Home,Seasonal decor,Halloween,Hello Kitty,1,New,Buyer,22.0,20231001/000000000322.parquet,Home Decor,Wall Art & Frames,title_rule,wall_art,NO,,INCLUDE,
100351747,2023-10-29 14:15:17+00:00,28.0,Brand New White and Pink Stanley 20 oz.,Home,Kitchen Drinkware,Tumblers,Stanley,2,Like new,Buyer,28.0,20231001/000000000372.parquet,Kitchen & Dining,Bottles & Tumblers,category_mapping_v1_1,Drinkware group; brands/collectibles may strongly affect price.,NO,,INCLUDE,
242148003,2023-10-29 15:28:14+00:00,24.0,14 ounce capacity Colordo/Denver You Are Here ceramic mug,Home,Kitchen Drinkware,Coffee Mugs,Starbucks,3,Good,Buyer,24.0,20231001/000000000087.parquet,Kitchen & Dining,Mugs & Cups,category_mapping_v1_1,Drinkware group; include title for price distinctions.,NO,,INCLUDE,
4336563,2023-10-29 15:38:11+00:00,48.0,Issac Mizahari Gingerbread Man Knitted Stockings Set of 2,Home,Seasonal decor,Christmas,T.J.Maxx,1,New,Buyer,48.0,20231001/000000000087.parquet,Home Decor,Seasonal Decorations,title_rule,seasonal_object,NO,,INCLUDE,
78026792,2023-10-29 16:00:01+00:00,50.29,Disney Winnie the Pooh & Tigger light up pumpkins jack o lantern Halloween decor,Home,Seasonal decor,Halloween,Disney,3,Good,Buyer,50.29,20231001/000000000084.parquet,Home Decor,Seasonal Decorations,title_rule,seasonal_object,NO,,INCLUDE,
87191150,2023-10-29 16:40:40+00:00,38.0,Hamilton beach easy reach toaster/pizza oven/airfryer,Home,Home appliances,Kitchen appliances,Hamilton Beach,3,Good,Buyer,38.0,20231001/000000000174.parquet,Appliances,Kitchen Appliance,title_rule,kitchen_appliance,NO,,INCLUDE,
241847614,2023-10-29 17:09:48+00:00,17.0,Partylite Glass Ghost Halloween Ornament,Home,Seasonal decor,Halloween,PartyLite,3,Good,Buyer,17.0,20231001/000000000035.parquet,Home Decor,Seasonal Decorations,title_rule,seasonal_object,NO,,INCLUDE,
173866079,2023-10-29 19:25:17+00:00,8.57,Cranberry Orange candle,Home,Home decor,Home Candles,,3,Good,Buyer,8.57,20231001/000000000035.parquet,Home Decor,Candles,title_rule,candle,NO,,INCLUDE,
224113517,2023-10-29 19:50:12+00:00,60.0,GINGERBREAD STOCKINGS,Home,Seasonal decor,Christmas,Isaac Mizrahi,1,New,Buyer,60.0,20231001/000000000087.parquet,Home Decor,Seasonal Decorations,title_rule,seasonal_object,NO,,INCLUDE,
111552359,2023-10-29 23:09:07+00:00,8.12,Raising Canes Post Malone Cup,Home,Kitchen Drinkware,Tumblers,,2,Like new,Buyer,8.12,20231001/000000000241.parquet,Kitchen & Dining,Bottles & Tumblers,category_mapping_v1_1,Drinkware group; brands/collectibles may strongly affect price.,NO,,INCLUDE,
82839670,2023-10-30 00:35:16+00:00,118.0,"Disney Parks 2023 100 Years Eras Walt Disney Studios Mickey Water Tower Lamp 18""",Home,Furniture,,Disney,1,New,Buyer,118.0,20231001/000000000087.parquet,Home Decor,Lamp & Lighting,title_rule,lamp,NO,,INCLUDE,
8611109,2023-10-30 00:39:53+00:00,24.0,Lush Decor Rowley Birds Room Darkening Curtain Panels MSRP:$260 4- Panels,Home,Home decor,Window treatments,,1,New,Buyer,24.0,20231001/000000000035.parquet,Home Decor,Curtains & Window Treatments,category_mapping_v1_1,Source fine-grained subtype reasonably matches target; spot-check mislabeled listings.,NO,,INCLUDE,
154307105,2023-10-30 01:51:21+00:00,128.25,iCook 4-Peice stainless steel Saucepan Set,Home,Kitchen Cookware,Saucepans,Amway,1,New,Buyer,128.25,20231001/000000000372.parquet,Kitchen & Dining,Cookware,category_mapping_v1_1,Recognizable cookware.,NO,,INCLUDE,
118264556,2023-10-30 03:37:45+00:00,66.87,Dr. Seuss The Grinch Christmas Blanket Bundle,Home,Seasonal decor,Christmas,Dr. Seuss,1,New,Buyer,66.87,20231001/000000000329.parquet,Bedding & Bath,Blankets & Comforters,title_rule,blankets,NO,,INCLUDE,
40883769,2023-10-30 14:05:56+00:00,20.0,Sanrio Licensed Kuromi Doodle Tumbler Set with surprised gift,Home,Kitchen Drinkware,Tumblers,Sanrio,1,New,Buyer,20.0,20231001/000000000035.parquet,Kitchen & Dining,Bottles & Tumblers,category_mapping_v1_1,Drinkware group; brands/collectibles may strongly affect price.,NO,,INCLUDE,
227392585,2023-10-30 14:37:12+00:00,50.0,Aldi huntington home snow globe candle,Home,Seasonal decor,Christmas,,1,New,Buyer,50.0,20231001/000000000087.parquet,Home Decor,Candles,title_rule,candle,NO,,INCLUDE,
247223083,2023-10-30 16:25:51+00:00,20.0,JC Penney “Astrofill” brown floral comforter/bedspread - full size.,Home,Bedding,Comforters,JCPenney,3,Good,Buyer,20.0,20231001/000000000322.parquet,Bedding & Bath,Blankets & Comforters,category_mapping_v1_1,Bedding textile group.,NO,,INCLUDE,
13600757,2023-10-30 16:27:21+00:00,57.0,Stanley 30oz Camellia Pink Quencher Tumbler NEW,Home,Kitchen Drinkware,Tumblers,Stanley,1,New,Buyer,57.0,20231001/000000000084.parquet,Kitchen & Dining,Bottles & Tumblers,category_mapping_v1_1,Drinkware group; brands/collectibles may strongly affect price.,NO,,INCLUDE,
169008248,2023-10-30 20:46:40+00:00,25.0,Starbucks studded wine color tumbler,Home,Kitchen Drinkware,Tumblers,Starbucks,1,New,Buyer,25.0,20231001/000000000014.parquet,Kitchen & Dining,Bottles & Tumblers,category_mapping_v1_1,Drinkware group; brands/collectibles may strongly affect price.,NO,,INCLUDE,
